ISO-10303-21;
HEADER;
/* Generated by software containing ST-Developer
 * from STEP Tools, Inc. (www.steptools.com) 
 */

FILE_DESCRIPTION(
/* description */ ('STEP AP203'),
/* implementation_level */ '2;1');

FILE_NAME(
/* name */ 'connector_pobarvan.stp',
/* time_stamp */ '2025-12-15T18:07:34+01:00',
/* author */ ('student'),
/* organization */ ('TraceParts S.A.'),
/* preprocessor_version */ 'ST-DEVELOPER v20.1',
/* originating_system */ 'Autodesk Inventor 2026',
/* authorisation */ ' ');

FILE_SCHEMA (('AUTOMOTIVE_DESIGN { 1 0 10303 214 3 1 1 }'));
ENDSEC;

DATA;
#10=MECHANICAL_DESIGN_GEOMETRIC_PRESENTATION_REPRESENTATION('',(#8688,#8689,
#8690,#8691,#8692,#8693,#8694,#8695,#8696,#8697,#8698,#8699,#8700,#8701,
#8702,#8703,#8704,#8705,#8706,#8707,#8708,#8709,#8710,#8711,#8712,#8713,
#8714,#8715,#8716,#8717,#8718,#8719,#8720,#8721,#8722,#8723,#8724,#8725,
#8726,#8727,#8728,#8729,#8730,#8731,#8732,#8733,#8734,#8735,#8736,#8737,
#8738,#8739,#8740,#8741,#8742,#8743,#8744,#8745,#8746,#8747,#8748,#8749,
#8750,#8751,#8752,#8753,#8754,#8755,#8756,#8757,#8758,#8759,#8760,#8761,
#8762,#8763,#8764,#8765,#8766,#8767,#8768,#8769,#8770,#8771,#8772,#8773,
#8774,#8775,#8776,#8777,#8778,#8779,#8780,#8781,#8782,#8783,#8784,#8785,
#8786,#8787,#8788,#8789,#8790,#8791,#8792,#8793,#8794,#8795,#8796,#8797,
#8798,#8799,#8800,#8801,#8802,#8803,#8804,#8805,#8806,#8807,#8808,#8809,
#8810,#8811,#8812,#8813,#8814,#8815,#8816,#8817,#8818,#8819,#8820,#8821,
#8822,#8823,#8824,#8825,#8826,#8827,#8828,#8829,#8830,#8831,#8832,#8833,
#8834,#8835,#8836,#8837,#8838,#8839,#8840,#8841,#8842,#8843,#8844,#8845,
#8846,#8847,#8848,#8849,#8850,#8851,#8852,#8853,#8854,#8855,#8856,#8857,
#8858,#8859,#8860,#8861,#8862,#8863,#8864,#8865,#8866,#8867,#8868,#8869,
#8870,#8871,#8872,#8873,#8874,#8875,#8876,#8877,#8878,#8879,#8880,#8881,
#8882,#8883,#8884,#8885,#8886,#8887,#8888,#8889,#8890,#8891,#8892,#8893,
#8894,#8895,#8896,#8897,#8898,#8899,#8900,#8901,#8902,#8903,#8904,#8905,
#8906,#8907,#8908,#8909,#8910,#8911,#8912,#8913,#8914,#8915,#8916,#8917,
#8918,#8919,#8920,#8921,#8922,#8923,#8924,#8925,#8926,#8927,#8928,#8929,
#8930,#8931,#8932,#8933,#8934,#8935,#8936,#8937,#8938,#8939,#8940,#8941,
#8942,#8943,#8944,#8945,#8946,#8947,#8948,#8949,#8950,#8951,#8952,#8953,
#8954,#8955,#8956),#16303);
#11=SHAPE_REPRESENTATION_RELATIONSHIP('SRR','None',#16310,#12);
#12=ADVANCED_BREP_SHAPE_REPRESENTATION('',(#21,#22,#23),#16302);
#13=B_SPLINE_CURVE_WITH_KNOTS('',3,(#15901,#15902,#15903,#15904,#15905,
#15906,#15907,#15908,#15909,#15910),.UNSPECIFIED.,.F.,.F.,(4,2,2,2,4),(0.181711236704377,
0.19720694614035,0.212338118383828,0.227194727103343,0.241875720712509),
 .UNSPECIFIED.);
#14=B_SPLINE_CURVE_WITH_KNOTS('',3,(#15913,#15914,#15915,#15916,#15917,
#15918,#15919,#15920,#15921,#15922),.UNSPECIFIED.,.F.,.F.,(4,2,2,2,4),(0.,
0.0146809936091663,0.0295376023286814,0.0446687745721592,0.0601644840081317),
 .UNSPECIFIED.);
#15=B_SPLINE_CURVE_WITH_KNOTS('',3,(#15992,#15993,#15994,#15995,#15996,
#15997,#15998,#15999,#16000,#16001),.UNSPECIFIED.,.F.,.F.,(4,2,2,2,4),(0.,
0.0146809936091663,0.0295376023286814,0.0446687745721592,0.0601644840081317),
 .UNSPECIFIED.);
#16=B_SPLINE_CURVE_WITH_KNOTS('',3,(#16002,#16003,#16004,#16005,#16006,
#16007,#16008,#16009,#16010,#16011),.UNSPECIFIED.,.F.,.F.,(4,2,2,2,4),(0.181711236704377,
0.19720694614035,0.212338118383827,0.227194727103343,0.241875720712509),
 .UNSPECIFIED.);
#17=B_SPLINE_CURVE_WITH_KNOTS('',3,(#16122,#16123,#16124,#16125,#16126,
#16127,#16128,#16129,#16130,#16131),.UNSPECIFIED.,.F.,.F.,(4,2,2,2,4),(0.181711236704377,
0.19720694614035,0.212338118383828,0.227194727103343,0.241875720712509),
 .UNSPECIFIED.);
#18=B_SPLINE_CURVE_WITH_KNOTS('',3,(#16134,#16135,#16136,#16137,#16138,
#16139,#16140,#16141,#16142,#16143),.UNSPECIFIED.,.F.,.F.,(4,2,2,2,4),(0.,
0.0146809936091664,0.0295376023286814,0.0446687745721592,0.0601644840081317),
 .UNSPECIFIED.);
#19=B_SPLINE_CURVE_WITH_KNOTS('',3,(#16213,#16214,#16215,#16216,#16217,
#16218,#16219,#16220,#16221,#16222),.UNSPECIFIED.,.F.,.F.,(4,2,2,2,4),(0.,
0.0146809936091664,0.0295376023286814,0.0446687745721592,0.0601644840081317),
 .UNSPECIFIED.);
#20=B_SPLINE_CURVE_WITH_KNOTS('',3,(#16223,#16224,#16225,#16226,#16227,
#16228,#16229,#16230,#16231,#16232),.UNSPECIFIED.,.F.,.F.,(4,2,2,2,4),(0.181711236704377,
0.19720694614035,0.212338118383828,0.227194727103343,0.241875720712509),
 .UNSPECIFIED.);
#21=MANIFOLD_SOLID_BREP('Solid1',#9223);
#22=MANIFOLD_SOLID_BREP('Solid2',#9224);
#23=MANIFOLD_SOLID_BREP('Solid3',#9225);
#24=ELLIPSE('',#9394,0.160042131169498,0.0174105899432749);
#25=ELLIPSE('',#9416,0.112966022691042,0.0201155922753217);
#26=ELLIPSE('',#9432,0.160192129626453,0.0412372467060247);
#27=ELLIPSE('',#9450,0.0852795524953453,0.0279305333491407);
#28=ELLIPSE('',#9451,0.108429117136298,0.0344548870458917);
#29=ELLIPSE('',#9477,0.112966022760577,0.0201155922920451);
#30=ELLIPSE('',#9493,0.160192129419167,0.0412372465964371);
#31=ELLIPSE('',#9511,0.0852795525261283,0.0279305333697248);
#32=ELLIPSE('',#9512,0.108429117131462,0.0344548870427038);
#33=ELLIPSE('',#9575,0.121536075461886,0.0569662203722855);
#34=ELLIPSE('',#9581,0.0575076742532002,0.0113168190271453);
#35=ELLIPSE('',#9640,0.0603837598515501,0.03265147484674);
#36=ELLIPSE('',#9641,0.101649855488477,0.058045767458751);
#37=ELLIPSE('',#9715,0.0736783795730942,0.0111575963424559);
#38=ELLIPSE('',#10076,0.075931735681996,0.0116638885050757);
#39=ELLIPSE('',#10125,0.116258788647314,0.0131244385134356);
#40=ELLIPSE('',#10216,0.108243247697638,0.0333173268407244);
#41=ELLIPSE('',#10242,0.0648853015544462,0.0212166273624083);
#42=FACE_BOUND('',#1846,.T.);
#43=FACE_BOUND('',#1847,.T.);
#44=FACE_BOUND('',#1848,.T.);
#45=FACE_BOUND('',#1849,.T.);
#46=FACE_BOUND('',#1850,.T.);
#47=FACE_BOUND('',#1851,.T.);
#48=FACE_BOUND('',#1852,.T.);
#49=FACE_BOUND('',#1853,.T.);
#50=FACE_BOUND('',#1854,.T.);
#51=FACE_BOUND('',#1855,.T.);
#52=FACE_BOUND('',#1856,.T.);
#53=FACE_BOUND('',#1857,.T.);
#54=FACE_BOUND('',#1858,.T.);
#55=FACE_BOUND('',#1859,.T.);
#56=FACE_BOUND('',#1860,.T.);
#57=FACE_BOUND('',#1861,.T.);
#58=FACE_BOUND('',#1866,.T.);
#59=FACE_BOUND('',#1867,.T.);
#60=FACE_BOUND('',#1889,.T.);
#61=FACE_BOUND('',#1890,.T.);
#62=FACE_BOUND('',#1901,.T.);
#63=FACE_BOUND('',#1903,.T.);
#64=FACE_BOUND('',#1905,.T.);
#65=FACE_BOUND('',#1907,.T.);
#66=FACE_BOUND('',#1960,.T.);
#67=FACE_BOUND('',#1964,.T.);
#68=FACE_BOUND('',#2006,.T.);
#69=FACE_BOUND('',#2007,.T.);
#70=FACE_BOUND('',#2012,.T.);
#71=FACE_BOUND('',#2018,.T.);
#72=FACE_BOUND('',#2021,.T.);
#73=FACE_BOUND('',#2022,.T.);
#74=FACE_BOUND('',#2027,.T.);
#75=FACE_BOUND('',#2036,.T.);
#76=FACE_BOUND('',#2039,.T.);
#77=FACE_BOUND('',#2046,.T.);
#78=FACE_BOUND('',#2048,.T.);
#79=FACE_BOUND('',#2052,.T.);
#80=FACE_BOUND('',#2076,.T.);
#81=FACE_BOUND('',#2079,.T.);
#82=FACE_BOUND('',#2086,.T.);
#83=FACE_BOUND('',#2088,.T.);
#84=FACE_BOUND('',#2092,.T.);
#85=PLANE('',#9373);
#86=PLANE('',#9916);
#87=PLANE('',#9917);
#88=PLANE('',#9918);
#89=PLANE('',#9919);
#90=PLANE('',#9920);
#91=PLANE('',#9921);
#92=PLANE('',#9922);
#93=PLANE('',#9923);
#94=PLANE('',#9924);
#95=PLANE('',#9925);
#96=PLANE('',#9926);
#97=PLANE('',#9927);
#98=PLANE('',#9928);
#99=PLANE('',#9929);
#100=PLANE('',#9931);
#101=PLANE('',#9933);
#102=PLANE('',#9934);
#103=PLANE('',#9936);
#104=PLANE('',#9938);
#105=PLANE('',#9940);
#106=PLANE('',#9943);
#107=PLANE('',#9946);
#108=PLANE('',#9947);
#109=PLANE('',#9949);
#110=PLANE('',#9950);
#111=PLANE('',#9955);
#112=PLANE('',#9956);
#113=PLANE('',#9957);
#114=PLANE('',#9958);
#115=PLANE('',#9959);
#116=PLANE('',#9960);
#117=PLANE('',#9961);
#118=PLANE('',#9962);
#119=PLANE('',#9963);
#120=PLANE('',#9964);
#121=PLANE('',#9965);
#122=PLANE('',#9966);
#123=PLANE('',#9967);
#124=PLANE('',#9968);
#125=PLANE('',#9969);
#126=PLANE('',#9970);
#127=PLANE('',#9971);
#128=PLANE('',#9972);
#129=PLANE('',#9973);
#130=PLANE('',#9974);
#131=PLANE('',#9975);
#132=PLANE('',#9976);
#133=PLANE('',#9977);
#134=PLANE('',#9978);
#135=PLANE('',#9979);
#136=PLANE('',#9980);
#137=PLANE('',#9981);
#138=PLANE('',#9982);
#139=PLANE('',#9983);
#140=PLANE('',#9984);
#141=PLANE('',#9985);
#142=PLANE('',#9986);
#143=PLANE('',#9987);
#144=PLANE('',#9988);
#145=PLANE('',#9989);
#146=PLANE('',#9990);
#147=PLANE('',#9991);
#148=PLANE('',#9992);
#149=PLANE('',#9993);
#150=PLANE('',#9994);
#151=PLANE('',#9995);
#152=PLANE('',#9996);
#153=PLANE('',#9997);
#154=PLANE('',#9998);
#155=PLANE('',#9999);
#156=PLANE('',#10000);
#157=PLANE('',#10001);
#158=PLANE('',#10002);
#159=PLANE('',#10003);
#160=PLANE('',#10004);
#161=PLANE('',#10005);
#162=PLANE('',#10006);
#163=PLANE('',#10007);
#164=PLANE('',#10008);
#165=PLANE('',#10009);
#166=PLANE('',#10010);
#167=PLANE('',#10011);
#168=PLANE('',#10012);
#169=PLANE('',#10013);
#170=PLANE('',#10014);
#171=PLANE('',#10015);
#172=PLANE('',#10016);
#173=PLANE('',#10017);
#174=PLANE('',#10018);
#175=PLANE('',#10019);
#176=PLANE('',#10020);
#177=PLANE('',#10021);
#178=PLANE('',#10022);
#179=PLANE('',#10023);
#180=PLANE('',#10024);
#181=PLANE('',#10025);
#182=PLANE('',#10026);
#183=PLANE('',#10027);
#184=PLANE('',#10028);
#185=PLANE('',#10029);
#186=PLANE('',#10030);
#187=PLANE('',#10031);
#188=PLANE('',#10032);
#189=PLANE('',#10033);
#190=PLANE('',#10034);
#191=PLANE('',#10035);
#192=PLANE('',#10036);
#193=PLANE('',#10037);
#194=PLANE('',#10038);
#195=PLANE('',#10039);
#196=PLANE('',#10040);
#197=PLANE('',#10041);
#198=PLANE('',#10042);
#199=PLANE('',#10043);
#200=PLANE('',#10044);
#201=PLANE('',#10045);
#202=PLANE('',#10046);
#203=PLANE('',#10047);
#204=PLANE('',#10048);
#205=PLANE('',#10049);
#206=PLANE('',#10050);
#207=PLANE('',#10051);
#208=PLANE('',#10052);
#209=PLANE('',#10053);
#210=PLANE('',#10054);
#211=PLANE('',#10055);
#212=PLANE('',#10056);
#213=PLANE('',#10057);
#214=PLANE('',#10098);
#215=PLANE('',#10099);
#216=PLANE('',#10100);
#217=PLANE('',#10101);
#218=PLANE('',#10142);
#219=PLANE('',#10143);
#220=PLANE('',#10144);
#221=PLANE('',#10145);
#222=PLANE('',#10146);
#223=PLANE('',#10188);
#224=PLANE('',#10189);
#225=PLANE('',#10270);
#226=PLANE('',#10271);
#227=PLANE('',#10272);
#228=PLANE('',#10273);
#229=PLANE('',#10276);
#230=PLANE('',#10277);
#231=PLANE('',#10278);
#232=PLANE('',#10289);
#233=PLANE('',#10293);
#234=PLANE('',#10294);
#235=PLANE('',#10295);
#236=PLANE('',#10296);
#237=PLANE('',#10297);
#238=PLANE('',#10298);
#239=PLANE('',#10299);
#240=PLANE('',#10300);
#241=PLANE('',#10301);
#242=PLANE('',#10302);
#243=PLANE('',#10303);
#244=PLANE('',#10305);
#245=PLANE('',#10306);
#246=PLANE('',#10307);
#247=PLANE('',#10308);
#248=PLANE('',#10309);
#249=PLANE('',#10310);
#250=PLANE('',#10311);
#251=PLANE('',#10312);
#252=PLANE('',#10313);
#253=PLANE('',#10314);
#254=PLANE('',#10315);
#255=PLANE('',#10316);
#256=PLANE('',#10317);
#257=PLANE('',#10318);
#258=PLANE('',#10319);
#259=PLANE('',#10320);
#260=PLANE('',#10321);
#261=PLANE('',#10322);
#262=PLANE('',#10323);
#263=PLANE('',#10334);
#264=PLANE('',#10338);
#265=PLANE('',#10339);
#266=PLANE('',#10340);
#267=PLANE('',#10341);
#268=PLANE('',#10342);
#269=PLANE('',#10343);
#270=PLANE('',#10344);
#271=PLANE('',#10345);
#272=PLANE('',#10346);
#273=PLANE('',#10347);
#274=PLANE('',#10348);
#275=PLANE('',#10350);
#276=PLANE('',#10351);
#277=PLANE('',#10352);
#278=PLANE('',#10353);
#279=PLANE('',#10354);
#280=PLANE('',#10355);
#281=PLANE('',#10356);
#282=PLANE('',#10357);
#283=PLANE('',#10358);
#284=PLANE('',#10359);
#285=PLANE('',#10360);
#286=PLANE('',#10361);
#287=PLANE('',#10362);
#288=PLANE('',#10363);
#289=PLANE('',#10364);
#290=PLANE('',#10365);
#291=PLANE('',#10366);
#292=PLANE('',#10367);
#293=PLANE('',#10368);
#294=CONICAL_SURFACE('',#9353,2.,1.48352986419516);
#295=CONICAL_SURFACE('',#9369,2.,1.48352986419516);
#296=TOROIDAL_SURFACE('',#9350,1.9,0.0499999999999961);
#297=TOROIDAL_SURFACE('',#9366,1.9,0.0499999999999961);
#298=TOROIDAL_SURFACE('',#10291,1.48,0.400000000000003);
#299=TOROIDAL_SURFACE('',#10304,1.48,0.400000000000003);
#300=TOROIDAL_SURFACE('',#10336,1.48,0.400000000000003);
#301=TOROIDAL_SURFACE('',#10349,1.48,0.400000000000003);
#302=LINE('',#13310,#919);
#303=LINE('',#13313,#920);
#304=LINE('',#13319,#921);
#305=LINE('',#13322,#922);
#306=LINE('',#13328,#923);
#307=LINE('',#13331,#924);
#308=LINE('',#13337,#925);
#309=LINE('',#13340,#926);
#310=LINE('',#13346,#927);
#311=LINE('',#13349,#928);
#312=LINE('',#13355,#929);
#313=LINE('',#13358,#930);
#314=LINE('',#13364,#931);
#315=LINE('',#13367,#932);
#316=LINE('',#13373,#933);
#317=LINE('',#13376,#934);
#318=LINE('',#13382,#935);
#319=LINE('',#13385,#936);
#320=LINE('',#13391,#937);
#321=LINE('',#13394,#938);
#322=LINE('',#13400,#939);
#323=LINE('',#13403,#940);
#324=LINE('',#13409,#941);
#325=LINE('',#13412,#942);
#326=LINE('',#13418,#943);
#327=LINE('',#13421,#944);
#328=LINE('',#13427,#945);
#329=LINE('',#13430,#946);
#330=LINE('',#13436,#947);
#331=LINE('',#13439,#948);
#332=LINE('',#13445,#949);
#333=LINE('',#13448,#950);
#334=LINE('',#13453,#951);
#335=LINE('',#13459,#952);
#336=LINE('',#13465,#953);
#337=LINE('',#13474,#954);
#338=LINE('',#13477,#955);
#339=LINE('',#13483,#956);
#340=LINE('',#13489,#957);
#341=LINE('',#13495,#958);
#342=LINE('',#13504,#959);
#343=LINE('',#13507,#960);
#344=LINE('',#13511,#961);
#345=LINE('',#13513,#962);
#346=LINE('',#13517,#963);
#347=LINE('',#13519,#964);
#348=LINE('',#13522,#965);
#349=LINE('',#13523,#966);
#350=LINE('',#13525,#967);
#351=LINE('',#13529,#968);
#352=LINE('',#13531,#969);
#353=LINE('',#13535,#970);
#354=LINE('',#13536,#971);
#355=LINE('',#13537,#972);
#356=LINE('',#13540,#973);
#357=LINE('',#13542,#974);
#358=LINE('',#13544,#975);
#359=LINE('',#13546,#976);
#360=LINE('',#13548,#977);
#361=LINE('',#13550,#978);
#362=LINE('',#13552,#979);
#363=LINE('',#13553,#980);
#364=LINE('',#13556,#981);
#365=LINE('',#13558,#982);
#366=LINE('',#13560,#983);
#367=LINE('',#13562,#984);
#368=LINE('',#13564,#985);
#369=LINE('',#13566,#986);
#370=LINE('',#13568,#987);
#371=LINE('',#13569,#988);
#372=LINE('',#13574,#989);
#373=LINE('',#13576,#990);
#374=LINE('',#13578,#991);
#375=LINE('',#13614,#992);
#376=LINE('',#13616,#993);
#377=LINE('',#13618,#994);
#378=LINE('',#13658,#995);
#379=LINE('',#13660,#996);
#380=LINE('',#13724,#997);
#381=LINE('',#13726,#998);
#382=LINE('',#13728,#999);
#383=LINE('',#13730,#1000);
#384=LINE('',#13732,#1001);
#385=LINE('',#13734,#1002);
#386=LINE('',#13796,#1003);
#387=LINE('',#13798,#1004);
#388=LINE('',#13862,#1005);
#389=LINE('',#13864,#1006);
#390=LINE('',#13866,#1007);
#391=LINE('',#13868,#1008);
#392=LINE('',#13870,#1009);
#393=LINE('',#13872,#1010);
#394=LINE('',#13932,#1011);
#395=LINE('',#13934,#1012);
#396=LINE('',#13936,#1013);
#397=LINE('',#13937,#1014);
#398=LINE('',#13940,#1015);
#399=LINE('',#13942,#1016);
#400=LINE('',#13944,#1017);
#401=LINE('',#13982,#1018);
#402=LINE('',#13984,#1019);
#403=LINE('',#13986,#1020);
#404=LINE('',#13988,#1021);
#405=LINE('',#14022,#1022);
#406=LINE('',#14090,#1023);
#407=LINE('',#14092,#1024);
#408=LINE('',#14094,#1025);
#409=LINE('',#14108,#1026);
#410=LINE('',#14148,#1027);
#411=LINE('',#14204,#1028);
#412=LINE('',#14206,#1029);
#413=LINE('',#14210,#1030);
#414=LINE('',#14255,#1031);
#415=LINE('',#14259,#1032);
#416=LINE('',#14263,#1033);
#417=LINE('',#14266,#1034);
#418=LINE('',#14267,#1035);
#419=LINE('',#14269,#1036);
#420=LINE('',#14272,#1037);
#421=LINE('',#14274,#1038);
#422=LINE('',#14278,#1039);
#423=LINE('',#14282,#1040);
#424=LINE('',#14283,#1041);
#425=LINE('',#14285,#1042);
#426=LINE('',#14286,#1043);
#427=LINE('',#14288,#1044);
#428=LINE('',#14291,#1045);
#429=LINE('',#14322,#1046);
#430=LINE('',#14384,#1047);
#431=LINE('',#14691,#1048);
#432=LINE('',#14693,#1049);
#433=LINE('',#14762,#1050);
#434=LINE('',#14763,#1051);
#435=LINE('',#14764,#1052);
#436=LINE('',#14765,#1053);
#437=LINE('',#14766,#1054);
#438=LINE('',#14767,#1055);
#439=LINE('',#14771,#1056);
#440=LINE('',#14773,#1057);
#441=LINE('',#14775,#1058);
#442=LINE('',#14776,#1059);
#443=LINE('',#14780,#1060);
#444=LINE('',#14782,#1061);
#445=LINE('',#14784,#1062);
#446=LINE('',#14785,#1063);
#447=LINE('',#14787,#1064);
#448=LINE('',#14789,#1065);
#449=LINE('',#14790,#1066);
#450=LINE('',#14791,#1067);
#451=LINE('',#14792,#1068);
#452=LINE('',#14793,#1069);
#453=LINE('',#14795,#1070);
#454=LINE('',#14796,#1071);
#455=LINE('',#14797,#1072);
#456=LINE('',#14798,#1073);
#457=LINE('',#14801,#1074);
#458=LINE('',#14802,#1075);
#459=LINE('',#14803,#1076);
#460=LINE('',#14804,#1077);
#461=LINE('',#14805,#1078);
#462=LINE('',#14807,#1079);
#463=LINE('',#14808,#1080);
#464=LINE('',#14809,#1081);
#465=LINE('',#14810,#1082);
#466=LINE('',#14811,#1083);
#467=LINE('',#14815,#1084);
#468=LINE('',#14817,#1085);
#469=LINE('',#14819,#1086);
#470=LINE('',#14821,#1087);
#471=LINE('',#14823,#1088);
#472=LINE('',#14825,#1089);
#473=LINE('',#14827,#1090);
#474=LINE('',#14828,#1091);
#475=LINE('',#14832,#1092);
#476=LINE('',#14834,#1093);
#477=LINE('',#14836,#1094);
#478=LINE('',#14838,#1095);
#479=LINE('',#14840,#1096);
#480=LINE('',#14842,#1097);
#481=LINE('',#14844,#1098);
#482=LINE('',#14845,#1099);
#483=LINE('',#14849,#1100);
#484=LINE('',#14851,#1101);
#485=LINE('',#14853,#1102);
#486=LINE('',#14855,#1103);
#487=LINE('',#14857,#1104);
#488=LINE('',#14859,#1105);
#489=LINE('',#14861,#1106);
#490=LINE('',#14862,#1107);
#491=LINE('',#14866,#1108);
#492=LINE('',#14868,#1109);
#493=LINE('',#14870,#1110);
#494=LINE('',#14872,#1111);
#495=LINE('',#14874,#1112);
#496=LINE('',#14876,#1113);
#497=LINE('',#14878,#1114);
#498=LINE('',#14879,#1115);
#499=LINE('',#14883,#1116);
#500=LINE('',#14884,#1117);
#501=LINE('',#14885,#1118);
#502=LINE('',#14888,#1119);
#503=LINE('',#14890,#1120);
#504=LINE('',#14891,#1121);
#505=LINE('',#14894,#1122);
#506=LINE('',#14896,#1123);
#507=LINE('',#14898,#1124);
#508=LINE('',#14900,#1125);
#509=LINE('',#14902,#1126);
#510=LINE('',#14903,#1127);
#511=LINE('',#14906,#1128);
#512=LINE('',#14908,#1129);
#513=LINE('',#14910,#1130);
#514=LINE('',#14912,#1131);
#515=LINE('',#14914,#1132);
#516=LINE('',#14915,#1133);
#517=LINE('',#14919,#1134);
#518=LINE('',#14920,#1135);
#519=LINE('',#14921,#1136);
#520=LINE('',#14925,#1137);
#521=LINE('',#14927,#1138);
#522=LINE('',#14929,#1139);
#523=LINE('',#14931,#1140);
#524=LINE('',#14933,#1141);
#525=LINE('',#14935,#1142);
#526=LINE('',#14937,#1143);
#527=LINE('',#14938,#1144);
#528=LINE('',#14940,#1145);
#529=LINE('',#14942,#1146);
#530=LINE('',#14946,#1147);
#531=LINE('',#14948,#1148);
#532=LINE('',#14949,#1149);
#533=LINE('',#14953,#1150);
#534=LINE('',#14955,#1151);
#535=LINE('',#14957,#1152);
#536=LINE('',#14959,#1153);
#537=LINE('',#14961,#1154);
#538=LINE('',#14965,#1155);
#539=LINE('',#14966,#1156);
#540=LINE('',#14968,#1157);
#541=LINE('',#14970,#1158);
#542=LINE('',#14972,#1159);
#543=LINE('',#14974,#1160);
#544=LINE('',#14976,#1161);
#545=LINE('',#14977,#1162);
#546=LINE('',#14979,#1163);
#547=LINE('',#14980,#1164);
#548=LINE('',#14984,#1165);
#549=LINE('',#14986,#1166);
#550=LINE('',#14988,#1167);
#551=LINE('',#14990,#1168);
#552=LINE('',#14992,#1169);
#553=LINE('',#14994,#1170);
#554=LINE('',#14996,#1171);
#555=LINE('',#14997,#1172);
#556=LINE('',#14999,#1173);
#557=LINE('',#15001,#1174);
#558=LINE('',#15005,#1175);
#559=LINE('',#15007,#1176);
#560=LINE('',#15008,#1177);
#561=LINE('',#15012,#1178);
#562=LINE('',#15014,#1179);
#563=LINE('',#15016,#1180);
#564=LINE('',#15018,#1181);
#565=LINE('',#15020,#1182);
#566=LINE('',#15024,#1183);
#567=LINE('',#15025,#1184);
#568=LINE('',#15027,#1185);
#569=LINE('',#15029,#1186);
#570=LINE('',#15031,#1187);
#571=LINE('',#15033,#1188);
#572=LINE('',#15035,#1189);
#573=LINE('',#15036,#1190);
#574=LINE('',#15038,#1191);
#575=LINE('',#15039,#1192);
#576=LINE('',#15041,#1193);
#577=LINE('',#15042,#1194);
#578=LINE('',#15044,#1195);
#579=LINE('',#15047,#1196);
#580=LINE('',#15050,#1197);
#581=LINE('',#15053,#1198);
#582=LINE('',#15054,#1199);
#583=LINE('',#15059,#1200);
#584=LINE('',#15060,#1201);
#585=LINE('',#15062,#1202);
#586=LINE('',#15065,#1203);
#587=LINE('',#15067,#1204);
#588=LINE('',#15069,#1205);
#589=LINE('',#15070,#1206);
#590=LINE('',#15073,#1207);
#591=LINE('',#15075,#1208);
#592=LINE('',#15077,#1209);
#593=LINE('',#15078,#1210);
#594=LINE('',#15080,#1211);
#595=LINE('',#15081,#1212);
#596=LINE('',#15082,#1213);
#597=LINE('',#15083,#1214);
#598=LINE('',#15085,#1215);
#599=LINE('',#15087,#1216);
#600=LINE('',#15090,#1217);
#601=LINE('',#15091,#1218);
#602=LINE('',#15097,#1219);
#603=LINE('',#15100,#1220);
#604=LINE('',#15101,#1221);
#605=LINE('',#15103,#1222);
#606=LINE('',#15105,#1223);
#607=LINE('',#15106,#1224);
#608=LINE('',#15114,#1225);
#609=LINE('',#15115,#1226);
#610=LINE('',#15117,#1227);
#611=LINE('',#15119,#1228);
#612=LINE('',#15120,#1229);
#613=LINE('',#15121,#1230);
#614=LINE('',#15123,#1231);
#615=LINE('',#15125,#1232);
#616=LINE('',#15126,#1233);
#617=LINE('',#15128,#1234);
#618=LINE('',#15130,#1235);
#619=LINE('',#15132,#1236);
#620=LINE('',#15134,#1237);
#621=LINE('',#15136,#1238);
#622=LINE('',#15138,#1239);
#623=LINE('',#15140,#1240);
#624=LINE('',#15142,#1241);
#625=LINE('',#15143,#1242);
#626=LINE('',#15145,#1243);
#627=LINE('',#15150,#1244);
#628=LINE('',#15151,#1245);
#629=LINE('',#15153,#1246);
#630=LINE('',#15155,#1247);
#631=LINE('',#15156,#1248);
#632=LINE('',#15157,#1249);
#633=LINE('',#15159,#1250);
#634=LINE('',#15161,#1251);
#635=LINE('',#15162,#1252);
#636=LINE('',#15164,#1253);
#637=LINE('',#15166,#1254);
#638=LINE('',#15167,#1255);
#639=LINE('',#15169,#1256);
#640=LINE('',#15170,#1257);
#641=LINE('',#15171,#1258);
#642=LINE('',#15173,#1259);
#643=LINE('',#15174,#1260);
#644=LINE('',#15175,#1261);
#645=LINE('',#15177,#1262);
#646=LINE('',#15181,#1263);
#647=LINE('',#15183,#1264);
#648=LINE('',#15184,#1265);
#649=LINE('',#15187,#1266);
#650=LINE('',#15189,#1267);
#651=LINE('',#15190,#1268);
#652=LINE('',#15192,#1269);
#653=LINE('',#15193,#1270);
#654=LINE('',#15196,#1271);
#655=LINE('',#15197,#1272);
#656=LINE('',#15203,#1273);
#657=LINE('',#15204,#1274);
#658=LINE('',#15206,#1275);
#659=LINE('',#15208,#1276);
#660=LINE('',#15209,#1277);
#661=LINE('',#15211,#1278);
#662=LINE('',#15213,#1279);
#663=LINE('',#15216,#1280);
#664=LINE('',#15218,#1281);
#665=LINE('',#15220,#1282);
#666=LINE('',#15221,#1283);
#667=LINE('',#15223,#1284);
#668=LINE('',#15224,#1285);
#669=LINE('',#15227,#1286);
#670=LINE('',#15228,#1287);
#671=LINE('',#15231,#1288);
#672=LINE('',#15233,#1289);
#673=LINE('',#15234,#1290);
#674=LINE('',#15235,#1291);
#675=LINE('',#15237,#1292);
#676=LINE('',#15238,#1293);
#677=LINE('',#15240,#1294);
#678=LINE('',#15242,#1295);
#679=LINE('',#15245,#1296);
#680=LINE('',#15247,#1297);
#681=LINE('',#15248,#1298);
#682=LINE('',#15249,#1299);
#683=LINE('',#15254,#1300);
#684=LINE('',#15256,#1301);
#685=LINE('',#15257,#1302);
#686=LINE('',#15260,#1303);
#687=LINE('',#15262,#1304);
#688=LINE('',#15263,#1305);
#689=LINE('',#15265,#1306);
#690=LINE('',#15266,#1307);
#691=LINE('',#15269,#1308);
#692=LINE('',#15270,#1309);
#693=LINE('',#15276,#1310);
#694=LINE('',#15277,#1311);
#695=LINE('',#15279,#1312);
#696=LINE('',#15281,#1313);
#697=LINE('',#15282,#1314);
#698=LINE('',#15285,#1315);
#699=LINE('',#15287,#1316);
#700=LINE('',#15290,#1317);
#701=LINE('',#15292,#1318);
#702=LINE('',#15293,#1319);
#703=LINE('',#15294,#1320);
#704=LINE('',#15298,#1321);
#705=LINE('',#15302,#1322);
#706=LINE('',#15304,#1323);
#707=LINE('',#15305,#1324);
#708=LINE('',#15308,#1325);
#709=LINE('',#15309,#1326);
#710=LINE('',#15312,#1327);
#711=LINE('',#15313,#1328);
#712=LINE('',#15315,#1329);
#713=LINE('',#15318,#1330);
#714=LINE('',#15320,#1331);
#715=LINE('',#15323,#1332);
#716=LINE('',#15325,#1333);
#717=LINE('',#15328,#1334);
#718=LINE('',#15329,#1335);
#719=LINE('',#15330,#1336);
#720=LINE('',#15335,#1337);
#721=LINE('',#15336,#1338);
#722=LINE('',#15337,#1339);
#723=LINE('',#15342,#1340);
#724=LINE('',#15344,#1341);
#725=LINE('',#15346,#1342);
#726=LINE('',#15349,#1343);
#727=LINE('',#15351,#1344);
#728=LINE('',#15353,#1345);
#729=LINE('',#15357,#1346);
#730=LINE('',#15359,#1347);
#731=LINE('',#15360,#1348);
#732=LINE('',#15361,#1349);
#733=LINE('',#15362,#1350);
#734=LINE('',#15364,#1351);
#735=LINE('',#15366,#1352);
#736=LINE('',#15368,#1353);
#737=LINE('',#15370,#1354);
#738=LINE('',#15373,#1355);
#739=LINE('',#15375,#1356);
#740=LINE('',#15376,#1357);
#741=LINE('',#15379,#1358);
#742=LINE('',#15381,#1359);
#743=LINE('',#15385,#1360);
#744=LINE('',#15387,#1361);
#745=LINE('',#15388,#1362);
#746=LINE('',#15390,#1363);
#747=LINE('',#15393,#1364);
#748=LINE('',#15394,#1365);
#749=LINE('',#15396,#1366);
#750=LINE('',#15397,#1367);
#751=LINE('',#15398,#1368);
#752=LINE('',#15402,#1369);
#753=LINE('',#15403,#1370);
#754=LINE('',#15405,#1371);
#755=LINE('',#15406,#1372);
#756=LINE('',#15407,#1373);
#757=LINE('',#15418,#1374);
#758=LINE('',#15420,#1375);
#759=LINE('',#15461,#1376);
#760=LINE('',#15464,#1377);
#761=LINE('',#15466,#1378);
#762=LINE('',#15507,#1379);
#763=LINE('',#15846,#1380);
#764=LINE('',#15849,#1381);
#765=LINE('',#15851,#1382);
#766=LINE('',#15854,#1383);
#767=LINE('',#15862,#1384);
#768=LINE('',#15869,#1385);
#769=LINE('',#15873,#1386);
#770=LINE('',#15877,#1387);
#771=LINE('',#15881,#1388);
#772=LINE('',#15884,#1389);
#773=LINE('',#15889,#1390);
#774=LINE('',#15891,#1391);
#775=LINE('',#15893,#1392);
#776=LINE('',#15895,#1393);
#777=LINE('',#15898,#1394);
#778=LINE('',#15926,#1395);
#779=LINE('',#15928,#1396);
#780=LINE('',#15930,#1397);
#781=LINE('',#15931,#1398);
#782=LINE('',#15934,#1399);
#783=LINE('',#15936,#1400);
#784=LINE('',#15937,#1401);
#785=LINE('',#15940,#1402);
#786=LINE('',#15942,#1403);
#787=LINE('',#15943,#1404);
#788=LINE('',#15946,#1405);
#789=LINE('',#15948,#1406);
#790=LINE('',#15950,#1407);
#791=LINE('',#15951,#1408);
#792=LINE('',#15955,#1409);
#793=LINE('',#15957,#1410);
#794=LINE('',#15959,#1411);
#795=LINE('',#15960,#1412);
#796=LINE('',#15963,#1413);
#797=LINE('',#15965,#1414);
#798=LINE('',#15966,#1415);
#799=LINE('',#15969,#1416);
#800=LINE('',#15971,#1417);
#801=LINE('',#15972,#1418);
#802=LINE('',#15974,#1419);
#803=LINE('',#15975,#1420);
#804=LINE('',#15977,#1421);
#805=LINE('',#15978,#1422);
#806=LINE('',#15983,#1423);
#807=LINE('',#15985,#1424);
#808=LINE('',#15987,#1425);
#809=LINE('',#15989,#1426);
#810=LINE('',#15990,#1427);
#811=LINE('',#16015,#1428);
#812=LINE('',#16017,#1429);
#813=LINE('',#16019,#1430);
#814=LINE('',#16021,#1431);
#815=LINE('',#16022,#1432);
#816=LINE('',#16024,#1433);
#817=LINE('',#16026,#1434);
#818=LINE('',#16028,#1435);
#819=LINE('',#16030,#1436);
#820=LINE('',#16031,#1437);
#821=LINE('',#16033,#1438);
#822=LINE('',#16034,#1439);
#823=LINE('',#16036,#1440);
#824=LINE('',#16038,#1441);
#825=LINE('',#16041,#1442);
#826=LINE('',#16043,#1443);
#827=LINE('',#16045,#1444);
#828=LINE('',#16047,#1445);
#829=LINE('',#16052,#1446);
#830=LINE('',#16054,#1447);
#831=LINE('',#16055,#1448);
#832=LINE('',#16058,#1449);
#833=LINE('',#16060,#1450);
#834=LINE('',#16061,#1451);
#835=LINE('',#16064,#1452);
#836=LINE('',#16066,#1453);
#837=LINE('',#16067,#1454);
#838=LINE('',#16070,#1455);
#839=LINE('',#16072,#1456);
#840=LINE('',#16073,#1457);
#841=LINE('',#16075,#1458);
#842=LINE('',#16076,#1459);
#843=LINE('',#16083,#1460);
#844=LINE('',#16090,#1461);
#845=LINE('',#16094,#1462);
#846=LINE('',#16098,#1463);
#847=LINE('',#16102,#1464);
#848=LINE('',#16105,#1465);
#849=LINE('',#16110,#1466);
#850=LINE('',#16112,#1467);
#851=LINE('',#16114,#1468);
#852=LINE('',#16116,#1469);
#853=LINE('',#16119,#1470);
#854=LINE('',#16147,#1471);
#855=LINE('',#16149,#1472);
#856=LINE('',#16151,#1473);
#857=LINE('',#16152,#1474);
#858=LINE('',#16155,#1475);
#859=LINE('',#16157,#1476);
#860=LINE('',#16158,#1477);
#861=LINE('',#16161,#1478);
#862=LINE('',#16163,#1479);
#863=LINE('',#16164,#1480);
#864=LINE('',#16167,#1481);
#865=LINE('',#16169,#1482);
#866=LINE('',#16171,#1483);
#867=LINE('',#16172,#1484);
#868=LINE('',#16176,#1485);
#869=LINE('',#16178,#1486);
#870=LINE('',#16180,#1487);
#871=LINE('',#16181,#1488);
#872=LINE('',#16184,#1489);
#873=LINE('',#16186,#1490);
#874=LINE('',#16187,#1491);
#875=LINE('',#16190,#1492);
#876=LINE('',#16192,#1493);
#877=LINE('',#16193,#1494);
#878=LINE('',#16195,#1495);
#879=LINE('',#16196,#1496);
#880=LINE('',#16198,#1497);
#881=LINE('',#16199,#1498);
#882=LINE('',#16204,#1499);
#883=LINE('',#16206,#1500);
#884=LINE('',#16208,#1501);
#885=LINE('',#16210,#1502);
#886=LINE('',#16211,#1503);
#887=LINE('',#16236,#1504);
#888=LINE('',#16238,#1505);
#889=LINE('',#16240,#1506);
#890=LINE('',#16242,#1507);
#891=LINE('',#16243,#1508);
#892=LINE('',#16245,#1509);
#893=LINE('',#16247,#1510);
#894=LINE('',#16249,#1511);
#895=LINE('',#16251,#1512);
#896=LINE('',#16252,#1513);
#897=LINE('',#16254,#1514);
#898=LINE('',#16255,#1515);
#899=LINE('',#16257,#1516);
#900=LINE('',#16259,#1517);
#901=LINE('',#16262,#1518);
#902=LINE('',#16264,#1519);
#903=LINE('',#16266,#1520);
#904=LINE('',#16268,#1521);
#905=LINE('',#16273,#1522);
#906=LINE('',#16275,#1523);
#907=LINE('',#16276,#1524);
#908=LINE('',#16279,#1525);
#909=LINE('',#16281,#1526);
#910=LINE('',#16282,#1527);
#911=LINE('',#16285,#1528);
#912=LINE('',#16287,#1529);
#913=LINE('',#16288,#1530);
#914=LINE('',#16291,#1531);
#915=LINE('',#16293,#1532);
#916=LINE('',#16294,#1533);
#917=LINE('',#16296,#1534);
#918=LINE('',#16297,#1535);
#919=VECTOR('',#10465,1000.);
#920=VECTOR('',#10468,1000.);
#921=VECTOR('',#10473,1000.);
#922=VECTOR('',#10476,1000.);
#923=VECTOR('',#10481,1000.);
#924=VECTOR('',#10484,1000.);
#925=VECTOR('',#10489,1000.);
#926=VECTOR('',#10492,1000.);
#927=VECTOR('',#10497,1000.);
#928=VECTOR('',#10500,1000.);
#929=VECTOR('',#10505,1000.);
#930=VECTOR('',#10508,1000.);
#931=VECTOR('',#10513,1000.);
#932=VECTOR('',#10516,1000.);
#933=VECTOR('',#10521,1000.);
#934=VECTOR('',#10524,1000.);
#935=VECTOR('',#10529,1000.);
#936=VECTOR('',#10532,1000.);
#937=VECTOR('',#10537,1000.);
#938=VECTOR('',#10540,1000.);
#939=VECTOR('',#10545,1000.);
#940=VECTOR('',#10548,1000.);
#941=VECTOR('',#10553,1000.);
#942=VECTOR('',#10556,1000.);
#943=VECTOR('',#10561,1000.);
#944=VECTOR('',#10564,1000.);
#945=VECTOR('',#10569,1000.);
#946=VECTOR('',#10572,1000.);
#947=VECTOR('',#10577,1000.);
#948=VECTOR('',#10580,1000.);
#949=VECTOR('',#10585,1000.);
#950=VECTOR('',#10588,1000.);
#951=VECTOR('',#10593,1.5);
#952=VECTOR('',#10600,2.);
#953=VECTOR('',#10607,1.85);
#954=VECTOR('',#10620,2.);
#955=VECTOR('',#10623,2.);
#956=VECTOR('',#10630,1.5);
#957=VECTOR('',#10637,2.);
#958=VECTOR('',#10644,1.85);
#959=VECTOR('',#10657,2.);
#960=VECTOR('',#10660,2.);
#961=VECTOR('',#10665,1000.);
#962=VECTOR('',#10666,1000.);
#963=VECTOR('',#10669,1000.);
#964=VECTOR('',#10670,1000.);
#965=VECTOR('',#10673,1000.);
#966=VECTOR('',#10674,1000.);
#967=VECTOR('',#10675,1000.);
#968=VECTOR('',#10678,1000.);
#969=VECTOR('',#10679,1000.);
#970=VECTOR('',#10682,1000.);
#971=VECTOR('',#10683,1000.);
#972=VECTOR('',#10684,1000.);
#973=VECTOR('',#10685,1000.);
#974=VECTOR('',#10686,1000.);
#975=VECTOR('',#10687,1000.);
#976=VECTOR('',#10688,1000.);
#977=VECTOR('',#10689,1000.);
#978=VECTOR('',#10690,1000.);
#979=VECTOR('',#10691,1000.);
#980=VECTOR('',#10692,1000.);
#981=VECTOR('',#10693,1000.);
#982=VECTOR('',#10694,1000.);
#983=VECTOR('',#10695,1000.);
#984=VECTOR('',#10696,1000.);
#985=VECTOR('',#10697,1000.);
#986=VECTOR('',#10698,1000.);
#987=VECTOR('',#10699,1000.);
#988=VECTOR('',#10700,1000.);
#989=VECTOR('',#10703,1000.);
#990=VECTOR('',#10704,1000.);
#991=VECTOR('',#10705,1000.);
#992=VECTOR('',#10740,1000.);
#993=VECTOR('',#10741,1000.);
#994=VECTOR('',#10742,1000.);
#995=VECTOR('',#10781,1000.);
#996=VECTOR('',#10782,1000.);
#997=VECTOR('',#10845,1000.);
#998=VECTOR('',#10846,1000.);
#999=VECTOR('',#10847,1000.);
#1000=VECTOR('',#10848,1000.);
#1001=VECTOR('',#10849,1000.);
#1002=VECTOR('',#10850,1000.);
#1003=VECTOR('',#10911,1000.);
#1004=VECTOR('',#10912,1000.);
#1005=VECTOR('',#10975,1000.);
#1006=VECTOR('',#10976,1000.);
#1007=VECTOR('',#10977,1000.);
#1008=VECTOR('',#10978,1000.);
#1009=VECTOR('',#10979,1000.);
#1010=VECTOR('',#10980,1000.);
#1011=VECTOR('',#11039,1000.);
#1012=VECTOR('',#11040,1000.);
#1013=VECTOR('',#11041,1000.);
#1014=VECTOR('',#11042,1000.);
#1015=VECTOR('',#11043,1000.);
#1016=VECTOR('',#11044,1000.);
#1017=VECTOR('',#11045,1000.);
#1018=VECTOR('',#11082,1000.);
#1019=VECTOR('',#11083,1000.);
#1020=VECTOR('',#11084,1000.);
#1021=VECTOR('',#11085,1000.);
#1022=VECTOR('',#11118,1000.);
#1023=VECTOR('',#11185,1000.);
#1024=VECTOR('',#11186,1000.);
#1025=VECTOR('',#11187,1000.);
#1026=VECTOR('',#11200,1000.);
#1027=VECTOR('',#11239,1000.);
#1028=VECTOR('',#11294,1000.);
#1029=VECTOR('',#11295,1000.);
#1030=VECTOR('',#11298,1000.);
#1031=VECTOR('',#11343,1000.);
#1032=VECTOR('',#11346,1000.);
#1033=VECTOR('',#11349,1000.);
#1034=VECTOR('',#11352,1000.);
#1035=VECTOR('',#11353,1000.);
#1036=VECTOR('',#11354,1000.);
#1037=VECTOR('',#11357,1000.);
#1038=VECTOR('',#11358,1000.);
#1039=VECTOR('',#11361,1000.);
#1040=VECTOR('',#11364,1000.);
#1041=VECTOR('',#11365,1000.);
#1042=VECTOR('',#11366,1000.);
#1043=VECTOR('',#11367,1000.);
#1044=VECTOR('',#11368,1000.);
#1045=VECTOR('',#11371,1000.);
#1046=VECTOR('',#11400,1000.);
#1047=VECTOR('',#11461,1000.);
#1048=VECTOR('',#11768,1000.);
#1049=VECTOR('',#11769,1000.);
#1050=VECTOR('',#11838,1000.);
#1051=VECTOR('',#11839,1000.);
#1052=VECTOR('',#11840,1000.);
#1053=VECTOR('',#11841,1000.);
#1054=VECTOR('',#11842,1000.);
#1055=VECTOR('',#11843,1000.);
#1056=VECTOR('',#11846,1000.);
#1057=VECTOR('',#11847,1000.);
#1058=VECTOR('',#11848,1000.);
#1059=VECTOR('',#11849,1000.);
#1060=VECTOR('',#11852,1000.);
#1061=VECTOR('',#11853,1000.);
#1062=VECTOR('',#11854,1000.);
#1063=VECTOR('',#11855,1000.);
#1064=VECTOR('',#11858,1000.);
#1065=VECTOR('',#11859,1000.);
#1066=VECTOR('',#11860,1000.);
#1067=VECTOR('',#11861,1000.);
#1068=VECTOR('',#11862,1000.);
#1069=VECTOR('',#11863,1000.);
#1070=VECTOR('',#11864,1000.);
#1071=VECTOR('',#11865,1000.);
#1072=VECTOR('',#11866,1000.);
#1073=VECTOR('',#11867,1000.);
#1074=VECTOR('',#11870,1000.);
#1075=VECTOR('',#11871,1000.);
#1076=VECTOR('',#11872,1000.);
#1077=VECTOR('',#11873,1000.);
#1078=VECTOR('',#11874,1000.);
#1079=VECTOR('',#11875,1000.);
#1080=VECTOR('',#11876,1000.);
#1081=VECTOR('',#11877,1000.);
#1082=VECTOR('',#11878,1000.);
#1083=VECTOR('',#11879,1000.);
#1084=VECTOR('',#11882,1000.);
#1085=VECTOR('',#11883,1000.);
#1086=VECTOR('',#11884,1000.);
#1087=VECTOR('',#11885,1000.);
#1088=VECTOR('',#11886,1000.);
#1089=VECTOR('',#11887,1000.);
#1090=VECTOR('',#11888,1000.);
#1091=VECTOR('',#11889,1000.);
#1092=VECTOR('',#11892,1000.);
#1093=VECTOR('',#11893,1000.);
#1094=VECTOR('',#11894,1000.);
#1095=VECTOR('',#11895,1000.);
#1096=VECTOR('',#11896,1000.);
#1097=VECTOR('',#11897,1000.);
#1098=VECTOR('',#11898,1000.);
#1099=VECTOR('',#11899,1000.);
#1100=VECTOR('',#11902,1000.);
#1101=VECTOR('',#11903,1000.);
#1102=VECTOR('',#11904,1000.);
#1103=VECTOR('',#11905,1000.);
#1104=VECTOR('',#11906,1000.);
#1105=VECTOR('',#11907,1000.);
#1106=VECTOR('',#11908,1000.);
#1107=VECTOR('',#11909,1000.);
#1108=VECTOR('',#11912,1000.);
#1109=VECTOR('',#11913,1000.);
#1110=VECTOR('',#11914,1000.);
#1111=VECTOR('',#11915,1000.);
#1112=VECTOR('',#11916,1000.);
#1113=VECTOR('',#11917,1000.);
#1114=VECTOR('',#11918,1000.);
#1115=VECTOR('',#11919,1000.);
#1116=VECTOR('',#11922,1000.);
#1117=VECTOR('',#11923,1000.);
#1118=VECTOR('',#11924,1000.);
#1119=VECTOR('',#11927,1000.);
#1120=VECTOR('',#11928,1000.);
#1121=VECTOR('',#11929,1000.);
#1122=VECTOR('',#11932,1000.);
#1123=VECTOR('',#11933,1000.);
#1124=VECTOR('',#11934,1000.);
#1125=VECTOR('',#11935,1000.);
#1126=VECTOR('',#11936,1000.);
#1127=VECTOR('',#11937,1000.);
#1128=VECTOR('',#11940,999.999999999999);
#1129=VECTOR('',#11941,1000.);
#1130=VECTOR('',#11942,1000.);
#1131=VECTOR('',#11943,1000.);
#1132=VECTOR('',#11944,999.999999999999);
#1133=VECTOR('',#11945,1000.);
#1134=VECTOR('',#11948,1000.);
#1135=VECTOR('',#11949,1000.);
#1136=VECTOR('',#11950,1000.);
#1137=VECTOR('',#11953,1000.);
#1138=VECTOR('',#11954,1000.);
#1139=VECTOR('',#11955,1000.);
#1140=VECTOR('',#11956,1000.);
#1141=VECTOR('',#11957,1000.);
#1142=VECTOR('',#11958,1000.);
#1143=VECTOR('',#11959,1000.);
#1144=VECTOR('',#11960,1000.);
#1145=VECTOR('',#11961,1000.);
#1146=VECTOR('',#11962,1000.);
#1147=VECTOR('',#11965,1000.);
#1148=VECTOR('',#11966,1000.);
#1149=VECTOR('',#11967,1000.);
#1150=VECTOR('',#11970,1000.);
#1151=VECTOR('',#11971,1000.);
#1152=VECTOR('',#11972,1000.);
#1153=VECTOR('',#11973,1000.);
#1154=VECTOR('',#11974,1000.);
#1155=VECTOR('',#11977,1000.);
#1156=VECTOR('',#11978,1000.);
#1157=VECTOR('',#11979,1000.);
#1158=VECTOR('',#11980,1000.);
#1159=VECTOR('',#11981,1000.);
#1160=VECTOR('',#11982,1000.);
#1161=VECTOR('',#11983,1000.);
#1162=VECTOR('',#11984,1000.);
#1163=VECTOR('',#11987,1000.);
#1164=VECTOR('',#11988,1000.);
#1165=VECTOR('',#11991,1000.);
#1166=VECTOR('',#11992,1000.);
#1167=VECTOR('',#11993,1000.);
#1168=VECTOR('',#11994,1000.);
#1169=VECTOR('',#11995,1000.);
#1170=VECTOR('',#11996,1000.);
#1171=VECTOR('',#11997,1000.);
#1172=VECTOR('',#11998,1000.);
#1173=VECTOR('',#11999,1000.);
#1174=VECTOR('',#12000,1000.);
#1175=VECTOR('',#12003,1000.);
#1176=VECTOR('',#12004,1000.);
#1177=VECTOR('',#12005,1000.);
#1178=VECTOR('',#12008,1000.);
#1179=VECTOR('',#12009,1000.);
#1180=VECTOR('',#12010,1000.);
#1181=VECTOR('',#12011,1000.);
#1182=VECTOR('',#12012,1000.);
#1183=VECTOR('',#12015,1000.);
#1184=VECTOR('',#12016,1000.);
#1185=VECTOR('',#12017,1000.);
#1186=VECTOR('',#12018,1000.);
#1187=VECTOR('',#12019,1000.);
#1188=VECTOR('',#12020,1000.);
#1189=VECTOR('',#12021,1000.);
#1190=VECTOR('',#12022,1000.);
#1191=VECTOR('',#12025,1000.);
#1192=VECTOR('',#12026,1000.);
#1193=VECTOR('',#12029,1000.);
#1194=VECTOR('',#12030,1000.);
#1195=VECTOR('',#12033,1000.);
#1196=VECTOR('',#12036,1000.);
#1197=VECTOR('',#12039,1000.);
#1198=VECTOR('',#12042,1000.);
#1199=VECTOR('',#12043,1000.);
#1200=VECTOR('',#12048,1000.);
#1201=VECTOR('',#12049,1000.);
#1202=VECTOR('',#12052,1000.);
#1203=VECTOR('',#12053,1000.);
#1204=VECTOR('',#12054,1000.);
#1205=VECTOR('',#12055,1000.);
#1206=VECTOR('',#12056,1000.);
#1207=VECTOR('',#12057,1000.);
#1208=VECTOR('',#12058,1000.);
#1209=VECTOR('',#12059,1000.);
#1210=VECTOR('',#12060,1000.);
#1211=VECTOR('',#12063,1000.);
#1212=VECTOR('',#12064,1000.);
#1213=VECTOR('',#12065,1000.);
#1214=VECTOR('',#12066,1000.);
#1215=VECTOR('',#12069,1000.);
#1216=VECTOR('',#12072,1000.);
#1217=VECTOR('',#12075,1000.);
#1218=VECTOR('',#12076,1000.);
#1219=VECTOR('',#12085,1000.);
#1220=VECTOR('',#12088,1000.);
#1221=VECTOR('',#12089,1000.);
#1222=VECTOR('',#12092,1000.);
#1223=VECTOR('',#12095,1000.);
#1224=VECTOR('',#12096,1000.);
#1225=VECTOR('',#12107,1000.);
#1226=VECTOR('',#12108,1000.);
#1227=VECTOR('',#12109,1000.);
#1228=VECTOR('',#12110,1000.);
#1229=VECTOR('',#12111,1000.);
#1230=VECTOR('',#12112,1000.);
#1231=VECTOR('',#12113,1000.);
#1232=VECTOR('',#12114,1000.);
#1233=VECTOR('',#12115,1000.);
#1234=VECTOR('',#12116,1000.);
#1235=VECTOR('',#12117,1000.);
#1236=VECTOR('',#12118,1000.);
#1237=VECTOR('',#12119,1000.);
#1238=VECTOR('',#12120,1000.);
#1239=VECTOR('',#12121,1000.);
#1240=VECTOR('',#12122,1000.);
#1241=VECTOR('',#12123,1000.);
#1242=VECTOR('',#12124,1000.);
#1243=VECTOR('',#12127,1000.);
#1244=VECTOR('',#12132,1000.);
#1245=VECTOR('',#12133,1000.);
#1246=VECTOR('',#12134,1000.);
#1247=VECTOR('',#12135,1000.);
#1248=VECTOR('',#12136,1000.);
#1249=VECTOR('',#12137,1000.);
#1250=VECTOR('',#12138,1000.);
#1251=VECTOR('',#12139,1000.);
#1252=VECTOR('',#12140,1000.);
#1253=VECTOR('',#12141,1000.);
#1254=VECTOR('',#12142,1000.);
#1255=VECTOR('',#12143,1000.);
#1256=VECTOR('',#12144,1000.);
#1257=VECTOR('',#12145,1000.);
#1258=VECTOR('',#12146,1000.);
#1259=VECTOR('',#12147,1000.);
#1260=VECTOR('',#12148,1000.);
#1261=VECTOR('',#12149,1000.);
#1262=VECTOR('',#12152,1000.);
#1263=VECTOR('',#12157,1000.);
#1264=VECTOR('',#12158,1000.);
#1265=VECTOR('',#12159,1000.);
#1266=VECTOR('',#12162,1000.);
#1267=VECTOR('',#12163,1000.);
#1268=VECTOR('',#12164,1000.);
#1269=VECTOR('',#12167,1000.);
#1270=VECTOR('',#12168,1000.);
#1271=VECTOR('',#12173,1000.);
#1272=VECTOR('',#12174,1000.);
#1273=VECTOR('',#12185,1000.);
#1274=VECTOR('',#12186,1000.);
#1275=VECTOR('',#12187,1000.);
#1276=VECTOR('',#12188,1000.);
#1277=VECTOR('',#12189,1000.);
#1278=VECTOR('',#12192,1000.);
#1279=VECTOR('',#12195,1000.);
#1280=VECTOR('',#12198,1000.);
#1281=VECTOR('',#12199,1000.);
#1282=VECTOR('',#12200,1000.);
#1283=VECTOR('',#12201,1000.);
#1284=VECTOR('',#12202,1000.);
#1285=VECTOR('',#12203,1000.);
#1286=VECTOR('',#12206,1000.);
#1287=VECTOR('',#12207,1000.);
#1288=VECTOR('',#12210,1000.);
#1289=VECTOR('',#12211,1000.);
#1290=VECTOR('',#12212,1000.);
#1291=VECTOR('',#12213,1000.);
#1292=VECTOR('',#12214,1000.);
#1293=VECTOR('',#12215,1000.);
#1294=VECTOR('',#12218,1000.);
#1295=VECTOR('',#12221,1000.);
#1296=VECTOR('',#12224,1000.);
#1297=VECTOR('',#12225,1000.);
#1298=VECTOR('',#12226,1000.);
#1299=VECTOR('',#12227,1000.);
#1300=VECTOR('',#12234,1000.);
#1301=VECTOR('',#12235,1000.);
#1302=VECTOR('',#12236,1000.);
#1303=VECTOR('',#12239,1000.);
#1304=VECTOR('',#12240,1000.);
#1305=VECTOR('',#12241,1000.);
#1306=VECTOR('',#12244,1000.);
#1307=VECTOR('',#12245,1000.);
#1308=VECTOR('',#12250,1000.);
#1309=VECTOR('',#12251,1000.);
#1310=VECTOR('',#12262,1000.);
#1311=VECTOR('',#12263,1000.);
#1312=VECTOR('',#12264,1000.);
#1313=VECTOR('',#12265,1000.);
#1314=VECTOR('',#12266,1000.);
#1315=VECTOR('',#12271,1000.);
#1316=VECTOR('',#12274,1000.);
#1317=VECTOR('',#12277,1000.);
#1318=VECTOR('',#12278,1000.);
#1319=VECTOR('',#12279,1000.);
#1320=VECTOR('',#12280,1000.);
#1321=VECTOR('',#12287,1000.);
#1322=VECTOR('',#12292,1000.);
#1323=VECTOR('',#12293,1000.);
#1324=VECTOR('',#12294,1000.);
#1325=VECTOR('',#12297,1000.);
#1326=VECTOR('',#12298,1000.);
#1327=VECTOR('',#12301,1000.);
#1328=VECTOR('',#12302,1000.);
#1329=VECTOR('',#12305,1000.);
#1330=VECTOR('',#12310,1000.);
#1331=VECTOR('',#12313,1000.);
#1332=VECTOR('',#12318,1000.);
#1333=VECTOR('',#12321,1000.);
#1334=VECTOR('',#12326,1000.);
#1335=VECTOR('',#12327,1000.);
#1336=VECTOR('',#12328,1000.);
#1337=VECTOR('',#12337,1000.);
#1338=VECTOR('',#12338,1000.);
#1339=VECTOR('',#12339,1000.);
#1340=VECTOR('',#12348,1000.);
#1341=VECTOR('',#12351,1000.);
#1342=VECTOR('',#12354,1000.);
#1343=VECTOR('',#12359,1000.);
#1344=VECTOR('',#12362,1000.);
#1345=VECTOR('',#12365,1000.);
#1346=VECTOR('',#12370,1000.);
#1347=VECTOR('',#12371,1000.);
#1348=VECTOR('',#12372,1000.);
#1349=VECTOR('',#12373,1000.);
#1350=VECTOR('',#12374,1000.);
#1351=VECTOR('',#12377,1000.);
#1352=VECTOR('',#12380,1000.);
#1353=VECTOR('',#12383,1000.);
#1354=VECTOR('',#12386,1000.);
#1355=VECTOR('',#12389,1000.);
#1356=VECTOR('',#12390,1000.);
#1357=VECTOR('',#12391,1000.);
#1358=VECTOR('',#12396,1000.);
#1359=VECTOR('',#12399,1000.);
#1360=VECTOR('',#12404,1000.);
#1361=VECTOR('',#12405,1000.);
#1362=VECTOR('',#12406,1000.);
#1363=VECTOR('',#12409,1000.);
#1364=VECTOR('',#12412,1000.);
#1365=VECTOR('',#12413,1000.);
#1366=VECTOR('',#12416,1000.);
#1367=VECTOR('',#12417,1000.);
#1368=VECTOR('',#12418,1000.);
#1369=VECTOR('',#12423,1000.);
#1370=VECTOR('',#12424,1000.);
#1371=VECTOR('',#12427,1000.);
#1372=VECTOR('',#12428,1000.);
#1373=VECTOR('',#12429,1000.);
#1374=VECTOR('',#12446,1000.);
#1375=VECTOR('',#12447,1000.);
#1376=VECTOR('',#12488,1000.);
#1377=VECTOR('',#12489,1000.);
#1378=VECTOR('',#12490,1000.);
#1379=VECTOR('',#12531,1000.);
#1380=VECTOR('',#12884,1000.);
#1381=VECTOR('',#12887,1000.);
#1382=VECTOR('',#12888,1000.);
#1383=VECTOR('',#12891,1000.);
#1384=VECTOR('',#12902,1.);
#1385=VECTOR('',#12909,1000.);
#1386=VECTOR('',#12912,1000.);
#1387=VECTOR('',#12915,1000.);
#1388=VECTOR('',#12918,1000.);
#1389=VECTOR('',#12921,1.88);
#1390=VECTOR('',#12926,1000.);
#1391=VECTOR('',#12927,1000.);
#1392=VECTOR('',#12928,1000.);
#1393=VECTOR('',#12929,1000.);
#1394=VECTOR('',#12932,1000.);
#1395=VECTOR('',#12939,1000.);
#1396=VECTOR('',#12940,1000.);
#1397=VECTOR('',#12941,1000.);
#1398=VECTOR('',#12942,1000.);
#1399=VECTOR('',#12945,1000.);
#1400=VECTOR('',#12946,1000.);
#1401=VECTOR('',#12947,1000.);
#1402=VECTOR('',#12950,1000.);
#1403=VECTOR('',#12951,1000.);
#1404=VECTOR('',#12952,1000.);
#1405=VECTOR('',#12953,1000.);
#1406=VECTOR('',#12954,1000.);
#1407=VECTOR('',#12955,1000.);
#1408=VECTOR('',#12956,1000.);
#1409=VECTOR('',#12959,1000.);
#1410=VECTOR('',#12960,1000.);
#1411=VECTOR('',#12961,1000.);
#1412=VECTOR('',#12962,1000.);
#1413=VECTOR('',#12965,1000.);
#1414=VECTOR('',#12966,1000.);
#1415=VECTOR('',#12967,1000.);
#1416=VECTOR('',#12970,1000.);
#1417=VECTOR('',#12971,1000.);
#1418=VECTOR('',#12972,1000.);
#1419=VECTOR('',#12975,1000.);
#1420=VECTOR('',#12976,1000.);
#1421=VECTOR('',#12979,1000.);
#1422=VECTOR('',#12980,1000.);
#1423=VECTOR('',#12987,1000.);
#1424=VECTOR('',#12988,1000.);
#1425=VECTOR('',#12989,1000.);
#1426=VECTOR('',#12990,1000.);
#1427=VECTOR('',#12991,1000.);
#1428=VECTOR('',#12998,1000.);
#1429=VECTOR('',#12999,1000.);
#1430=VECTOR('',#13000,1000.);
#1431=VECTOR('',#13001,1000.);
#1432=VECTOR('',#13002,1000.);
#1433=VECTOR('',#13003,1000.);
#1434=VECTOR('',#13004,1000.);
#1435=VECTOR('',#13005,1000.);
#1436=VECTOR('',#13006,1000.);
#1437=VECTOR('',#13007,1000.);
#1438=VECTOR('',#13010,1000.);
#1439=VECTOR('',#13011,1000.);
#1440=VECTOR('',#13014,1000.);
#1441=VECTOR('',#13017,1000.);
#1442=VECTOR('',#13022,1000.);
#1443=VECTOR('',#13025,1000.);
#1444=VECTOR('',#13028,1000.);
#1445=VECTOR('',#13031,1000.);
#1446=VECTOR('',#13038,1000.);
#1447=VECTOR('',#13039,1000.);
#1448=VECTOR('',#13040,1000.);
#1449=VECTOR('',#13043,1000.);
#1450=VECTOR('',#13044,1000.);
#1451=VECTOR('',#13045,1000.);
#1452=VECTOR('',#13048,1000.);
#1453=VECTOR('',#13049,1000.);
#1454=VECTOR('',#13050,1000.);
#1455=VECTOR('',#13053,1000.);
#1456=VECTOR('',#13054,1000.);
#1457=VECTOR('',#13055,1000.);
#1458=VECTOR('',#13058,1000.);
#1459=VECTOR('',#13059,1000.);
#1460=VECTOR('',#13068,1.);
#1461=VECTOR('',#13075,1000.);
#1462=VECTOR('',#13078,1000.);
#1463=VECTOR('',#13081,1000.);
#1464=VECTOR('',#13084,1000.);
#1465=VECTOR('',#13087,1.88);
#1466=VECTOR('',#13092,1000.);
#1467=VECTOR('',#13093,1000.);
#1468=VECTOR('',#13094,1000.);
#1469=VECTOR('',#13095,1000.);
#1470=VECTOR('',#13098,1000.);
#1471=VECTOR('',#13105,1000.);
#1472=VECTOR('',#13106,1000.);
#1473=VECTOR('',#13107,1000.);
#1474=VECTOR('',#13108,1000.);
#1475=VECTOR('',#13111,1000.);
#1476=VECTOR('',#13112,1000.);
#1477=VECTOR('',#13113,1000.);
#1478=VECTOR('',#13116,1000.);
#1479=VECTOR('',#13117,1000.);
#1480=VECTOR('',#13118,1000.);
#1481=VECTOR('',#13119,1000.);
#1482=VECTOR('',#13120,1000.);
#1483=VECTOR('',#13121,1000.);
#1484=VECTOR('',#13122,1000.);
#1485=VECTOR('',#13125,1000.);
#1486=VECTOR('',#13126,1000.);
#1487=VECTOR('',#13127,1000.);
#1488=VECTOR('',#13128,1000.);
#1489=VECTOR('',#13131,1000.);
#1490=VECTOR('',#13132,1000.);
#1491=VECTOR('',#13133,1000.);
#1492=VECTOR('',#13136,1000.);
#1493=VECTOR('',#13137,1000.);
#1494=VECTOR('',#13138,1000.);
#1495=VECTOR('',#13141,1000.);
#1496=VECTOR('',#13142,1000.);
#1497=VECTOR('',#13145,1000.);
#1498=VECTOR('',#13146,1000.);
#1499=VECTOR('',#13153,1000.);
#1500=VECTOR('',#13154,1000.);
#1501=VECTOR('',#13155,1000.);
#1502=VECTOR('',#13156,1000.);
#1503=VECTOR('',#13157,1000.);
#1504=VECTOR('',#13164,1000.);
#1505=VECTOR('',#13165,1000.);
#1506=VECTOR('',#13166,1000.);
#1507=VECTOR('',#13167,1000.);
#1508=VECTOR('',#13168,1000.);
#1509=VECTOR('',#13169,1000.);
#1510=VECTOR('',#13170,1000.);
#1511=VECTOR('',#13171,1000.);
#1512=VECTOR('',#13172,1000.);
#1513=VECTOR('',#13173,1000.);
#1514=VECTOR('',#13176,1000.);
#1515=VECTOR('',#13177,1000.);
#1516=VECTOR('',#13180,1000.);
#1517=VECTOR('',#13183,1000.);
#1518=VECTOR('',#13188,1000.);
#1519=VECTOR('',#13191,1000.);
#1520=VECTOR('',#13194,1000.);
#1521=VECTOR('',#13197,1000.);
#1522=VECTOR('',#13204,1000.);
#1523=VECTOR('',#13205,1000.);
#1524=VECTOR('',#13206,1000.);
#1525=VECTOR('',#13209,1000.);
#1526=VECTOR('',#13210,1000.);
#1527=VECTOR('',#13211,1000.);
#1528=VECTOR('',#13214,1000.);
#1529=VECTOR('',#13215,1000.);
#1530=VECTOR('',#13216,1000.);
#1531=VECTOR('',#13219,1000.);
#1532=VECTOR('',#13220,1000.);
#1533=VECTOR('',#13221,1000.);
#1534=VECTOR('',#13224,1000.);
#1535=VECTOR('',#13225,1000.);
#1536=FACE_OUTER_BOUND('',#1802,.T.);
#1537=FACE_OUTER_BOUND('',#1803,.T.);
#1538=FACE_OUTER_BOUND('',#1804,.T.);
#1539=FACE_OUTER_BOUND('',#1805,.T.);
#1540=FACE_OUTER_BOUND('',#1806,.T.);
#1541=FACE_OUTER_BOUND('',#1807,.T.);
#1542=FACE_OUTER_BOUND('',#1808,.T.);
#1543=FACE_OUTER_BOUND('',#1809,.T.);
#1544=FACE_OUTER_BOUND('',#1810,.T.);
#1545=FACE_OUTER_BOUND('',#1811,.T.);
#1546=FACE_OUTER_BOUND('',#1812,.T.);
#1547=FACE_OUTER_BOUND('',#1813,.T.);
#1548=FACE_OUTER_BOUND('',#1814,.T.);
#1549=FACE_OUTER_BOUND('',#1815,.T.);
#1550=FACE_OUTER_BOUND('',#1816,.T.);
#1551=FACE_OUTER_BOUND('',#1817,.T.);
#1552=FACE_OUTER_BOUND('',#1818,.T.);
#1553=FACE_OUTER_BOUND('',#1819,.T.);
#1554=FACE_OUTER_BOUND('',#1820,.T.);
#1555=FACE_OUTER_BOUND('',#1821,.T.);
#1556=FACE_OUTER_BOUND('',#1822,.T.);
#1557=FACE_OUTER_BOUND('',#1823,.T.);
#1558=FACE_OUTER_BOUND('',#1824,.T.);
#1559=FACE_OUTER_BOUND('',#1825,.T.);
#1560=FACE_OUTER_BOUND('',#1826,.T.);
#1561=FACE_OUTER_BOUND('',#1827,.T.);
#1562=FACE_OUTER_BOUND('',#1828,.T.);
#1563=FACE_OUTER_BOUND('',#1829,.T.);
#1564=FACE_OUTER_BOUND('',#1830,.T.);
#1565=FACE_OUTER_BOUND('',#1831,.T.);
#1566=FACE_OUTER_BOUND('',#1832,.T.);
#1567=FACE_OUTER_BOUND('',#1833,.T.);
#1568=FACE_OUTER_BOUND('',#1834,.T.);
#1569=FACE_OUTER_BOUND('',#1835,.T.);
#1570=FACE_OUTER_BOUND('',#1836,.T.);
#1571=FACE_OUTER_BOUND('',#1837,.T.);
#1572=FACE_OUTER_BOUND('',#1838,.T.);
#1573=FACE_OUTER_BOUND('',#1839,.T.);
#1574=FACE_OUTER_BOUND('',#1840,.T.);
#1575=FACE_OUTER_BOUND('',#1841,.T.);
#1576=FACE_OUTER_BOUND('',#1842,.T.);
#1577=FACE_OUTER_BOUND('',#1843,.T.);
#1578=FACE_OUTER_BOUND('',#1844,.T.);
#1579=FACE_OUTER_BOUND('',#1845,.T.);
#1580=FACE_OUTER_BOUND('',#1862,.T.);
#1581=FACE_OUTER_BOUND('',#1863,.T.);
#1582=FACE_OUTER_BOUND('',#1864,.T.);
#1583=FACE_OUTER_BOUND('',#1865,.T.);
#1584=FACE_OUTER_BOUND('',#1868,.T.);
#1585=FACE_OUTER_BOUND('',#1869,.T.);
#1586=FACE_OUTER_BOUND('',#1870,.T.);
#1587=FACE_OUTER_BOUND('',#1871,.T.);
#1588=FACE_OUTER_BOUND('',#1872,.T.);
#1589=FACE_OUTER_BOUND('',#1873,.T.);
#1590=FACE_OUTER_BOUND('',#1874,.T.);
#1591=FACE_OUTER_BOUND('',#1875,.T.);
#1592=FACE_OUTER_BOUND('',#1876,.T.);
#1593=FACE_OUTER_BOUND('',#1877,.T.);
#1594=FACE_OUTER_BOUND('',#1878,.T.);
#1595=FACE_OUTER_BOUND('',#1879,.T.);
#1596=FACE_OUTER_BOUND('',#1880,.T.);
#1597=FACE_OUTER_BOUND('',#1881,.T.);
#1598=FACE_OUTER_BOUND('',#1882,.T.);
#1599=FACE_OUTER_BOUND('',#1883,.T.);
#1600=FACE_OUTER_BOUND('',#1884,.T.);
#1601=FACE_OUTER_BOUND('',#1885,.T.);
#1602=FACE_OUTER_BOUND('',#1886,.T.);
#1603=FACE_OUTER_BOUND('',#1887,.T.);
#1604=FACE_OUTER_BOUND('',#1888,.T.);
#1605=FACE_OUTER_BOUND('',#1891,.T.);
#1606=FACE_OUTER_BOUND('',#1892,.T.);
#1607=FACE_OUTER_BOUND('',#1893,.T.);
#1608=FACE_OUTER_BOUND('',#1894,.T.);
#1609=FACE_OUTER_BOUND('',#1895,.T.);
#1610=FACE_OUTER_BOUND('',#1896,.T.);
#1611=FACE_OUTER_BOUND('',#1897,.T.);
#1612=FACE_OUTER_BOUND('',#1898,.T.);
#1613=FACE_OUTER_BOUND('',#1899,.T.);
#1614=FACE_OUTER_BOUND('',#1900,.T.);
#1615=FACE_OUTER_BOUND('',#1902,.T.);
#1616=FACE_OUTER_BOUND('',#1904,.T.);
#1617=FACE_OUTER_BOUND('',#1906,.T.);
#1618=FACE_OUTER_BOUND('',#1908,.T.);
#1619=FACE_OUTER_BOUND('',#1909,.T.);
#1620=FACE_OUTER_BOUND('',#1910,.T.);
#1621=FACE_OUTER_BOUND('',#1911,.T.);
#1622=FACE_OUTER_BOUND('',#1912,.T.);
#1623=FACE_OUTER_BOUND('',#1913,.T.);
#1624=FACE_OUTER_BOUND('',#1914,.T.);
#1625=FACE_OUTER_BOUND('',#1915,.T.);
#1626=FACE_OUTER_BOUND('',#1916,.T.);
#1627=FACE_OUTER_BOUND('',#1917,.T.);
#1628=FACE_OUTER_BOUND('',#1918,.T.);
#1629=FACE_OUTER_BOUND('',#1919,.T.);
#1630=FACE_OUTER_BOUND('',#1920,.T.);
#1631=FACE_OUTER_BOUND('',#1921,.T.);
#1632=FACE_OUTER_BOUND('',#1922,.T.);
#1633=FACE_OUTER_BOUND('',#1923,.T.);
#1634=FACE_OUTER_BOUND('',#1924,.T.);
#1635=FACE_OUTER_BOUND('',#1925,.T.);
#1636=FACE_OUTER_BOUND('',#1926,.T.);
#1637=FACE_OUTER_BOUND('',#1927,.T.);
#1638=FACE_OUTER_BOUND('',#1928,.T.);
#1639=FACE_OUTER_BOUND('',#1929,.T.);
#1640=FACE_OUTER_BOUND('',#1930,.T.);
#1641=FACE_OUTER_BOUND('',#1931,.T.);
#1642=FACE_OUTER_BOUND('',#1932,.T.);
#1643=FACE_OUTER_BOUND('',#1933,.T.);
#1644=FACE_OUTER_BOUND('',#1934,.T.);
#1645=FACE_OUTER_BOUND('',#1935,.T.);
#1646=FACE_OUTER_BOUND('',#1936,.T.);
#1647=FACE_OUTER_BOUND('',#1937,.T.);
#1648=FACE_OUTER_BOUND('',#1938,.T.);
#1649=FACE_OUTER_BOUND('',#1939,.T.);
#1650=FACE_OUTER_BOUND('',#1940,.T.);
#1651=FACE_OUTER_BOUND('',#1941,.T.);
#1652=FACE_OUTER_BOUND('',#1942,.T.);
#1653=FACE_OUTER_BOUND('',#1943,.T.);
#1654=FACE_OUTER_BOUND('',#1944,.T.);
#1655=FACE_OUTER_BOUND('',#1945,.T.);
#1656=FACE_OUTER_BOUND('',#1946,.T.);
#1657=FACE_OUTER_BOUND('',#1947,.T.);
#1658=FACE_OUTER_BOUND('',#1948,.T.);
#1659=FACE_OUTER_BOUND('',#1949,.T.);
#1660=FACE_OUTER_BOUND('',#1950,.T.);
#1661=FACE_OUTER_BOUND('',#1951,.T.);
#1662=FACE_OUTER_BOUND('',#1952,.T.);
#1663=FACE_OUTER_BOUND('',#1953,.T.);
#1664=FACE_OUTER_BOUND('',#1954,.T.);
#1665=FACE_OUTER_BOUND('',#1955,.T.);
#1666=FACE_OUTER_BOUND('',#1956,.T.);
#1667=FACE_OUTER_BOUND('',#1957,.T.);
#1668=FACE_OUTER_BOUND('',#1958,.T.);
#1669=FACE_OUTER_BOUND('',#1959,.T.);
#1670=FACE_OUTER_BOUND('',#1961,.T.);
#1671=FACE_OUTER_BOUND('',#1962,.T.);
#1672=FACE_OUTER_BOUND('',#1963,.T.);
#1673=FACE_OUTER_BOUND('',#1965,.T.);
#1674=FACE_OUTER_BOUND('',#1966,.T.);
#1675=FACE_OUTER_BOUND('',#1967,.T.);
#1676=FACE_OUTER_BOUND('',#1968,.T.);
#1677=FACE_OUTER_BOUND('',#1969,.T.);
#1678=FACE_OUTER_BOUND('',#1970,.T.);
#1679=FACE_OUTER_BOUND('',#1971,.T.);
#1680=FACE_OUTER_BOUND('',#1972,.T.);
#1681=FACE_OUTER_BOUND('',#1973,.T.);
#1682=FACE_OUTER_BOUND('',#1974,.T.);
#1683=FACE_OUTER_BOUND('',#1975,.T.);
#1684=FACE_OUTER_BOUND('',#1976,.T.);
#1685=FACE_OUTER_BOUND('',#1977,.T.);
#1686=FACE_OUTER_BOUND('',#1978,.T.);
#1687=FACE_OUTER_BOUND('',#1979,.T.);
#1688=FACE_OUTER_BOUND('',#1980,.T.);
#1689=FACE_OUTER_BOUND('',#1981,.T.);
#1690=FACE_OUTER_BOUND('',#1982,.T.);
#1691=FACE_OUTER_BOUND('',#1983,.T.);
#1692=FACE_OUTER_BOUND('',#1984,.T.);
#1693=FACE_OUTER_BOUND('',#1985,.T.);
#1694=FACE_OUTER_BOUND('',#1986,.T.);
#1695=FACE_OUTER_BOUND('',#1987,.T.);
#1696=FACE_OUTER_BOUND('',#1988,.T.);
#1697=FACE_OUTER_BOUND('',#1989,.T.);
#1698=FACE_OUTER_BOUND('',#1990,.T.);
#1699=FACE_OUTER_BOUND('',#1991,.T.);
#1700=FACE_OUTER_BOUND('',#1992,.T.);
#1701=FACE_OUTER_BOUND('',#1993,.T.);
#1702=FACE_OUTER_BOUND('',#1994,.T.);
#1703=FACE_OUTER_BOUND('',#1995,.T.);
#1704=FACE_OUTER_BOUND('',#1996,.T.);
#1705=FACE_OUTER_BOUND('',#1997,.T.);
#1706=FACE_OUTER_BOUND('',#1998,.T.);
#1707=FACE_OUTER_BOUND('',#1999,.T.);
#1708=FACE_OUTER_BOUND('',#2000,.T.);
#1709=FACE_OUTER_BOUND('',#2001,.T.);
#1710=FACE_OUTER_BOUND('',#2002,.T.);
#1711=FACE_OUTER_BOUND('',#2003,.T.);
#1712=FACE_OUTER_BOUND('',#2004,.T.);
#1713=FACE_OUTER_BOUND('',#2005,.T.);
#1714=FACE_OUTER_BOUND('',#2008,.T.);
#1715=FACE_OUTER_BOUND('',#2009,.T.);
#1716=FACE_OUTER_BOUND('',#2010,.T.);
#1717=FACE_OUTER_BOUND('',#2011,.T.);
#1718=FACE_OUTER_BOUND('',#2013,.T.);
#1719=FACE_OUTER_BOUND('',#2014,.T.);
#1720=FACE_OUTER_BOUND('',#2015,.T.);
#1721=FACE_OUTER_BOUND('',#2016,.T.);
#1722=FACE_OUTER_BOUND('',#2017,.T.);
#1723=FACE_OUTER_BOUND('',#2019,.T.);
#1724=FACE_OUTER_BOUND('',#2020,.T.);
#1725=FACE_OUTER_BOUND('',#2023,.T.);
#1726=FACE_OUTER_BOUND('',#2024,.T.);
#1727=FACE_OUTER_BOUND('',#2025,.T.);
#1728=FACE_OUTER_BOUND('',#2026,.T.);
#1729=FACE_OUTER_BOUND('',#2028,.T.);
#1730=FACE_OUTER_BOUND('',#2029,.T.);
#1731=FACE_OUTER_BOUND('',#2030,.T.);
#1732=FACE_OUTER_BOUND('',#2031,.T.);
#1733=FACE_OUTER_BOUND('',#2032,.T.);
#1734=FACE_OUTER_BOUND('',#2033,.T.);
#1735=FACE_OUTER_BOUND('',#2034,.T.);
#1736=FACE_OUTER_BOUND('',#2035,.T.);
#1737=FACE_OUTER_BOUND('',#2037,.T.);
#1738=FACE_OUTER_BOUND('',#2038,.T.);
#1739=FACE_OUTER_BOUND('',#2040,.T.);
#1740=FACE_OUTER_BOUND('',#2041,.T.);
#1741=FACE_OUTER_BOUND('',#2042,.T.);
#1742=FACE_OUTER_BOUND('',#2043,.T.);
#1743=FACE_OUTER_BOUND('',#2044,.T.);
#1744=FACE_OUTER_BOUND('',#2045,.T.);
#1745=FACE_OUTER_BOUND('',#2047,.T.);
#1746=FACE_OUTER_BOUND('',#2049,.T.);
#1747=FACE_OUTER_BOUND('',#2050,.T.);
#1748=FACE_OUTER_BOUND('',#2051,.T.);
#1749=FACE_OUTER_BOUND('',#2053,.T.);
#1750=FACE_OUTER_BOUND('',#2054,.T.);
#1751=FACE_OUTER_BOUND('',#2055,.T.);
#1752=FACE_OUTER_BOUND('',#2056,.T.);
#1753=FACE_OUTER_BOUND('',#2057,.T.);
#1754=FACE_OUTER_BOUND('',#2058,.T.);
#1755=FACE_OUTER_BOUND('',#2059,.T.);
#1756=FACE_OUTER_BOUND('',#2060,.T.);
#1757=FACE_OUTER_BOUND('',#2061,.T.);
#1758=FACE_OUTER_BOUND('',#2062,.T.);
#1759=FACE_OUTER_BOUND('',#2063,.T.);
#1760=FACE_OUTER_BOUND('',#2064,.T.);
#1761=FACE_OUTER_BOUND('',#2065,.T.);
#1762=FACE_OUTER_BOUND('',#2066,.T.);
#1763=FACE_OUTER_BOUND('',#2067,.T.);
#1764=FACE_OUTER_BOUND('',#2068,.T.);
#1765=FACE_OUTER_BOUND('',#2069,.T.);
#1766=FACE_OUTER_BOUND('',#2070,.T.);
#1767=FACE_OUTER_BOUND('',#2071,.T.);
#1768=FACE_OUTER_BOUND('',#2072,.T.);
#1769=FACE_OUTER_BOUND('',#2073,.T.);
#1770=FACE_OUTER_BOUND('',#2074,.T.);
#1771=FACE_OUTER_BOUND('',#2075,.T.);
#1772=FACE_OUTER_BOUND('',#2077,.T.);
#1773=FACE_OUTER_BOUND('',#2078,.T.);
#1774=FACE_OUTER_BOUND('',#2080,.T.);
#1775=FACE_OUTER_BOUND('',#2081,.T.);
#1776=FACE_OUTER_BOUND('',#2082,.T.);
#1777=FACE_OUTER_BOUND('',#2083,.T.);
#1778=FACE_OUTER_BOUND('',#2084,.T.);
#1779=FACE_OUTER_BOUND('',#2085,.T.);
#1780=FACE_OUTER_BOUND('',#2087,.T.);
#1781=FACE_OUTER_BOUND('',#2089,.T.);
#1782=FACE_OUTER_BOUND('',#2090,.T.);
#1783=FACE_OUTER_BOUND('',#2091,.T.);
#1784=FACE_OUTER_BOUND('',#2093,.T.);
#1785=FACE_OUTER_BOUND('',#2094,.T.);
#1786=FACE_OUTER_BOUND('',#2095,.T.);
#1787=FACE_OUTER_BOUND('',#2096,.T.);
#1788=FACE_OUTER_BOUND('',#2097,.T.);
#1789=FACE_OUTER_BOUND('',#2098,.T.);
#1790=FACE_OUTER_BOUND('',#2099,.T.);
#1791=FACE_OUTER_BOUND('',#2100,.T.);
#1792=FACE_OUTER_BOUND('',#2101,.T.);
#1793=FACE_OUTER_BOUND('',#2102,.T.);
#1794=FACE_OUTER_BOUND('',#2103,.T.);
#1795=FACE_OUTER_BOUND('',#2104,.T.);
#1796=FACE_OUTER_BOUND('',#2105,.T.);
#1797=FACE_OUTER_BOUND('',#2106,.T.);
#1798=FACE_OUTER_BOUND('',#2107,.T.);
#1799=FACE_OUTER_BOUND('',#2108,.T.);
#1800=FACE_OUTER_BOUND('',#2109,.T.);
#1801=FACE_OUTER_BOUND('',#2110,.T.);
#1802=EDGE_LOOP('',(#5679,#5680));
#1803=EDGE_LOOP('',(#5681,#5682));
#1804=EDGE_LOOP('',(#5683,#5684));
#1805=EDGE_LOOP('',(#5685,#5686));
#1806=EDGE_LOOP('',(#5687,#5688));
#1807=EDGE_LOOP('',(#5689,#5690));
#1808=EDGE_LOOP('',(#5691,#5692));
#1809=EDGE_LOOP('',(#5693,#5694));
#1810=EDGE_LOOP('',(#5695,#5696));
#1811=EDGE_LOOP('',(#5697,#5698));
#1812=EDGE_LOOP('',(#5699,#5700));
#1813=EDGE_LOOP('',(#5701,#5702));
#1814=EDGE_LOOP('',(#5703,#5704));
#1815=EDGE_LOOP('',(#5705,#5706));
#1816=EDGE_LOOP('',(#5707,#5708));
#1817=EDGE_LOOP('',(#5709,#5710,#5711,#5712));
#1818=EDGE_LOOP('',(#5713,#5714,#5715,#5716));
#1819=EDGE_LOOP('',(#5717,#5718,#5719,#5720));
#1820=EDGE_LOOP('',(#5721,#5722,#5723,#5724));
#1821=EDGE_LOOP('',(#5725,#5726,#5727,#5728));
#1822=EDGE_LOOP('',(#5729,#5730,#5731,#5732));
#1823=EDGE_LOOP('',(#5733,#5734,#5735,#5736));
#1824=EDGE_LOOP('',(#5737,#5738,#5739,#5740));
#1825=EDGE_LOOP('',(#5741,#5742,#5743,#5744));
#1826=EDGE_LOOP('',(#5745,#5746,#5747,#5748));
#1827=EDGE_LOOP('',(#5749,#5750,#5751,#5752));
#1828=EDGE_LOOP('',(#5753,#5754,#5755,#5756));
#1829=EDGE_LOOP('',(#5757,#5758,#5759,#5760));
#1830=EDGE_LOOP('',(#5761,#5762,#5763,#5764));
#1831=EDGE_LOOP('',(#5765,#5766,#5767,#5768));
#1832=EDGE_LOOP('',(#5769,#5770,#5771,#5772));
#1833=EDGE_LOOP('',(#5773,#5774,#5775,#5776));
#1834=EDGE_LOOP('',(#5777,#5778,#5779,#5780));
#1835=EDGE_LOOP('',(#5781,#5782,#5783,#5784));
#1836=EDGE_LOOP('',(#5785,#5786,#5787,#5788));
#1837=EDGE_LOOP('',(#5789,#5790,#5791,#5792));
#1838=EDGE_LOOP('',(#5793,#5794,#5795,#5796));
#1839=EDGE_LOOP('',(#5797,#5798,#5799,#5800));
#1840=EDGE_LOOP('',(#5801,#5802,#5803,#5804));
#1841=EDGE_LOOP('',(#5805,#5806,#5807,#5808));
#1842=EDGE_LOOP('',(#5809,#5810,#5811,#5812));
#1843=EDGE_LOOP('',(#5813,#5814,#5815,#5816));
#1844=EDGE_LOOP('',(#5817,#5818,#5819,#5820));
#1845=EDGE_LOOP('',(#5821,#5822,#5823,#5824,#5825,#5826,#5827,#5828,#5829,
#5830,#5831,#5832,#5833,#5834,#5835,#5836,#5837,#5838,#5839,#5840));
#1846=EDGE_LOOP('',(#5841,#5842,#5843,#5844,#5845,#5846,#5847,#5848));
#1847=EDGE_LOOP('',(#5849,#5850,#5851,#5852,#5853,#5854,#5855,#5856));
#1848=EDGE_LOOP('',(#5857,#5858,#5859,#5860,#5861,#5862,#5863,#5864,#5865,
#5866,#5867,#5868,#5869,#5870,#5871,#5872,#5873,#5874,#5875,#5876,#5877,
#5878,#5879,#5880,#5881,#5882,#5883,#5884,#5885,#5886,#5887,#5888,#5889,
#5890,#5891,#5892,#5893,#5894,#5895,#5896,#5897,#5898));
#1849=EDGE_LOOP('',(#5899,#5900,#5901,#5902,#5903,#5904,#5905,#5906,#5907,
#5908,#5909,#5910,#5911,#5912,#5913,#5914,#5915,#5916,#5917,#5918,#5919,
#5920,#5921,#5922,#5923,#5924,#5925,#5926,#5927,#5928,#5929,#5930,#5931,
#5932,#5933,#5934,#5935,#5936,#5937,#5938,#5939,#5940,#5941,#5942,#5943,
#5944,#5945,#5946,#5947,#5948,#5949,#5950,#5951,#5952,#5953,#5954,#5955,
#5956,#5957,#5958,#5959,#5960,#5961,#5962,#5963,#5964,#5965,#5966,#5967));
#1850=EDGE_LOOP('',(#5968,#5969,#5970,#5971,#5972,#5973,#5974,#5975,#5976,
#5977,#5978,#5979,#5980,#5981,#5982,#5983,#5984,#5985,#5986,#5987,#5988,
#5989,#5990,#5991,#5992,#5993,#5994,#5995,#5996,#5997,#5998,#5999,#6000,
#6001,#6002,#6003,#6004,#6005,#6006,#6007,#6008,#6009,#6010,#6011,#6012,
#6013,#6014,#6015,#6016,#6017,#6018,#6019,#6020,#6021,#6022,#6023,#6024,
#6025,#6026,#6027,#6028,#6029,#6030,#6031,#6032,#6033,#6034,#6035,#6036));
#1851=EDGE_LOOP('',(#6037,#6038,#6039,#6040));
#1852=EDGE_LOOP('',(#6041,#6042,#6043,#6044,#6045,#6046,#6047,#6048,#6049,
#6050,#6051,#6052,#6053,#6054,#6055,#6056,#6057,#6058,#6059,#6060,#6061,
#6062,#6063,#6064,#6065,#6066,#6067,#6068,#6069,#6070,#6071,#6072,#6073,
#6074,#6075,#6076,#6077,#6078,#6079,#6080));
#1853=EDGE_LOOP('',(#6081,#6082,#6083,#6084,#6085,#6086,#6087,#6088,#6089,
#6090,#6091,#6092,#6093,#6094,#6095,#6096,#6097,#6098,#6099,#6100,#6101,
#6102,#6103,#6104,#6105,#6106,#6107,#6108,#6109,#6110,#6111,#6112,#6113,
#6114,#6115,#6116,#6117,#6118,#6119,#6120,#6121,#6122,#6123,#6124,#6125,
#6126,#6127,#6128,#6129,#6130,#6131,#6132,#6133,#6134,#6135,#6136,#6137,
#6138,#6139,#6140,#6141,#6142,#6143,#6144,#6145,#6146,#6147,#6148,#6149,
#6150,#6151,#6152,#6153,#6154,#6155,#6156,#6157,#6158,#6159,#6160,#6161,
#6162,#6163,#6164,#6165,#6166,#6167,#6168,#6169,#6170,#6171,#6172,#6173,
#6174,#6175,#6176,#6177,#6178,#6179,#6180,#6181,#6182,#6183,#6184,#6185,
#6186,#6187,#6188,#6189,#6190,#6191,#6192,#6193,#6194,#6195,#6196,#6197,
#6198));
#1854=EDGE_LOOP('',(#6199,#6200,#6201,#6202,#6203,#6204,#6205,#6206,#6207,
#6208,#6209,#6210,#6211,#6212,#6213,#6214,#6215,#6216,#6217,#6218,#6219,
#6220,#6221,#6222,#6223,#6224,#6225,#6226));
#1855=EDGE_LOOP('',(#6227,#6228,#6229,#6230,#6231,#6232,#6233,#6234,#6235,
#6236,#6237,#6238,#6239,#6240,#6241,#6242,#6243,#6244,#6245,#6246,#6247,
#6248,#6249,#6250,#6251,#6252,#6253,#6254,#6255,#6256,#6257,#6258,#6259,
#6260,#6261,#6262,#6263,#6264,#6265,#6266,#6267,#6268,#6269,#6270,#6271,
#6272,#6273,#6274,#6275,#6276,#6277,#6278,#6279,#6280,#6281,#6282,#6283,
#6284));
#1856=EDGE_LOOP('',(#6285,#6286,#6287,#6288,#6289,#6290,#6291,#6292,#6293,
#6294,#6295,#6296,#6297,#6298,#6299,#6300,#6301,#6302,#6303,#6304,#6305,
#6306,#6307,#6308,#6309,#6310,#6311,#6312,#6313,#6314,#6315,#6316,#6317,
#6318,#6319,#6320,#6321,#6322,#6323,#6324,#6325,#6326,#6327,#6328,#6329,
#6330,#6331,#6332,#6333,#6334,#6335,#6336,#6337,#6338,#6339,#6340,#6341,
#6342,#6343,#6344,#6345));
#1857=EDGE_LOOP('',(#6346,#6347,#6348,#6349,#6350,#6351,#6352,#6353,#6354,
#6355,#6356,#6357,#6358,#6359,#6360,#6361,#6362,#6363,#6364,#6365,#6366,
#6367,#6368,#6369,#6370,#6371,#6372,#6373,#6374,#6375,#6376,#6377,#6378,
#6379,#6380,#6381,#6382,#6383,#6384,#6385,#6386,#6387,#6388,#6389,#6390,
#6391));
#1858=EDGE_LOOP('',(#6392,#6393,#6394,#6395,#6396,#6397,#6398,#6399,#6400,
#6401,#6402,#6403,#6404,#6405,#6406,#6407,#6408,#6409,#6410,#6411,#6412,
#6413,#6414,#6415,#6416,#6417,#6418,#6419,#6420,#6421,#6422,#6423,#6424,
#6425,#6426,#6427));
#1859=EDGE_LOOP('',(#6428,#6429,#6430,#6431,#6432,#6433,#6434,#6435,#6436,
#6437,#6438,#6439,#6440,#6441,#6442,#6443,#6444,#6445,#6446,#6447,#6448,
#6449,#6450,#6451,#6452,#6453,#6454,#6455,#6456,#6457,#6458,#6459,#6460,
#6461,#6462,#6463,#6464));
#1860=EDGE_LOOP('',(#6465,#6466,#6467,#6468));
#1861=EDGE_LOOP('',(#6469,#6470,#6471,#6472,#6473,#6474));
#1862=EDGE_LOOP('',(#6475,#6476,#6477,#6478));
#1863=EDGE_LOOP('',(#6479,#6480,#6481,#6482));
#1864=EDGE_LOOP('',(#6483,#6484,#6485,#6486,#6487,#6488,#6489,#6490,#6491,
#6492,#6493,#6494,#6495,#6496,#6497,#6498,#6499,#6500,#6501,#6502));
#1865=EDGE_LOOP('',(#6503,#6504,#6505,#6506,#6507,#6508,#6509,#6510,#6511,
#6512,#6513,#6514,#6515,#6516,#6517,#6518,#6519,#6520,#6521,#6522));
#1866=EDGE_LOOP('',(#6523));
#1867=EDGE_LOOP('',(#6524));
#1868=EDGE_LOOP('',(#6525,#6526,#6527,#6528,#6529,#6530,#6531,#6532));
#1869=EDGE_LOOP('',(#6533,#6534,#6535,#6536,#6537,#6538,#6539,#6540));
#1870=EDGE_LOOP('',(#6541,#6542,#6543,#6544,#6545,#6546,#6547,#6548));
#1871=EDGE_LOOP('',(#6549,#6550,#6551,#6552,#6553,#6554,#6555,#6556));
#1872=EDGE_LOOP('',(#6557,#6558,#6559,#6560));
#1873=EDGE_LOOP('',(#6561,#6562,#6563,#6564));
#1874=EDGE_LOOP('',(#6565,#6566,#6567,#6568,#6569,#6570,#6571,#6572));
#1875=EDGE_LOOP('',(#6573,#6574,#6575,#6576,#6577,#6578,#6579,#6580));
#1876=EDGE_LOOP('',(#6581,#6582,#6583,#6584));
#1877=EDGE_LOOP('',(#6585,#6586,#6587,#6588,#6589,#6590,#6591,#6592,#6593,
#6594,#6595,#6596,#6597,#6598,#6599));
#1878=EDGE_LOOP('',(#6600,#6601,#6602,#6603,#6604,#6605,#6606,#6607,#6608,
#6609,#6610,#6611,#6612,#6613,#6614));
#1879=EDGE_LOOP('',(#6615,#6616,#6617,#6618));
#1880=EDGE_LOOP('',(#6619,#6620,#6621,#6622,#6623,#6624,#6625,#6626,#6627,
#6628,#6629,#6630,#6631,#6632,#6633));
#1881=EDGE_LOOP('',(#6634,#6635,#6636,#6637,#6638,#6639,#6640,#6641,#6642,
#6643,#6644,#6645,#6646,#6647,#6648));
#1882=EDGE_LOOP('',(#6649,#6650,#6651,#6652));
#1883=EDGE_LOOP('',(#6653,#6654,#6655,#6656));
#1884=EDGE_LOOP('',(#6657,#6658,#6659,#6660));
#1885=EDGE_LOOP('',(#6661,#6662,#6663,#6664));
#1886=EDGE_LOOP('',(#6665,#6666,#6667,#6668));
#1887=EDGE_LOOP('',(#6669,#6670,#6671,#6672));
#1888=EDGE_LOOP('',(#6673,#6674,#6675,#6676));
#1889=EDGE_LOOP('',(#6677,#6678,#6679,#6680));
#1890=EDGE_LOOP('',(#6681,#6682,#6683,#6684));
#1891=EDGE_LOOP('',(#6685,#6686,#6687,#6688,#6689,#6690,#6691,#6692,#6693,
#6694,#6695,#6696));
#1892=EDGE_LOOP('',(#6697,#6698,#6699,#6700));
#1893=EDGE_LOOP('',(#6701,#6702,#6703,#6704));
#1894=EDGE_LOOP('',(#6705,#6706,#6707,#6708,#6709,#6710,#6711,#6712,#6713,
#6714,#6715,#6716));
#1895=EDGE_LOOP('',(#6717,#6718,#6719,#6720));
#1896=EDGE_LOOP('',(#6721,#6722,#6723,#6724));
#1897=EDGE_LOOP('',(#6725,#6726,#6727,#6728));
#1898=EDGE_LOOP('',(#6729,#6730,#6731,#6732));
#1899=EDGE_LOOP('',(#6733,#6734,#6735,#6736,#6737,#6738,#6739,#6740,#6741,
#6742,#6743,#6744,#6745,#6746,#6747,#6748,#6749,#6750,#6751,#6752));
#1900=EDGE_LOOP('',(#6753));
#1901=EDGE_LOOP('',(#6754));
#1902=EDGE_LOOP('',(#6755));
#1903=EDGE_LOOP('',(#6756));
#1904=EDGE_LOOP('',(#6757));
#1905=EDGE_LOOP('',(#6758));
#1906=EDGE_LOOP('',(#6759));
#1907=EDGE_LOOP('',(#6760));
#1908=EDGE_LOOP('',(#6761,#6762,#6763,#6764,#6765,#6766,#6767,#6768,#6769,
#6770,#6771,#6772,#6773,#6774,#6775,#6776,#6777,#6778,#6779,#6780,#6781,
#6782));
#1909=EDGE_LOOP('',(#6783,#6784,#6785,#6786));
#1910=EDGE_LOOP('',(#6787,#6788,#6789,#6790));
#1911=EDGE_LOOP('',(#6791,#6792,#6793,#6794,#6795,#6796,#6797,#6798,#6799,
#6800,#6801,#6802,#6803,#6804,#6805,#6806,#6807,#6808,#6809,#6810,#6811,
#6812,#6813,#6814,#6815,#6816));
#1912=EDGE_LOOP('',(#6817,#6818,#6819,#6820));
#1913=EDGE_LOOP('',(#6821,#6822,#6823,#6824));
#1914=EDGE_LOOP('',(#6825,#6826,#6827,#6828));
#1915=EDGE_LOOP('',(#6829,#6830,#6831,#6832));
#1916=EDGE_LOOP('',(#6833,#6834,#6835,#6836));
#1917=EDGE_LOOP('',(#6837,#6838,#6839,#6840));
#1918=EDGE_LOOP('',(#6841,#6842,#6843,#6844));
#1919=EDGE_LOOP('',(#6845,#6846,#6847,#6848));
#1920=EDGE_LOOP('',(#6849,#6850,#6851,#6852));
#1921=EDGE_LOOP('',(#6853,#6854,#6855,#6856));
#1922=EDGE_LOOP('',(#6857,#6858,#6859,#6860));
#1923=EDGE_LOOP('',(#6861,#6862,#6863,#6864,#6865,#6866,#6867,#6868));
#1924=EDGE_LOOP('',(#6869,#6870,#6871,#6872));
#1925=EDGE_LOOP('',(#6873,#6874,#6875,#6876));
#1926=EDGE_LOOP('',(#6877,#6878,#6879,#6880,#6881,#6882,#6883,#6884,#6885));
#1927=EDGE_LOOP('',(#6886,#6887,#6888,#6889));
#1928=EDGE_LOOP('',(#6890,#6891,#6892,#6893,#6894,#6895,#6896,#6897,#6898));
#1929=EDGE_LOOP('',(#6899,#6900,#6901,#6902));
#1930=EDGE_LOOP('',(#6903,#6904,#6905,#6906));
#1931=EDGE_LOOP('',(#6907,#6908,#6909,#6910,#6911,#6912,#6913,#6914));
#1932=EDGE_LOOP('',(#6915,#6916,#6917,#6918));
#1933=EDGE_LOOP('',(#6919,#6920,#6921,#6922));
#1934=EDGE_LOOP('',(#6923,#6924,#6925,#6926));
#1935=EDGE_LOOP('',(#6927,#6928,#6929,#6930));
#1936=EDGE_LOOP('',(#6931,#6932,#6933,#6934));
#1937=EDGE_LOOP('',(#6935,#6936,#6937,#6938));
#1938=EDGE_LOOP('',(#6939,#6940,#6941,#6942));
#1939=EDGE_LOOP('',(#6943,#6944,#6945,#6946));
#1940=EDGE_LOOP('',(#6947,#6948,#6949,#6950));
#1941=EDGE_LOOP('',(#6951,#6952,#6953,#6954));
#1942=EDGE_LOOP('',(#6955,#6956,#6957,#6958));
#1943=EDGE_LOOP('',(#6959,#6960,#6961,#6962,#6963,#6964,#6965,#6966));
#1944=EDGE_LOOP('',(#6967,#6968,#6969,#6970));
#1945=EDGE_LOOP('',(#6971,#6972,#6973,#6974));
#1946=EDGE_LOOP('',(#6975,#6976,#6977,#6978));
#1947=EDGE_LOOP('',(#6979,#6980,#6981,#6982,#6983,#6984,#6985,#6986));
#1948=EDGE_LOOP('',(#6987,#6988,#6989,#6990));
#1949=EDGE_LOOP('',(#6991,#6992,#6993,#6994));
#1950=EDGE_LOOP('',(#6995,#6996,#6997,#6998));
#1951=EDGE_LOOP('',(#6999,#7000,#7001,#7002));
#1952=EDGE_LOOP('',(#7003,#7004,#7005,#7006));
#1953=EDGE_LOOP('',(#7007,#7008,#7009,#7010,#7011));
#1954=EDGE_LOOP('',(#7012,#7013,#7014,#7015,#7016,#7017,#7018,#7019));
#1955=EDGE_LOOP('',(#7020,#7021,#7022,#7023,#7024));
#1956=EDGE_LOOP('',(#7025,#7026,#7027,#7028));
#1957=EDGE_LOOP('',(#7029,#7030,#7031,#7032));
#1958=EDGE_LOOP('',(#7033,#7034,#7035,#7036));
#1959=EDGE_LOOP('',(#7037,#7038,#7039,#7040));
#1960=EDGE_LOOP('',(#7041));
#1961=EDGE_LOOP('',(#7042,#7043,#7044,#7045));
#1962=EDGE_LOOP('',(#7046,#7047,#7048,#7049));
#1963=EDGE_LOOP('',(#7050,#7051,#7052,#7053));
#1964=EDGE_LOOP('',(#7054));
#1965=EDGE_LOOP('',(#7055,#7056,#7057,#7058,#7059,#7060,#7061,#7062));
#1966=EDGE_LOOP('',(#7063,#7064,#7065,#7066));
#1967=EDGE_LOOP('',(#7067,#7068,#7069,#7070));
#1968=EDGE_LOOP('',(#7071,#7072,#7073,#7074));
#1969=EDGE_LOOP('',(#7075,#7076,#7077,#7078,#7079,#7080,#7081,#7082));
#1970=EDGE_LOOP('',(#7083,#7084,#7085,#7086));
#1971=EDGE_LOOP('',(#7087,#7088,#7089,#7090));
#1972=EDGE_LOOP('',(#7091,#7092,#7093,#7094));
#1973=EDGE_LOOP('',(#7095,#7096,#7097,#7098));
#1974=EDGE_LOOP('',(#7099,#7100,#7101,#7102));
#1975=EDGE_LOOP('',(#7103,#7104,#7105,#7106));
#1976=EDGE_LOOP('',(#7107,#7108,#7109,#7110,#7111,#7112,#7113,#7114));
#1977=EDGE_LOOP('',(#7115,#7116,#7117,#7118));
#1978=EDGE_LOOP('',(#7119,#7120,#7121,#7122));
#1979=EDGE_LOOP('',(#7123,#7124,#7125,#7126));
#1980=EDGE_LOOP('',(#7127,#7128,#7129,#7130,#7131,#7132,#7133,#7134));
#1981=EDGE_LOOP('',(#7135,#7136,#7137,#7138,#7139,#7140));
#1982=EDGE_LOOP('',(#7141,#7142,#7143));
#1983=EDGE_LOOP('',(#7144,#7145,#7146,#7147));
#1984=EDGE_LOOP('',(#7148,#7149,#7150));
#1985=EDGE_LOOP('',(#7151,#7152,#7153,#7154));
#1986=EDGE_LOOP('',(#7155,#7156,#7157,#7158,#7159,#7160));
#1987=EDGE_LOOP('',(#7161,#7162,#7163,#7164));
#1988=EDGE_LOOP('',(#7165,#7166,#7167));
#1989=EDGE_LOOP('',(#7168,#7169,#7170));
#1990=EDGE_LOOP('',(#7171,#7172,#7173,#7174));
#1991=EDGE_LOOP('',(#7175,#7176,#7177,#7178));
#1992=EDGE_LOOP('',(#7179,#7180,#7181));
#1993=EDGE_LOOP('',(#7182,#7183,#7184));
#1994=EDGE_LOOP('',(#7185,#7186,#7187,#7188,#7189,#7190));
#1995=EDGE_LOOP('',(#7191,#7192,#7193));
#1996=EDGE_LOOP('',(#7194,#7195,#7196));
#1997=EDGE_LOOP('',(#7197,#7198,#7199,#7200,#7201,#7202));
#1998=EDGE_LOOP('',(#7203,#7204,#7205,#7206));
#1999=EDGE_LOOP('',(#7207,#7208,#7209,#7210));
#2000=EDGE_LOOP('',(#7211,#7212,#7213,#7214));
#2001=EDGE_LOOP('',(#7215,#7216,#7217,#7218,#7219,#7220));
#2002=EDGE_LOOP('',(#7221,#7222,#7223,#7224));
#2003=EDGE_LOOP('',(#7225,#7226,#7227,#7228,#7229,#7230,#7231,#7232));
#2004=EDGE_LOOP('',(#7233,#7234,#7235,#7236,#7237,#7238,#7239,#7240));
#2005=EDGE_LOOP('',(#7241,#7242,#7243,#7244,#7245,#7246,#7247,#7248,#7249,
#7250,#7251,#7252,#7253,#7254,#7255,#7256,#7257,#7258,#7259,#7260,#7261,
#7262,#7263,#7264,#7265,#7266,#7267,#7268,#7269,#7270,#7271,#7272,#7273,
#7274,#7275,#7276,#7277));
#2006=EDGE_LOOP('',(#7278,#7279,#7280,#7281,#7282,#7283,#7284,#7285,#7286,
#7287,#7288,#7289,#7290,#7291,#7292,#7293,#7294,#7295,#7296,#7297,#7298,
#7299,#7300));
#2007=EDGE_LOOP('',(#7301,#7302,#7303,#7304,#7305,#7306,#7307,#7308,#7309,
#7310,#7311,#7312,#7313,#7314,#7315,#7316,#7317,#7318,#7319,#7320,#7321,
#7322,#7323));
#2008=EDGE_LOOP('',(#7324,#7325,#7326,#7327,#7328,#7329,#7330,#7331,#7332,
#7333,#7334,#7335,#7336,#7337,#7338,#7339,#7340,#7341,#7342,#7343,#7344,
#7345,#7346));
#2009=EDGE_LOOP('',(#7347,#7348,#7349,#7350,#7351,#7352,#7353,#7354,#7355,
#7356,#7357,#7358,#7359,#7360,#7361,#7362,#7363,#7364,#7365,#7366,#7367,
#7368,#7369));
#2010=EDGE_LOOP('',(#7370,#7371,#7372,#7373,#7374,#7375,#7376,#7377,#7378,
#7379,#7380,#7381,#7382,#7383,#7384,#7385,#7386,#7387,#7388,#7389,#7390,
#7391,#7392,#7393,#7394,#7395,#7396,#7397,#7398,#7399,#7400,#7401,#7402,
#7403,#7404,#7405,#7406,#7407,#7408,#7409,#7410,#7411));
#2011=EDGE_LOOP('',(#7412,#7413,#7414,#7415,#7416,#7417,#7418,#7419,#7420,
#7421,#7422,#7423,#7424,#7425,#7426,#7427,#7428,#7429,#7430,#7431,#7432,
#7433,#7434,#7435,#7436,#7437,#7438,#7439,#7440,#7441,#7442,#7443,#7444,
#7445,#7446,#7447));
#2012=EDGE_LOOP('',(#7448,#7449,#7450,#7451,#7452,#7453,#7454,#7455,#7456,
#7457,#7458,#7459,#7460,#7461,#7462,#7463,#7464,#7465,#7466,#7467,#7468,
#7469,#7470,#7471,#7472,#7473,#7474,#7475,#7476,#7477,#7478,#7479,#7480,
#7481,#7482,#7483,#7484,#7485,#7486,#7487));
#2013=EDGE_LOOP('',(#7488,#7489,#7490,#7491,#7492,#7493,#7494,#7495,#7496,
#7497,#7498,#7499,#7500,#7501,#7502,#7503,#7504,#7505,#7506,#7507,#7508,
#7509,#7510,#7511,#7512,#7513,#7514,#7515,#7516,#7517,#7518,#7519,#7520,
#7521,#7522,#7523,#7524,#7525,#7526,#7527));
#2014=EDGE_LOOP('',(#7528,#7529,#7530,#7531,#7532,#7533,#7534,#7535,#7536,
#7537,#7538,#7539,#7540,#7541,#7542,#7543,#7544,#7545,#7546,#7547,#7548,
#7549,#7550,#7551,#7552,#7553,#7554,#7555,#7556,#7557,#7558,#7559,#7560,
#7561,#7562,#7563,#7564,#7565,#7566,#7567,#7568,#7569,#7570,#7571,#7572,
#7573,#7574,#7575,#7576,#7577,#7578,#7579,#7580,#7581,#7582,#7583,#7584,
#7585,#7586,#7587,#7588,#7589,#7590,#7591,#7592,#7593,#7594,#7595,#7596));
#2015=EDGE_LOOP('',(#7597,#7598,#7599,#7600,#7601,#7602,#7603,#7604,#7605,
#7606,#7607,#7608,#7609,#7610,#7611,#7612,#7613,#7614,#7615,#7616,#7617,
#7618,#7619,#7620,#7621,#7622,#7623,#7624,#7625,#7626,#7627,#7628,#7629,
#7630,#7631,#7632,#7633,#7634,#7635,#7636,#7637,#7638,#7639,#7640,#7641,
#7642,#7643,#7644,#7645,#7646,#7647,#7648,#7649,#7650,#7651,#7652,#7653,
#7654,#7655,#7656,#7657,#7658,#7659,#7660,#7661,#7662,#7663,#7664,#7665));
#2016=EDGE_LOOP('',(#7666,#7667,#7668,#7669));
#2017=EDGE_LOOP('',(#7670,#7671,#7672,#7673,#7674,#7675,#7676,#7677,#7678,
#7679,#7680,#7681,#7682,#7683,#7684,#7685,#7686,#7687,#7688,#7689,#7690,
#7691,#7692,#7693,#7694,#7695,#7696,#7697,#7698,#7699,#7700,#7701,#7702,
#7703,#7704,#7705,#7706,#7707,#7708,#7709,#7710,#7711,#7712,#7713,#7714,
#7715));
#2018=EDGE_LOOP('',(#7716,#7717,#7718,#7719,#7720,#7721,#7722,#7723,#7724,
#7725,#7726,#7727,#7728,#7729,#7730,#7731,#7732,#7733,#7734,#7735,#7736,
#7737,#7738,#7739,#7740,#7741,#7742,#7743,#7744,#7745,#7746,#7747,#7748,
#7749,#7750,#7751,#7752,#7753,#7754,#7755,#7756));
#2019=EDGE_LOOP('',(#7757,#7758,#7759,#7760,#7761,#7762,#7763,#7764,#7765,
#7766,#7767,#7768,#7769,#7770,#7771,#7772,#7773,#7774,#7775,#7776,#7777,
#7778,#7779,#7780,#7781,#7782,#7783,#7784,#7785,#7786,#7787,#7788,#7789,
#7790,#7791,#7792,#7793,#7794,#7795,#7796,#7797));
#2020=EDGE_LOOP('',(#7798,#7799,#7800,#7801,#7802,#7803,#7804,#7805,#7806,
#7807,#7808,#7809,#7810,#7811,#7812,#7813,#7814,#7815,#7816,#7817,#7818,
#7819,#7820,#7821,#7822,#7823,#7824,#7825,#7826,#7827,#7828,#7829,#7830,
#7831,#7832,#7833,#7834,#7835,#7836,#7837,#7838,#7839,#7840,#7841,#7842,
#7843,#7844,#7845,#7846,#7847,#7848,#7849,#7850,#7851,#7852,#7853,#7854,
#7855,#7856,#7857,#7858));
#2021=EDGE_LOOP('',(#7859,#7860,#7861,#7862,#7863,#7864,#7865,#7866,#7867,
#7868,#7869,#7870,#7871,#7872,#7873,#7874,#7875,#7876,#7877,#7878,#7879,
#7880,#7881,#7882,#7883,#7884,#7885,#7886,#7887,#7888,#7889,#7890,#7891,
#7892,#7893,#7894));
#2022=EDGE_LOOP('',(#7895,#7896,#7897,#7898,#7899,#7900,#7901,#7902,#7903,
#7904,#7905,#7906,#7907,#7908,#7909,#7910,#7911,#7912,#7913,#7914,#7915,
#7916,#7917,#7918,#7919,#7920,#7921,#7922,#7923,#7924,#7925,#7926,#7927,
#7928,#7929,#7930,#7931,#7932,#7933,#7934,#7935,#7936,#7937,#7938));
#2023=EDGE_LOOP('',(#7939,#7940,#7941,#7942,#7943,#7944,#7945,#7946,#7947,
#7948,#7949,#7950,#7951,#7952,#7953,#7954,#7955,#7956,#7957,#7958,#7959,
#7960,#7961,#7962,#7963,#7964,#7965,#7966,#7967,#7968,#7969,#7970,#7971,
#7972,#7973,#7974));
#2024=EDGE_LOOP('',(#7975,#7976,#7977,#7978,#7979,#7980,#7981,#7982,#7983,
#7984,#7985,#7986,#7987,#7988,#7989,#7990,#7991,#7992,#7993,#7994,#7995,
#7996,#7997,#7998,#7999,#8000,#8001,#8002,#8003,#8004,#8005,#8006,#8007,
#8008,#8009,#8010,#8011,#8012,#8013,#8014,#8015,#8016,#8017,#8018));
#2025=EDGE_LOOP('',(#8019,#8020,#8021,#8022,#8023,#8024,#8025,#8026,#8027,
#8028,#8029,#8030,#8031,#8032,#8033,#8034,#8035,#8036,#8037,#8038,#8039,
#8040,#8041,#8042,#8043,#8044,#8045,#8046,#8047,#8048,#8049,#8050,#8051,
#8052,#8053,#8054,#8055,#8056,#8057,#8058,#8059,#8060,#8061,#8062,#8063,
#8064,#8065,#8066,#8067,#8068,#8069,#8070,#8071,#8072,#8073,#8074,#8075,
#8076));
#2026=EDGE_LOOP('',(#8077,#8078,#8079,#8080,#8081,#8082,#8083,#8084,#8085,
#8086,#8087,#8088,#8089,#8090,#8091,#8092,#8093,#8094,#8095,#8096,#8097,
#8098,#8099,#8100,#8101,#8102,#8103,#8104));
#2027=EDGE_LOOP('',(#8105,#8106,#8107,#8108,#8109,#8110,#8111,#8112));
#2028=EDGE_LOOP('',(#8113,#8114,#8115,#8116,#8117,#8118,#8119,#8120));
#2029=EDGE_LOOP('',(#8121,#8122,#8123,#8124,#8125,#8126,#8127,#8128,#8129,
#8130,#8131,#8132,#8133,#8134,#8135,#8136,#8137,#8138,#8139,#8140,#8141,
#8142,#8143,#8144,#8145,#8146,#8147,#8148,#8149,#8150,#8151,#8152,#8153,
#8154,#8155,#8156,#8157,#8158,#8159,#8160));
#2030=EDGE_LOOP('',(#8161,#8162,#8163,#8164,#8165,#8166,#8167,#8168,#8169,
#8170,#8171,#8172,#8173,#8174,#8175,#8176,#8177,#8178,#8179,#8180,#8181,
#8182,#8183,#8184,#8185,#8186,#8187,#8188,#8189,#8190,#8191,#8192,#8193,
#8194,#8195,#8196,#8197,#8198,#8199,#8200,#8201,#8202,#8203,#8204,#8205,
#8206,#8207,#8208,#8209,#8210,#8211,#8212,#8213,#8214,#8215,#8216,#8217,
#8218,#8219,#8220,#8221,#8222,#8223,#8224,#8225,#8226,#8227,#8228,#8229,
#8230,#8231,#8232,#8233,#8234,#8235,#8236,#8237,#8238,#8239,#8240,#8241,
#8242,#8243,#8244,#8245,#8246,#8247,#8248,#8249,#8250,#8251,#8252,#8253,
#8254,#8255,#8256,#8257,#8258,#8259,#8260,#8261,#8262,#8263,#8264,#8265,
#8266,#8267,#8268,#8269,#8270,#8271,#8272,#8273,#8274,#8275,#8276,#8277,
#8278));
#2031=EDGE_LOOP('',(#8279,#8280,#8281,#8282));
#2032=EDGE_LOOP('',(#8283,#8284,#8285,#8286,#8287,#8288,#8289,#8290,#8291,
#8292,#8293,#8294));
#2033=EDGE_LOOP('',(#8295,#8296,#8297,#8298,#8299,#8300));
#2034=EDGE_LOOP('',(#8301,#8302,#8303,#8304));
#2035=EDGE_LOOP('',(#8305,#8306,#8307,#8308));
#2036=EDGE_LOOP('',(#8309));
#2037=EDGE_LOOP('',(#8310,#8311,#8312,#8313));
#2038=EDGE_LOOP('',(#8314,#8315,#8316,#8317));
#2039=EDGE_LOOP('',(#8318,#8319,#8320,#8321));
#2040=EDGE_LOOP('',(#8322,#8323,#8324,#8325));
#2041=EDGE_LOOP('',(#8326,#8327,#8328,#8329));
#2042=EDGE_LOOP('',(#8330,#8331,#8332,#8333));
#2043=EDGE_LOOP('',(#8334,#8335,#8336,#8337));
#2044=EDGE_LOOP('',(#8338,#8339,#8340,#8341));
#2045=EDGE_LOOP('',(#8342,#8343,#8344,#8345));
#2046=EDGE_LOOP('',(#8346,#8347,#8348,#8349));
#2047=EDGE_LOOP('',(#8350,#8351,#8352,#8353));
#2048=EDGE_LOOP('',(#8354,#8355,#8356,#8357));
#2049=EDGE_LOOP('',(#8358,#8359,#8360,#8361,#8362,#8363));
#2050=EDGE_LOOP('',(#8364,#8365,#8366,#8367));
#2051=EDGE_LOOP('',(#8368));
#2052=EDGE_LOOP('',(#8369));
#2053=EDGE_LOOP('',(#8370,#8371,#8372,#8373,#8374,#8375,#8376,#8377,#8378,
#8379,#8380,#8381,#8382));
#2054=EDGE_LOOP('',(#8383,#8384,#8385,#8386));
#2055=EDGE_LOOP('',(#8387,#8388,#8389,#8390));
#2056=EDGE_LOOP('',(#8391,#8392,#8393,#8394));
#2057=EDGE_LOOP('',(#8395,#8396,#8397,#8398,#8399));
#2058=EDGE_LOOP('',(#8400,#8401,#8402,#8403,#8404));
#2059=EDGE_LOOP('',(#8405,#8406,#8407,#8408));
#2060=EDGE_LOOP('',(#8409,#8410,#8411,#8412));
#2061=EDGE_LOOP('',(#8413,#8414,#8415,#8416));
#2062=EDGE_LOOP('',(#8417,#8418,#8419,#8420,#8421));
#2063=EDGE_LOOP('',(#8422,#8423,#8424,#8425,#8426));
#2064=EDGE_LOOP('',(#8427,#8428,#8429,#8430));
#2065=EDGE_LOOP('',(#8431,#8432,#8433,#8434));
#2066=EDGE_LOOP('',(#8435,#8436,#8437,#8438));
#2067=EDGE_LOOP('',(#8439,#8440,#8441,#8442));
#2068=EDGE_LOOP('',(#8443,#8444,#8445,#8446));
#2069=EDGE_LOOP('',(#8447,#8448,#8449,#8450,#8451,#8452));
#2070=EDGE_LOOP('',(#8453,#8454,#8455,#8456,#8457,#8458));
#2071=EDGE_LOOP('',(#8459,#8460,#8461,#8462));
#2072=EDGE_LOOP('',(#8463,#8464,#8465,#8466,#8467,#8468,#8469,#8470,#8471,
#8472,#8473,#8474));
#2073=EDGE_LOOP('',(#8475,#8476,#8477,#8478,#8479,#8480));
#2074=EDGE_LOOP('',(#8481,#8482,#8483,#8484));
#2075=EDGE_LOOP('',(#8485,#8486,#8487,#8488));
#2076=EDGE_LOOP('',(#8489));
#2077=EDGE_LOOP('',(#8490,#8491,#8492,#8493));
#2078=EDGE_LOOP('',(#8494,#8495,#8496,#8497));
#2079=EDGE_LOOP('',(#8498,#8499,#8500,#8501));
#2080=EDGE_LOOP('',(#8502,#8503,#8504,#8505));
#2081=EDGE_LOOP('',(#8506,#8507,#8508,#8509));
#2082=EDGE_LOOP('',(#8510,#8511,#8512,#8513));
#2083=EDGE_LOOP('',(#8514,#8515,#8516,#8517));
#2084=EDGE_LOOP('',(#8518,#8519,#8520,#8521));
#2085=EDGE_LOOP('',(#8522,#8523,#8524,#8525));
#2086=EDGE_LOOP('',(#8526,#8527,#8528,#8529));
#2087=EDGE_LOOP('',(#8530,#8531,#8532,#8533));
#2088=EDGE_LOOP('',(#8534,#8535,#8536,#8537));
#2089=EDGE_LOOP('',(#8538,#8539,#8540,#8541,#8542,#8543));
#2090=EDGE_LOOP('',(#8544,#8545,#8546,#8547));
#2091=EDGE_LOOP('',(#8548));
#2092=EDGE_LOOP('',(#8549));
#2093=EDGE_LOOP('',(#8550,#8551,#8552,#8553,#8554,#8555,#8556,#8557,#8558,
#8559,#8560,#8561,#8562));
#2094=EDGE_LOOP('',(#8563,#8564,#8565,#8566));
#2095=EDGE_LOOP('',(#8567,#8568,#8569,#8570));
#2096=EDGE_LOOP('',(#8571,#8572,#8573,#8574));
#2097=EDGE_LOOP('',(#8575,#8576,#8577,#8578,#8579));
#2098=EDGE_LOOP('',(#8580,#8581,#8582,#8583,#8584));
#2099=EDGE_LOOP('',(#8585,#8586,#8587,#8588));
#2100=EDGE_LOOP('',(#8589,#8590,#8591,#8592));
#2101=EDGE_LOOP('',(#8593,#8594,#8595,#8596));
#2102=EDGE_LOOP('',(#8597,#8598,#8599,#8600,#8601));
#2103=EDGE_LOOP('',(#8602,#8603,#8604,#8605,#8606));
#2104=EDGE_LOOP('',(#8607,#8608,#8609,#8610));
#2105=EDGE_LOOP('',(#8611,#8612,#8613,#8614));
#2106=EDGE_LOOP('',(#8615,#8616,#8617,#8618));
#2107=EDGE_LOOP('',(#8619,#8620,#8621,#8622));
#2108=EDGE_LOOP('',(#8623,#8624,#8625,#8626));
#2109=EDGE_LOOP('',(#8627,#8628,#8629,#8630,#8631,#8632));
#2110=EDGE_LOOP('',(#8633,#8634,#8635,#8636,#8637,#8638));
#2111=CIRCLE('',#9249,0.0335818012680662);
#2112=CIRCLE('',#9250,0.0335818012680662);
#2113=CIRCLE('',#9252,0.033581801268406);
#2114=CIRCLE('',#9253,0.033581801268406);
#2115=CIRCLE('',#9255,0.0335818012708099);
#2116=CIRCLE('',#9256,0.0335818012708099);
#2117=CIRCLE('',#9258,0.0671636025399509);
#2118=CIRCLE('',#9259,0.0671636025399509);
#2119=CIRCLE('',#9261,0.201490807616427);
#2120=CIRCLE('',#9262,0.201490807616427);
#2121=CIRCLE('',#9264,0.0671636025410192);
#2122=CIRCLE('',#9265,0.0671636025410192);
#2123=CIRCLE('',#9267,0.0335818012706507);
#2124=CIRCLE('',#9268,0.0335818012706507);
#2125=CIRCLE('',#9270,0.134327205078006);
#2126=CIRCLE('',#9271,0.134327205078006);
#2127=CIRCLE('',#9273,3.3438627675405);
#2128=CIRCLE('',#9274,3.3438627675405);
#2129=CIRCLE('',#9276,2.84011431221291);
#2130=CIRCLE('',#9277,2.84011431221291);
#2131=CIRCLE('',#9279,0.733638142842943);
#2132=CIRCLE('',#9280,0.733638142842943);
#2133=CIRCLE('',#9282,1.11011408694832);
#2134=CIRCLE('',#9283,1.11011408694832);
#2135=CIRCLE('',#9285,0.733573676925051);
#2136=CIRCLE('',#9286,0.733573676925051);
#2137=CIRCLE('',#9288,0.290064681337252);
#2138=CIRCLE('',#9289,0.290064681337252);
#2139=CIRCLE('',#9291,1.11224249025963);
#2140=CIRCLE('',#9292,1.11224249025963);
#2141=CIRCLE('',#9294,0.0799999999999996);
#2142=CIRCLE('',#9295,0.0799999999999996);
#2143=CIRCLE('',#9297,0.0500000000000014);
#2144=CIRCLE('',#9298,0.0500000000000014);
#2145=CIRCLE('',#9300,0.0500000000000016);
#2146=CIRCLE('',#9301,0.0500000000000016);
#2147=CIRCLE('',#9303,0.0800000000000019);
#2148=CIRCLE('',#9304,0.0800000000000019);
#2149=CIRCLE('',#9306,0.0499999999999986);
#2150=CIRCLE('',#9307,0.0499999999999986);
#2151=CIRCLE('',#9309,0.0800000000000019);
#2152=CIRCLE('',#9310,0.0800000000000019);
#2153=CIRCLE('',#9312,0.0800000000000013);
#2154=CIRCLE('',#9313,0.0800000000000013);
#2155=CIRCLE('',#9315,0.0499999999999997);
#2156=CIRCLE('',#9316,0.0499999999999997);
#2157=CIRCLE('',#9318,0.0800000000000005);
#2158=CIRCLE('',#9319,0.0800000000000005);
#2159=CIRCLE('',#9321,0.0499999999999996);
#2160=CIRCLE('',#9322,0.0499999999999996);
#2161=CIRCLE('',#9324,0.0500000000000001);
#2162=CIRCLE('',#9325,0.0500000000000001);
#2163=CIRCLE('',#9327,0.08);
#2164=CIRCLE('',#9328,0.08);
#2165=CIRCLE('',#9330,0.0800000000000003);
#2166=CIRCLE('',#9331,0.0800000000000003);
#2167=CIRCLE('',#9333,0.0500000000000001);
#2168=CIRCLE('',#9334,0.0500000000000001);
#2169=CIRCLE('',#9336,0.0499999999999998);
#2170=CIRCLE('',#9337,0.0499999999999998);
#2171=CIRCLE('',#9339,0.08);
#2172=CIRCLE('',#9340,0.08);
#2173=CIRCLE('',#9342,1.5);
#2174=CIRCLE('',#9343,1.5);
#2175=CIRCLE('',#9345,2.);
#2176=CIRCLE('',#9346,2.);
#2177=CIRCLE('',#9348,1.85);
#2178=CIRCLE('',#9349,1.85);
#2179=CIRCLE('',#9351,1.90435778713738);
#2180=CIRCLE('',#9352,0.0499999999999961);
#2181=CIRCLE('',#9354,2.);
#2182=CIRCLE('',#9356,2.);
#2183=CIRCLE('',#9358,1.5);
#2184=CIRCLE('',#9359,1.5);
#2185=CIRCLE('',#9361,2.);
#2186=CIRCLE('',#9362,2.);
#2187=CIRCLE('',#9364,1.85);
#2188=CIRCLE('',#9365,1.85);
#2189=CIRCLE('',#9367,1.90435778713738);
#2190=CIRCLE('',#9368,0.0499999999999961);
#2191=CIRCLE('',#9370,2.);
#2192=CIRCLE('',#9372,2.);
#2193=CIRCLE('',#9374,0.499999999999999);
#2194=CIRCLE('',#9375,0.200000000000007);
#2195=CIRCLE('',#9376,0.200000000000006);
#2196=CIRCLE('',#9377,0.399999999999996);
#2197=CIRCLE('',#9378,1.04998980277714);
#2198=CIRCLE('',#9379,0.89339806774642);
#2199=CIRCLE('',#9380,0.274417909507783);
#2200=CIRCLE('',#9381,0.186306758035804);
#2201=CIRCLE('',#9382,0.12895647507802);
#2202=CIRCLE('',#9383,0.115016415165908);
#2203=CIRCLE('',#9384,0.128844492751339);
#2204=CIRCLE('',#9385,0.203099720068335);
#2205=CIRCLE('',#9386,0.511726081213694);
#2206=CIRCLE('',#9387,0.359606337638138);
#2207=CIRCLE('',#9388,0.162567327401385);
#2208=CIRCLE('',#9389,0.101916681955152);
#2209=CIRCLE('',#9390,0.130226991265468);
#2210=CIRCLE('',#9391,0.226054036917003);
#2211=CIRCLE('',#9392,0.336696567975746);
#2212=CIRCLE('',#9393,0.648233272830654);
#2213=CIRCLE('',#9395,2.58105691204648);
#2214=CIRCLE('',#9396,1.56512178882349);
#2215=CIRCLE('',#9397,0.477935599491178);
#2216=CIRCLE('',#9398,0.33341289819292);
#2217=CIRCLE('',#9399,0.227875023488451);
#2218=CIRCLE('',#9400,0.239983658831595);
#2219=CIRCLE('',#9401,0.30983370943594);
#2220=CIRCLE('',#9402,0.449511723554627);
#2221=CIRCLE('',#9403,0.892229357017857);
#2222=CIRCLE('',#9404,0.757123107545146);
#2223=CIRCLE('',#9405,0.332151241068132);
#2224=CIRCLE('',#9406,0.232999000685984);
#2225=CIRCLE('',#9407,0.24316079325995);
#2226=CIRCLE('',#9408,0.26126699981825);
#2227=CIRCLE('',#9409,0.291120167101777);
#2228=CIRCLE('',#9410,0.447756804073694);
#2229=CIRCLE('',#9411,0.368044567881666);
#2230=CIRCLE('',#9412,0.717185889763348);
#2231=CIRCLE('',#9413,0.435846392205025);
#2232=CIRCLE('',#9414,1.40765915509525);
#2233=CIRCLE('',#9415,0.694398397504713);
#2234=CIRCLE('',#9417,0.23932538431702);
#2235=CIRCLE('',#9418,0.286910910292614);
#2236=CIRCLE('',#9419,0.171447056146894);
#2237=CIRCLE('',#9420,0.173792965796669);
#2238=CIRCLE('',#9421,0.169238375639733);
#2239=CIRCLE('',#9422,0.205550902861093);
#2240=CIRCLE('',#9423,0.540214415715636);
#2241=CIRCLE('',#9424,0.408650853436205);
#2242=CIRCLE('',#9425,0.194568189145588);
#2243=CIRCLE('',#9426,0.17585985911498);
#2244=CIRCLE('',#9427,0.16582904186397);
#2245=CIRCLE('',#9428,0.218351377620092);
#2246=CIRCLE('',#9429,0.164722310051097);
#2247=CIRCLE('',#9430,0.262530458382869);
#2248=CIRCLE('',#9431,0.364674430931621);
#2249=CIRCLE('',#9433,1.72069953263387);
#2250=CIRCLE('',#9434,1.71095004317488);
#2251=CIRCLE('',#9435,0.59189617860861);
#2252=CIRCLE('',#9436,0.377256227473334);
#2253=CIRCLE('',#9437,0.235451248468346);
#2254=CIRCLE('',#9438,0.178216759339271);
#2255=CIRCLE('',#9439,0.183167257958497);
#2256=CIRCLE('',#9440,0.221984666146013);
#2257=CIRCLE('',#9441,0.518487635065635);
#2258=CIRCLE('',#9442,0.774731600330831);
#2259=CIRCLE('',#9443,0.204089191320231);
#2260=CIRCLE('',#9444,0.174168102024118);
#2261=CIRCLE('',#9445,0.625763974505396);
#2262=CIRCLE('',#9446,0.334109062722861);
#2263=CIRCLE('',#9447,0.127076987268378);
#2264=CIRCLE('',#9448,0.101796300160211);
#2265=CIRCLE('',#9449,0.165686639143434);
#2266=CIRCLE('',#9452,0.795168685101915);
#2267=CIRCLE('',#9453,0.664452678262951);
#2268=CIRCLE('',#9454,0.31095692125338);
#2269=CIRCLE('',#9455,0.280210357796334);
#2270=CIRCLE('',#9456,0.363468836590647);
#2271=CIRCLE('',#9457,0.48979395334454);
#2272=CIRCLE('',#9458,0.674140678389481);
#2273=CIRCLE('',#9459,1.38070536302953);
#2274=CIRCLE('',#9460,2.01353250533612);
#2275=CIRCLE('',#9461,0.718668182803107);
#2276=CIRCLE('',#9462,0.590282931452858);
#2277=CIRCLE('',#9463,0.458769221297917);
#2278=CIRCLE('',#9464,0.331633991823433);
#2279=CIRCLE('',#9465,0.294459320587517);
#2280=CIRCLE('',#9466,0.344902007641233);
#2281=CIRCLE('',#9467,0.91423464271113);
#2282=CIRCLE('',#9468,0.971236125822905);
#2283=CIRCLE('',#9469,0.435424071390533);
#2284=CIRCLE('',#9470,0.322694048644275);
#2285=CIRCLE('',#9471,0.291879996852998);
#2286=CIRCLE('',#9472,0.300354943420853);
#2287=CIRCLE('',#9473,0.463788636543842);
#2288=CIRCLE('',#9474,0.568796945509417);
#2289=CIRCLE('',#9475,1.40765915501919);
#2290=CIRCLE('',#9476,0.694398397503298);
#2291=CIRCLE('',#9478,0.23932538431657);
#2292=CIRCLE('',#9479,0.286910910290185);
#2293=CIRCLE('',#9480,0.171447056147217);
#2294=CIRCLE('',#9481,0.1737929657967);
#2295=CIRCLE('',#9482,0.16923837563904);
#2296=CIRCLE('',#9483,0.205550902859919);
#2297=CIRCLE('',#9484,0.540214415719862);
#2298=CIRCLE('',#9485,0.408650853436818);
#2299=CIRCLE('',#9486,0.194568189146734);
#2300=CIRCLE('',#9487,0.175859859115095);
#2301=CIRCLE('',#9488,0.165829041864286);
#2302=CIRCLE('',#9489,0.21835137762215);
#2303=CIRCLE('',#9490,0.16472231005259);
#2304=CIRCLE('',#9491,0.262530458381764);
#2305=CIRCLE('',#9492,0.364674430935799);
#2306=CIRCLE('',#9494,1.72069953232255);
#2307=CIRCLE('',#9495,1.7109500440574);
#2308=CIRCLE('',#9496,0.591896178608944);
#2309=CIRCLE('',#9497,0.3772562274822);
#2310=CIRCLE('',#9498,0.235451248470516);
#2311=CIRCLE('',#9499,0.178216759339341);
#2312=CIRCLE('',#9500,0.183167257957681);
#2313=CIRCLE('',#9501,0.221984666146267);
#2314=CIRCLE('',#9502,0.518487635063939);
#2315=CIRCLE('',#9503,0.774731600335246);
#2316=CIRCLE('',#9504,0.204089191320062);
#2317=CIRCLE('',#9505,0.174168102024151);
#2318=CIRCLE('',#9506,0.625763974494809);
#2319=CIRCLE('',#9507,0.334109062730956);
#2320=CIRCLE('',#9508,0.127076987269203);
#2321=CIRCLE('',#9509,0.101796300160482);
#2322=CIRCLE('',#9510,0.165686639143341);
#2323=CIRCLE('',#9513,0.795168685099794);
#2324=CIRCLE('',#9514,0.664452678265839);
#2325=CIRCLE('',#9515,0.310956921253816);
#2326=CIRCLE('',#9516,0.280210357796812);
#2327=CIRCLE('',#9517,0.363468836592514);
#2328=CIRCLE('',#9518,0.489793953347055);
#2329=CIRCLE('',#9519,0.674140678394011);
#2330=CIRCLE('',#9520,1.38070536336049);
#2331=CIRCLE('',#9521,2.01353250589618);
#2332=CIRCLE('',#9522,0.71866818280332);
#2333=CIRCLE('',#9523,0.590282931462315);
#2334=CIRCLE('',#9524,0.458769221289309);
#2335=CIRCLE('',#9525,0.331633991823744);
#2336=CIRCLE('',#9526,0.294459320587435);
#2337=CIRCLE('',#9527,0.344902007641153);
#2338=CIRCLE('',#9528,0.914234642614956);
#2339=CIRCLE('',#9529,0.971236125693005);
#2340=CIRCLE('',#9530,0.435424071392835);
#2341=CIRCLE('',#9531,0.322694048643815);
#2342=CIRCLE('',#9532,0.291879996852817);
#2343=CIRCLE('',#9533,0.300354943421329);
#2344=CIRCLE('',#9534,0.463788636540288);
#2345=CIRCLE('',#9535,0.568796945539786);
#2346=CIRCLE('',#9536,1.01228074921368);
#2347=CIRCLE('',#9537,0.254127228215731);
#2348=CIRCLE('',#9538,0.170372140828797);
#2349=CIRCLE('',#9539,0.120972805429217);
#2350=CIRCLE('',#9540,0.0983504235911529);
#2351=CIRCLE('',#9541,0.131215201850244);
#2352=CIRCLE('',#9542,0.126605088068735);
#2353=CIRCLE('',#9543,0.184825018012483);
#2354=CIRCLE('',#9544,0.486650707390099);
#2355=CIRCLE('',#9545,0.470260698230423);
#2356=CIRCLE('',#9546,0.207385379970282);
#2357=CIRCLE('',#9547,0.15424702490024);
#2358=CIRCLE('',#9548,0.112757772503841);
#2359=CIRCLE('',#9549,0.0985567226685622);
#2360=CIRCLE('',#9550,0.129275521601132);
#2361=CIRCLE('',#9551,0.217266411423625);
#2362=CIRCLE('',#9552,0.306316265536903);
#2363=CIRCLE('',#9553,0.489724676810774);
#2364=CIRCLE('',#9554,0.780385744945062);
#2365=CIRCLE('',#9555,0.346137831698061);
#2366=CIRCLE('',#9556,0.244907170223581);
#2367=CIRCLE('',#9557,0.231060458396297);
#2368=CIRCLE('',#9558,0.262948610581302);
#2369=CIRCLE('',#9559,0.379234266970077);
#2370=CIRCLE('',#9560,0.594510121913088);
#2371=CIRCLE('',#9561,1.08997814101998);
#2372=CIRCLE('',#9562,1.09556186792393);
#2373=CIRCLE('',#9563,0.394316759487307);
#2374=CIRCLE('',#9564,0.270997187392563);
#2375=CIRCLE('',#9565,0.232229584028808);
#2376=CIRCLE('',#9566,0.306842629806977);
#2377=CIRCLE('',#9567,0.366359091044204);
#2378=CIRCLE('',#9568,0.922471907281192);
#2379=CIRCLE('',#9569,0.683863035970901);
#2380=CIRCLE('',#9570,0.325574261420951);
#2381=CIRCLE('',#9571,0.141370776753874);
#2382=CIRCLE('',#9572,0.122840304120711);
#2383=CIRCLE('',#9573,0.112110047880306);
#2384=CIRCLE('',#9574,0.128392670695484);
#2385=CIRCLE('',#9576,0.295595053770105);
#2386=CIRCLE('',#9577,0.763852366011002);
#2387=CIRCLE('',#9578,0.48914278466569);
#2388=CIRCLE('',#9579,0.199296214595699);
#2389=CIRCLE('',#9580,0.611323249484158);
#2390=CIRCLE('',#9582,0.221018003127541);
#2391=CIRCLE('',#9583,0.112400039059129);
#2392=CIRCLE('',#9584,0.188026216685142);
#2393=CIRCLE('',#9585,0.0867018148259037);
#2394=CIRCLE('',#9586,0.0846447694893821);
#2395=CIRCLE('',#9587,0.0743539693084151);
#2396=CIRCLE('',#9588,0.10885104906618);
#2397=CIRCLE('',#9589,0.0774316778792521);
#2398=CIRCLE('',#9590,0.158400381997752);
#2399=CIRCLE('',#9591,0.0929093984157297);
#2400=CIRCLE('',#9592,0.0408434761741392);
#2401=CIRCLE('',#9593,0.0581208296442219);
#2402=CIRCLE('',#9594,0.0855808063776965);
#2403=CIRCLE('',#9595,0.137885193378846);
#2404=CIRCLE('',#9596,0.275594821362512);
#2405=CIRCLE('',#9597,0.382799065497655);
#2406=CIRCLE('',#9598,0.542360202596033);
#2407=CIRCLE('',#9599,1.80619022245574);
#2408=CIRCLE('',#9600,0.615924850716143);
#2409=CIRCLE('',#9601,1.06546842496191);
#2410=CIRCLE('',#9602,0.0788535252441252);
#2411=CIRCLE('',#9603,1.58437420258792);
#2412=CIRCLE('',#9604,0.702907463510482);
#2413=CIRCLE('',#9605,1.51259553816756);
#2414=CIRCLE('',#9606,0.540048505907229);
#2415=CIRCLE('',#9607,0.351282040989379);
#2416=CIRCLE('',#9608,0.18918382507037);
#2417=CIRCLE('',#9609,0.505995888465566);
#2418=CIRCLE('',#9610,0.167557955439315);
#2419=CIRCLE('',#9611,0.205433890653034);
#2420=CIRCLE('',#9612,0.238138723612648);
#2421=CIRCLE('',#9613,0.617481447214782);
#2422=CIRCLE('',#9614,0.552077032144857);
#2423=CIRCLE('',#9615,0.242249821286271);
#2424=CIRCLE('',#9616,0.210815080027141);
#2425=CIRCLE('',#9617,0.19091883113054);
#2426=CIRCLE('',#9618,0.227175983887476);
#2427=CIRCLE('',#9619,0.341109296686382);
#2428=CIRCLE('',#9620,0.483888049558264);
#2429=CIRCLE('',#9621,1.23728743249688);
#2430=CIRCLE('',#9622,1.05163433221359);
#2431=CIRCLE('',#9623,0.375022631384966);
#2432=CIRCLE('',#9624,0.263229430475145);
#2433=CIRCLE('',#9625,0.21590052141188);
#2434=CIRCLE('',#9626,0.270485255938516);
#2435=CIRCLE('',#9627,0.72471756372225);
#2436=CIRCLE('',#9628,0.327621509805386);
#2437=CIRCLE('',#9629,0.139506772954192);
#2438=CIRCLE('',#9630,0.100552464805986);
#2439=CIRCLE('',#9631,0.134932498727992);
#2440=CIRCLE('',#9632,0.105007664089534);
#2441=CIRCLE('',#9633,0.131281273898);
#2442=CIRCLE('',#9634,0.199443192492299);
#2443=CIRCLE('',#9635,0.570088876549875);
#2444=CIRCLE('',#9636,0.547523373455513);
#2445=CIRCLE('',#9637,0.174638627704925);
#2446=CIRCLE('',#9638,0.125831528744744);
#2447=CIRCLE('',#9639,0.0851646216342988);
#2448=CIRCLE('',#9642,0.0986617534097016);
#2449=CIRCLE('',#9643,0.105364022475153);
#2450=CIRCLE('',#9644,0.1900724735624);
#2451=CIRCLE('',#9645,0.162252677453403);
#2452=CIRCLE('',#9646,0.0666562242161961);
#2453=CIRCLE('',#9647,0.0501899765042383);
#2454=CIRCLE('',#9648,0.0679700809071093);
#2455=CIRCLE('',#9649,0.0996761057590088);
#2456=CIRCLE('',#9650,0.14678176172531);
#2457=CIRCLE('',#9651,0.186213943071236);
#2458=CIRCLE('',#9652,0.301359515466777);
#2459=CIRCLE('',#9653,0.58603183782607);
#2460=CIRCLE('',#9654,1.0556242373273);
#2461=CIRCLE('',#9655,1.14051337171912);
#2462=CIRCLE('',#9656,4.84033949680461);
#2463=CIRCLE('',#9657,3.89850681398805);
#2464=CIRCLE('',#9658,0.55730740282236);
#2465=CIRCLE('',#9659,0.306570999549888);
#2466=CIRCLE('',#9660,0.595648496275556);
#2467=CIRCLE('',#9661,0.657504519520366);
#2468=CIRCLE('',#9662,0.165984834623273);
#2469=CIRCLE('',#9663,0.204648350299905);
#2470=CIRCLE('',#9664,0.52022845489855);
#2471=CIRCLE('',#9665,0.533915516826736);
#2472=CIRCLE('',#9666,0.2451771146271);
#2473=CIRCLE('',#9667,0.238875434803548);
#2474=CIRCLE('',#9668,0.203499590314648);
#2475=CIRCLE('',#9669,0.252542431392964);
#2476=CIRCLE('',#9670,0.393390380208494);
#2477=CIRCLE('',#9671,0.507715617978641);
#2478=CIRCLE('',#9672,1.32290224614884);
#2479=CIRCLE('',#9673,1.14001678506887);
#2480=CIRCLE('',#9674,0.433751477317688);
#2481=CIRCLE('',#9675,0.290467935590992);
#2482=CIRCLE('',#9676,0.228355736174701);
#2483=CIRCLE('',#9677,0.299806780655037);
#2484=CIRCLE('',#9678,0.134327205077214);
#2485=CIRCLE('',#9679,0.134327205077049);
#2486=CIRCLE('',#9680,0.0671636025381022);
#2487=CIRCLE('',#9681,0.0671636025422771);
#2488=CIRCLE('',#9682,0.067163602538835);
#2489=CIRCLE('',#9683,0.066445165594449);
#2490=CIRCLE('',#9684,0.232174492493891);
#2491=CIRCLE('',#9685,1.37427429265565);
#2492=CIRCLE('',#9686,1.32971929898924);
#2493=CIRCLE('',#9687,0.534863233853079);
#2494=CIRCLE('',#9688,0.386200064679558);
#2495=CIRCLE('',#9689,0.299020241580804);
#2496=CIRCLE('',#9690,0.375980314866945);
#2497=CIRCLE('',#9691,0.462109415641514);
#2498=CIRCLE('',#9692,1.09034771842622);
#2499=CIRCLE('',#9693,0.97601526223747);
#2500=CIRCLE('',#9694,0.425691138360139);
#2501=CIRCLE('',#9695,0.284965328614518);
#2502=CIRCLE('',#9696,0.2494768049039);
#2503=CIRCLE('',#9697,0.319785285970619);
#2504=CIRCLE('',#9698,0.75055031384502);
#2505=CIRCLE('',#9699,0.447771783512996);
#2506=CIRCLE('',#9700,0.174731253553659);
#2507=CIRCLE('',#9701,0.140416510255621);
#2508=CIRCLE('',#9702,0.151502990807363);
#2509=CIRCLE('',#9703,0.205486965547959);
#2510=CIRCLE('',#9704,0.347599676703061);
#2511=CIRCLE('',#9705,0.689063120012892);
#2512=CIRCLE('',#9706,0.615516665395592);
#2513=CIRCLE('',#9707,0.227040415110606);
#2514=CIRCLE('',#9708,0.18018286030437);
#2515=CIRCLE('',#9709,0.181660851695057);
#2516=CIRCLE('',#9710,0.260637175712653);
#2517=CIRCLE('',#9711,0.398345210027789);
#2518=CIRCLE('',#9712,0.636156920929451);
#2519=CIRCLE('',#9713,1.26735152324198);
#2520=CIRCLE('',#9714,0.87110664942296);
#2521=CIRCLE('',#9716,0.322863349039788);
#2522=CIRCLE('',#9717,0.215817521886002);
#2523=CIRCLE('',#9718,0.175642150728676);
#2524=CIRCLE('',#9719,0.178201983399721);
#2525=CIRCLE('',#9720,0.221733635083109);
#2526=CIRCLE('',#9721,0.466975781647024);
#2527=CIRCLE('',#9722,0.624675871293866);
#2528=CIRCLE('',#9723,0.194969210043543);
#2529=CIRCLE('',#9724,0.151738885220461);
#2530=CIRCLE('',#9725,0.150829200696769);
#2531=CIRCLE('',#9726,0.246541358592013);
#2532=CIRCLE('',#9727,0.170209256735546);
#2533=CIRCLE('',#9728,0.453447404753792);
#2534=CIRCLE('',#9729,0.712982714058345);
#2535=CIRCLE('',#9730,0.281586485508369);
#2536=CIRCLE('',#9731,0.270537465465328);
#2537=CIRCLE('',#9732,0.31819816212292);
#2538=CIRCLE('',#9733,0.41770186415386);
#2539=CIRCLE('',#9734,1.0964173286906);
#2540=CIRCLE('',#9735,1.00706205731438);
#2541=CIRCLE('',#9736,0.406433245713148);
#2542=CIRCLE('',#9737,0.302391754519107);
#2543=CIRCLE('',#9738,0.354720809933253);
#2544=CIRCLE('',#9739,0.498299672451689);
#2545=CIRCLE('',#9740,0.749349920279699);
#2546=CIRCLE('',#9741,1.11405709127083);
#2547=CIRCLE('',#9742,1.35218556270722);
#2548=CIRCLE('',#9743,0.561599567042966);
#2549=CIRCLE('',#9744,0.405255971313146);
#2550=CIRCLE('',#9745,0.325455802783673);
#2551=CIRCLE('',#9746,0.26368339635406);
#2552=CIRCLE('',#9747,0.230203248027912);
#2553=CIRCLE('',#9748,0.537420834103709);
#2554=CIRCLE('',#9749,0.596781774412858);
#2555=CIRCLE('',#9750,0.268781063505651);
#2556=CIRCLE('',#9751,0.207392494517873);
#2557=CIRCLE('',#9752,0.215707436745835);
#2558=CIRCLE('',#9753,0.247947576707368);
#2559=CIRCLE('',#9754,0.424403339871754);
#2560=CIRCLE('',#9755,0.260633761739765);
#2561=CIRCLE('',#9756,0.490540858792984);
#2562=CIRCLE('',#9757,0.843199594364786);
#2563=CIRCLE('',#9758,0.931707475368724);
#2564=CIRCLE('',#9759,0.418053370430917);
#2565=CIRCLE('',#9760,0.284281270967096);
#2566=CIRCLE('',#9761,0.365743590690964);
#2567=CIRCLE('',#9762,0.986959031066054);
#2568=CIRCLE('',#9763,0.821515602176589);
#2569=CIRCLE('',#9764,0.343357469050103);
#2570=CIRCLE('',#9765,0.396451318831295);
#2571=CIRCLE('',#9766,0.309108645104204);
#2572=CIRCLE('',#9767,0.288938161151206);
#2573=CIRCLE('',#9768,0.34923968345135);
#2574=CIRCLE('',#9769,0.386594830282896);
#2575=CIRCLE('',#9770,0.997127953708232);
#2576=CIRCLE('',#9771,0.897201448058303);
#2577=CIRCLE('',#9772,0.410006294085756);
#2578=CIRCLE('',#9773,0.293013865921305);
#2579=CIRCLE('',#9774,0.408364310642141);
#2580=CIRCLE('',#9775,0.221572533777051);
#2581=CIRCLE('',#9776,0.221427754564979);
#2582=CIRCLE('',#9777,0.199550145557738);
#2583=CIRCLE('',#9778,0.268114866850534);
#2584=CIRCLE('',#9779,0.612979860286398);
#2585=CIRCLE('',#9780,0.774849387695056);
#2586=CIRCLE('',#9781,0.299949824131466);
#2587=CIRCLE('',#9782,0.244575677394544);
#2588=CIRCLE('',#9783,0.314167869752274);
#2589=CIRCLE('',#9784,0.345995725206266);
#2590=CIRCLE('',#9785,0.609034428187151);
#2591=CIRCLE('',#9786,0.608127643394335);
#2592=CIRCLE('',#9787,1.11564330540636);
#2593=CIRCLE('',#9788,1.61361251325284);
#2594=CIRCLE('',#9789,0.588777262267636);
#2595=CIRCLE('',#9790,0.390737874168311);
#2596=CIRCLE('',#9791,0.302233849629601);
#2597=CIRCLE('',#9792,0.315117846015063);
#2598=CIRCLE('',#9793,0.419210318410094);
#2599=CIRCLE('',#9794,0.954041698334191);
#2600=CIRCLE('',#9795,0.89493169533283);
#2601=CIRCLE('',#9796,0.387431253017596);
#2602=CIRCLE('',#9797,0.319737690580228);
#2603=CIRCLE('',#9798,0.334104331762741);
#2604=CIRCLE('',#9799,0.350643570840066);
#2605=CIRCLE('',#9800,0.451150834737616);
#2606=CIRCLE('',#9801,0.523828006109275);
#2607=CIRCLE('',#9802,2.20169106862573);
#2608=CIRCLE('',#9803,1.12417378694825);
#2609=CIRCLE('',#9804,0.958973984467283);
#2610=CIRCLE('',#9805,0.635525950057259);
#2611=CIRCLE('',#9806,0.462814322052131);
#2612=CIRCLE('',#9807,0.285761823062941);
#2613=CIRCLE('',#9808,0.255994588467839);
#2614=CIRCLE('',#9809,0.345161649033614);
#2615=CIRCLE('',#9810,0.616300161224303);
#2616=CIRCLE('',#9811,1.38670242833239);
#2617=CIRCLE('',#9812,0.309178468944955);
#2618=CIRCLE('',#9813,0.283049165557849);
#2619=CIRCLE('',#9814,0.372062259233954);
#2620=CIRCLE('',#9815,0.892359206613284);
#2621=CIRCLE('',#9816,0.934675162144147);
#2622=CIRCLE('',#9817,0.42004751782146);
#2623=CIRCLE('',#9818,0.655387762287657);
#2624=CIRCLE('',#9819,0.960819229183499);
#2625=CIRCLE('',#9820,1.07875017874106);
#2626=CIRCLE('',#9821,5.46484999118036);
#2627=CIRCLE('',#9822,1.40956085288747);
#2628=CIRCLE('',#9823,6.51683515949747);
#2629=CIRCLE('',#9824,3.20605759522636);
#2630=CIRCLE('',#9825,7.5538495191246);
#2631=CIRCLE('',#9826,4.51694545207181);
#2632=CIRCLE('',#9827,2.17613560120846);
#2633=CIRCLE('',#9828,1.4798082239488);
#2634=CIRCLE('',#9829,1.1030044369986);
#2635=CIRCLE('',#9830,0.594095361549686);
#2636=CIRCLE('',#9831,0.338790405522762);
#2637=CIRCLE('',#9832,0.260603132697677);
#2638=CIRCLE('',#9833,0.327133205927473);
#2639=CIRCLE('',#9834,0.631084067722894);
#2640=CIRCLE('',#9835,0.639414569595026);
#2641=CIRCLE('',#9836,0.365657463421488);
#2642=CIRCLE('',#9837,0.280175482524401);
#2643=CIRCLE('',#9838,0.303764760653588);
#2644=CIRCLE('',#9839,0.530987201641031);
#2645=CIRCLE('',#9840,0.886204694866984);
#2646=CIRCLE('',#9841,1.50909585562439);
#2647=CIRCLE('',#9842,1.2235736540252);
#2648=CIRCLE('',#9843,2.31691527377592);
#2649=CIRCLE('',#9844,2.04502468903052);
#2650=CIRCLE('',#9845,3.74061573256241);
#2651=CIRCLE('',#9846,2.85335317139848);
#2652=CIRCLE('',#9847,2.93950368996662);
#2653=CIRCLE('',#9848,1.93782703099673);
#2654=CIRCLE('',#9849,1.14653440048933);
#2655=CIRCLE('',#9850,0.698767130678257);
#2656=CIRCLE('',#9851,0.428483401992985);
#2657=CIRCLE('',#9852,0.335709787883074);
#2658=CIRCLE('',#9853,0.32142931914201);
#2659=CIRCLE('',#9854,0.357450001277453);
#2660=CIRCLE('',#9855,0.457106958993871);
#2661=CIRCLE('',#9856,0.997538258217438);
#2662=CIRCLE('',#9857,1.00000939403119);
#2663=CIRCLE('',#9858,0.459306749784738);
#2664=CIRCLE('',#9859,0.324000307588601);
#2665=CIRCLE('',#9860,0.455503058934126);
#2666=CIRCLE('',#9861,0.71695146760499);
#2667=CIRCLE('',#9862,0.93864075055847);
#2668=CIRCLE('',#9863,1.64627706126426);
#2669=CIRCLE('',#9864,3.57182687343757);
#2670=CIRCLE('',#9865,3.57489037966827);
#2671=CIRCLE('',#9866,1.62848096856414);
#2672=CIRCLE('',#9867,0.935493771614285);
#2673=CIRCLE('',#9868,0.5224033388588);
#2674=CIRCLE('',#9869,0.349853073096044);
#2675=CIRCLE('',#9870,0.326517279298765);
#2676=CIRCLE('',#9871,0.463114274331579);
#2677=CIRCLE('',#9872,1.01759741996337);
#2678=CIRCLE('',#9873,0.92430074184752);
#2679=CIRCLE('',#9874,0.443610025318466);
#2680=CIRCLE('',#9875,0.340419133142539);
#2681=CIRCLE('',#9876,0.322223946078402);
#2682=CIRCLE('',#9877,0.371575520125152);
#2683=CIRCLE('',#9878,0.591101760136336);
#2684=CIRCLE('',#9879,0.78818496141023);
#2685=CIRCLE('',#9880,1.17267086428539);
#2686=CIRCLE('',#9881,2.0211616603148);
#2687=CIRCLE('',#9882,1.59309114708429);
#2688=CIRCLE('',#9883,0.486855089960745);
#2689=CIRCLE('',#9884,0.316076160517037);
#2690=CIRCLE('',#9885,0.269091776350357);
#2691=CIRCLE('',#9886,0.21885847620161);
#2692=CIRCLE('',#9887,0.28600788648109);
#2693=CIRCLE('',#9888,0.397298918733387);
#2694=CIRCLE('',#9889,0.518438350270525);
#2695=CIRCLE('',#9890,1.23758183346175);
#2696=CIRCLE('',#9891,1.23078483174189);
#2697=CIRCLE('',#9892,0.53209107226897);
#2698=CIRCLE('',#9893,0.331411850556034);
#2699=CIRCLE('',#9894,0.241185798774851);
#2700=CIRCLE('',#9895,0.238746466967404);
#2701=CIRCLE('',#9896,0.18546952127129);
#2702=CIRCLE('',#9897,0.245438913896283);
#2703=CIRCLE('',#9898,0.534944118722921);
#2704=CIRCLE('',#9899,0.696438469630381);
#2705=CIRCLE('',#9900,0.314614316946402);
#2706=CIRCLE('',#9901,0.362277347606224);
#2707=CIRCLE('',#9902,0.242497597232538);
#2708=CIRCLE('',#9903,0.225509223972867);
#2709=CIRCLE('',#9904,0.25817435308038);
#2710=CIRCLE('',#9905,0.354947187901437);
#2711=CIRCLE('',#9906,0.542980146862034);
#2712=CIRCLE('',#9907,0.477233687680287);
#2713=CIRCLE('',#9908,0.982131855379254);
#2714=CIRCLE('',#9909,1.11355328163787);
#2715=CIRCLE('',#9910,0.446888173102393);
#2716=CIRCLE('',#9911,0.340234649415663);
#2717=CIRCLE('',#9912,0.311579975096661);
#2718=CIRCLE('',#9913,0.40098290833447);
#2719=CIRCLE('',#9914,0.493233241757556);
#2720=CIRCLE('',#9915,1.08139508980934);
#2721=CIRCLE('',#9930,0.499999999999999);
#2722=CIRCLE('',#9932,0.499999999999999);
#2723=CIRCLE('',#9935,0.499999999999999);
#2724=CIRCLE('',#9937,0.499999999999999);
#2725=CIRCLE('',#9942,0.499999999999999);
#2726=CIRCLE('',#9945,0.399999999999996);
#2727=CIRCLE('',#9952,0.200000000000007);
#2728=CIRCLE('',#9954,0.200000000000006);
#2729=CIRCLE('',#10058,1.48502083426898);
#2730=CIRCLE('',#10059,0.57009218517766);
#2731=CIRCLE('',#10060,0.409516917043881);
#2732=CIRCLE('',#10061,0.315727242361441);
#2733=CIRCLE('',#10062,0.182522352993493);
#2734=CIRCLE('',#10063,0.146447265671644);
#2735=CIRCLE('',#10064,0.190653365244897);
#2736=CIRCLE('',#10065,0.296161624205559);
#2737=CIRCLE('',#10066,0.5017357271091);
#2738=CIRCLE('',#10067,0.438094658972805);
#2739=CIRCLE('',#10068,0.980818714674693);
#2740=CIRCLE('',#10069,0.902827219853184);
#2741=CIRCLE('',#10070,0.410632423047327);
#2742=CIRCLE('',#10071,0.256919016250303);
#2743=CIRCLE('',#10072,0.197250540038499);
#2744=CIRCLE('',#10073,0.152651707302971);
#2745=CIRCLE('',#10074,0.206799052206107);
#2746=CIRCLE('',#10075,0.293082799187172);
#2747=CIRCLE('',#10077,0.950584590829212);
#2748=CIRCLE('',#10078,1.59911259258215);
#2749=CIRCLE('',#10079,0.799996459270169);
#2750=CIRCLE('',#10080,0.450544846770277);
#2751=CIRCLE('',#10081,0.263008554637934);
#2752=CIRCLE('',#10082,0.171250681442362);
#2753=CIRCLE('',#10083,0.134829028624116);
#2754=CIRCLE('',#10084,0.154647881647222);
#2755=CIRCLE('',#10085,0.250663096030901);
#2756=CIRCLE('',#10086,0.347765999630121);
#2757=CIRCLE('',#10087,0.846447416334885);
#2758=CIRCLE('',#10088,0.988149366749152);
#2759=CIRCLE('',#10089,0.377236901343288);
#2760=CIRCLE('',#10090,0.292795057806188);
#2761=CIRCLE('',#10091,0.189375874489168);
#2762=CIRCLE('',#10092,0.131795135098216);
#2763=CIRCLE('',#10093,0.162892149978481);
#2764=CIRCLE('',#10094,0.238622390312521);
#2765=CIRCLE('',#10095,0.337055149434649);
#2766=CIRCLE('',#10096,0.435575621243504);
#2767=CIRCLE('',#10097,1.02865244085617);
#2768=CIRCLE('',#10102,4.83265353091978);
#2769=CIRCLE('',#10103,2.1885276986636);
#2770=CIRCLE('',#10104,1.39744862380116);
#2771=CIRCLE('',#10105,0.995776222811418);
#2772=CIRCLE('',#10106,0.672877399392163);
#2773=CIRCLE('',#10107,0.444086749727833);
#2774=CIRCLE('',#10108,0.252501516136071);
#2775=CIRCLE('',#10109,0.224335150112259);
#2776=CIRCLE('',#10110,0.207107251660929);
#2777=CIRCLE('',#10111,0.267817776822876);
#2778=CIRCLE('',#10112,0.509773498410691);
#2779=CIRCLE('',#10113,0.527077500548882);
#2780=CIRCLE('',#10114,0.278375280681723);
#2781=CIRCLE('',#10115,0.245938032200075);
#2782=CIRCLE('',#10116,0.197298814610089);
#2783=CIRCLE('',#10117,0.241159145959503);
#2784=CIRCLE('',#10118,0.451310860807738);
#2785=CIRCLE('',#10119,0.917175070871928);
#2786=CIRCLE('',#10120,1.84192050578611);
#2787=CIRCLE('',#10121,4.37906511470511);
#2788=CIRCLE('',#10122,5.22046983131153);
#2789=CIRCLE('',#10123,2.91322413867647);
#2790=CIRCLE('',#10124,1.83573063949475);
#2791=CIRCLE('',#10126,0.438763801875358);
#2792=CIRCLE('',#10127,0.236940717839491);
#2793=CIRCLE('',#10128,0.200771783682627);
#2794=CIRCLE('',#10129,0.275448057255649);
#2795=CIRCLE('',#10130,0.527049533034045);
#2796=CIRCLE('',#10131,0.751214971914197);
#2797=CIRCLE('',#10132,0.254284390302359);
#2798=CIRCLE('',#10133,0.324825869053944);
#2799=CIRCLE('',#10134,0.20317290692469);
#2800=CIRCLE('',#10135,0.18848378145962);
#2801=CIRCLE('',#10136,0.23766984938609);
#2802=CIRCLE('',#10137,0.365541160907647);
#2803=CIRCLE('',#10138,0.693930067247945);
#2804=CIRCLE('',#10139,1.34416345357159);
#2805=CIRCLE('',#10140,2.07350837184658);
#2806=CIRCLE('',#10141,4.8219900678018);
#2807=CIRCLE('',#10147,7.68935463971582);
#2808=CIRCLE('',#10148,3.82616349032055);
#2809=CIRCLE('',#10149,2.21745071671285);
#2810=CIRCLE('',#10150,1.1911804137741);
#2811=CIRCLE('',#10151,0.775351745079152);
#2812=CIRCLE('',#10152,0.483908710937642);
#2813=CIRCLE('',#10153,0.296129297364877);
#2814=CIRCLE('',#10154,0.198189302907614);
#2815=CIRCLE('',#10155,0.157146063452594);
#2816=CIRCLE('',#10156,0.183180759759882);
#2817=CIRCLE('',#10157,0.489094418771623);
#2818=CIRCLE('',#10158,0.444436742989266);
#2819=CIRCLE('',#10159,0.166760411733103);
#2820=CIRCLE('',#10160,0.155773698512771);
#2821=CIRCLE('',#10161,0.244506325357541);
#2822=CIRCLE('',#10162,0.348166462635224);
#2823=CIRCLE('',#10163,0.707297676154013);
#2824=CIRCLE('',#10164,1.11811870879299);
#2825=CIRCLE('',#10165,1.56322615049614);
#2826=CIRCLE('',#10166,2.95058968638523);
#2827=CIRCLE('',#10167,4.89501224714871);
#2828=CIRCLE('',#10168,7.68841258606792);
#2829=CIRCLE('',#10169,3.30889023946733);
#2830=CIRCLE('',#10170,1.90915773111705);
#2831=CIRCLE('',#10171,1.03141979327472);
#2832=CIRCLE('',#10172,0.579677388496778);
#2833=CIRCLE('',#10173,0.336812905342368);
#2834=CIRCLE('',#10174,0.20810293057174);
#2835=CIRCLE('',#10175,0.159234102087876);
#2836=CIRCLE('',#10176,0.55184500432206);
#2837=CIRCLE('',#10177,0.410180572368215);
#2838=CIRCLE('',#10178,0.169246897745465);
#2839=CIRCLE('',#10179,0.150368934982586);
#2840=CIRCLE('',#10180,0.165771202054931);
#2841=CIRCLE('',#10181,0.199270012558409);
#2842=CIRCLE('',#10182,0.258008213389947);
#2843=CIRCLE('',#10183,0.400442818361352);
#2844=CIRCLE('',#10184,0.781914579790776);
#2845=CIRCLE('',#10185,1.63310932424498);
#2846=CIRCLE('',#10186,3.39470609627341);
#2847=CIRCLE('',#10187,4.81194119765764);
#2848=CIRCLE('',#10190,0.996094709808555);
#2849=CIRCLE('',#10191,0.386605642367915);
#2850=CIRCLE('',#10192,0.232222784049085);
#2851=CIRCLE('',#10193,0.171299224071914);
#2852=CIRCLE('',#10194,0.170527075688052);
#2853=CIRCLE('',#10195,0.164095944521471);
#2854=CIRCLE('',#10196,0.25152421748104);
#2855=CIRCLE('',#10197,0.199833145232472);
#2856=CIRCLE('',#10198,0.429351003719614);
#2857=CIRCLE('',#10199,0.551656259270293);
#2858=CIRCLE('',#10200,0.25587852113462);
#2859=CIRCLE('',#10201,0.19787609830245);
#2860=CIRCLE('',#10202,0.164880620214939);
#2861=CIRCLE('',#10203,0.198118514864521);
#2862=CIRCLE('',#10204,0.299108701811932);
#2863=CIRCLE('',#10205,0.557989284500672);
#2864=CIRCLE('',#10206,0.494409478273305);
#2865=CIRCLE('',#10207,1.42138244048027);
#2866=CIRCLE('',#10208,0.814073039150665);
#2867=CIRCLE('',#10209,0.443539164903481);
#2868=CIRCLE('',#10210,0.46019932890027);
#2869=CIRCLE('',#10211,0.315514117478493);
#2870=CIRCLE('',#10212,0.222917363361216);
#2871=CIRCLE('',#10213,0.271705518144377);
#2872=CIRCLE('',#10214,0.186060405312524);
#2873=CIRCLE('',#10215,0.173654875809871);
#2874=CIRCLE('',#10217,0.354715682079064);
#2875=CIRCLE('',#10218,0.614931074570261);
#2876=CIRCLE('',#10219,0.285511350370494);
#2877=CIRCLE('',#10220,0.201768014953994);
#2878=CIRCLE('',#10221,0.174963086079808);
#2879=CIRCLE('',#10222,0.206008409248844);
#2880=CIRCLE('',#10223,0.29659346832207);
#2881=CIRCLE('',#10224,0.522704163849621);
#2882=CIRCLE('',#10225,1.42294252390097);
#2883=CIRCLE('',#10226,1.08987093824628);
#2884=CIRCLE('',#10227,0.546550019111644);
#2885=CIRCLE('',#10228,0.327543355365376);
#2886=CIRCLE('',#10229,0.23155641721321);
#2887=CIRCLE('',#10230,0.154139086966066);
#2888=CIRCLE('',#10231,0.198020603524234);
#2889=CIRCLE('',#10232,0.128259974001979);
#2890=CIRCLE('',#10233,0.173347882989049);
#2891=CIRCLE('',#10234,0.131306534256015);
#2892=CIRCLE('',#10235,0.196835938971602);
#2893=CIRCLE('',#10236,0.171865837195561);
#2894=CIRCLE('',#10237,0.375353671538767);
#2895=CIRCLE('',#10238,0.382343270786766);
#2896=CIRCLE('',#10239,0.173902232581627);
#2897=CIRCLE('',#10240,0.25053265613021);
#2898=CIRCLE('',#10241,0.164215458858012);
#2899=CIRCLE('',#10243,0.196884057560929);
#2900=CIRCLE('',#10244,0.163117380562066);
#2901=CIRCLE('',#10245,0.203744510801266);
#2902=CIRCLE('',#10246,0.280365533547803);
#2903=CIRCLE('',#10247,0.682167570707786);
#2904=CIRCLE('',#10248,0.693356218469866);
#2905=CIRCLE('',#10249,0.351039911381077);
#2906=CIRCLE('',#10250,0.231607695665692);
#2907=CIRCLE('',#10251,0.203343176638417);
#2908=CIRCLE('',#10252,0.151768569961169);
#2909=CIRCLE('',#10253,0.153078752887628);
#2910=CIRCLE('',#10254,0.128197401247778);
#2911=CIRCLE('',#10255,0.183110748343621);
#2912=CIRCLE('',#10256,0.209730067269894);
#2913=CIRCLE('',#10257,0.184558337816062);
#2914=CIRCLE('',#10258,0.410702691659638);
#2915=CIRCLE('',#10259,0.312557215069673);
#2916=CIRCLE('',#10260,0.14610834172439);
#2917=CIRCLE('',#10261,0.245852442078972);
#2918=CIRCLE('',#10262,0.153627247661688);
#2919=CIRCLE('',#10263,0.176947306372549);
#2920=CIRCLE('',#10264,0.200373046512247);
#2921=CIRCLE('',#10265,0.274154623923108);
#2922=CIRCLE('',#10266,0.192407882460386);
#2923=CIRCLE('',#10267,0.367218775575102);
#2924=CIRCLE('',#10268,0.272379333973868);
#2925=CIRCLE('',#10269,0.560109478734629);
#2926=CIRCLE('',#10274,0.0335818012737259);
#2927=CIRCLE('',#10275,0.033581801270559);
#2928=CIRCLE('',#10280,1.);
#2929=CIRCLE('',#10281,1.);
#2930=CIRCLE('',#10283,1.88);
#2931=CIRCLE('',#10284,1.88);
#2932=CIRCLE('',#10285,1.88);
#2933=CIRCLE('',#10286,1.88);
#2934=CIRCLE('',#10287,1.88);
#2935=CIRCLE('',#10288,1.88);
#2936=CIRCLE('',#10290,1.48);
#2937=CIRCLE('',#10292,1.48);
#2938=CIRCLE('',#10325,1.);
#2939=CIRCLE('',#10326,1.);
#2940=CIRCLE('',#10328,1.88);
#2941=CIRCLE('',#10329,1.88);
#2942=CIRCLE('',#10330,1.88);
#2943=CIRCLE('',#10331,1.88);
#2944=CIRCLE('',#10332,1.88);
#2945=CIRCLE('',#10333,1.88);
#2946=CIRCLE('',#10335,1.48);
#2947=CIRCLE('',#10337,1.48);
#2948=VERTEX_POINT('',#13232);
#2949=VERTEX_POINT('',#13233);
#2950=VERTEX_POINT('',#13237);
#2951=VERTEX_POINT('',#13238);
#2952=VERTEX_POINT('',#13242);
#2953=VERTEX_POINT('',#13243);
#2954=VERTEX_POINT('',#13247);
#2955=VERTEX_POINT('',#13248);
#2956=VERTEX_POINT('',#13252);
#2957=VERTEX_POINT('',#13253);
#2958=VERTEX_POINT('',#13257);
#2959=VERTEX_POINT('',#13258);
#2960=VERTEX_POINT('',#13262);
#2961=VERTEX_POINT('',#13263);
#2962=VERTEX_POINT('',#13267);
#2963=VERTEX_POINT('',#13268);
#2964=VERTEX_POINT('',#13272);
#2965=VERTEX_POINT('',#13273);
#2966=VERTEX_POINT('',#13277);
#2967=VERTEX_POINT('',#13281);
#2968=VERTEX_POINT('',#13282);
#2969=VERTEX_POINT('',#13286);
#2970=VERTEX_POINT('',#13287);
#2971=VERTEX_POINT('',#13291);
#2972=VERTEX_POINT('',#13292);
#2973=VERTEX_POINT('',#13296);
#2974=VERTEX_POINT('',#13297);
#2975=VERTEX_POINT('',#13301);
#2976=VERTEX_POINT('',#13302);
#2977=VERTEX_POINT('',#13306);
#2978=VERTEX_POINT('',#13307);
#2979=VERTEX_POINT('',#13309);
#2980=VERTEX_POINT('',#13311);
#2981=VERTEX_POINT('',#13315);
#2982=VERTEX_POINT('',#13316);
#2983=VERTEX_POINT('',#13318);
#2984=VERTEX_POINT('',#13320);
#2985=VERTEX_POINT('',#13324);
#2986=VERTEX_POINT('',#13325);
#2987=VERTEX_POINT('',#13327);
#2988=VERTEX_POINT('',#13329);
#2989=VERTEX_POINT('',#13333);
#2990=VERTEX_POINT('',#13334);
#2991=VERTEX_POINT('',#13336);
#2992=VERTEX_POINT('',#13338);
#2993=VERTEX_POINT('',#13342);
#2994=VERTEX_POINT('',#13343);
#2995=VERTEX_POINT('',#13345);
#2996=VERTEX_POINT('',#13347);
#2997=VERTEX_POINT('',#13351);
#2998=VERTEX_POINT('',#13352);
#2999=VERTEX_POINT('',#13354);
#3000=VERTEX_POINT('',#13356);
#3001=VERTEX_POINT('',#13360);
#3002=VERTEX_POINT('',#13361);
#3003=VERTEX_POINT('',#13363);
#3004=VERTEX_POINT('',#13365);
#3005=VERTEX_POINT('',#13369);
#3006=VERTEX_POINT('',#13370);
#3007=VERTEX_POINT('',#13372);
#3008=VERTEX_POINT('',#13374);
#3009=VERTEX_POINT('',#13378);
#3010=VERTEX_POINT('',#13379);
#3011=VERTEX_POINT('',#13381);
#3012=VERTEX_POINT('',#13383);
#3013=VERTEX_POINT('',#13387);
#3014=VERTEX_POINT('',#13388);
#3015=VERTEX_POINT('',#13390);
#3016=VERTEX_POINT('',#13392);
#3017=VERTEX_POINT('',#13396);
#3018=VERTEX_POINT('',#13397);
#3019=VERTEX_POINT('',#13399);
#3020=VERTEX_POINT('',#13401);
#3021=VERTEX_POINT('',#13405);
#3022=VERTEX_POINT('',#13406);
#3023=VERTEX_POINT('',#13408);
#3024=VERTEX_POINT('',#13410);
#3025=VERTEX_POINT('',#13414);
#3026=VERTEX_POINT('',#13415);
#3027=VERTEX_POINT('',#13417);
#3028=VERTEX_POINT('',#13419);
#3029=VERTEX_POINT('',#13423);
#3030=VERTEX_POINT('',#13424);
#3031=VERTEX_POINT('',#13426);
#3032=VERTEX_POINT('',#13428);
#3033=VERTEX_POINT('',#13432);
#3034=VERTEX_POINT('',#13433);
#3035=VERTEX_POINT('',#13435);
#3036=VERTEX_POINT('',#13437);
#3037=VERTEX_POINT('',#13441);
#3038=VERTEX_POINT('',#13442);
#3039=VERTEX_POINT('',#13444);
#3040=VERTEX_POINT('',#13446);
#3041=VERTEX_POINT('',#13450);
#3042=VERTEX_POINT('',#13452);
#3043=VERTEX_POINT('',#13456);
#3044=VERTEX_POINT('',#13458);
#3045=VERTEX_POINT('',#13462);
#3046=VERTEX_POINT('',#13464);
#3047=VERTEX_POINT('',#13468);
#3048=VERTEX_POINT('',#13472);
#3049=VERTEX_POINT('',#13476);
#3050=VERTEX_POINT('',#13480);
#3051=VERTEX_POINT('',#13482);
#3052=VERTEX_POINT('',#13486);
#3053=VERTEX_POINT('',#13488);
#3054=VERTEX_POINT('',#13492);
#3055=VERTEX_POINT('',#13494);
#3056=VERTEX_POINT('',#13498);
#3057=VERTEX_POINT('',#13502);
#3058=VERTEX_POINT('',#13506);
#3059=VERTEX_POINT('',#13510);
#3060=VERTEX_POINT('',#13512);
#3061=VERTEX_POINT('',#13514);
#3062=VERTEX_POINT('',#13516);
#3063=VERTEX_POINT('',#13518);
#3064=VERTEX_POINT('',#13520);
#3065=VERTEX_POINT('',#13524);
#3066=VERTEX_POINT('',#13526);
#3067=VERTEX_POINT('',#13528);
#3068=VERTEX_POINT('',#13530);
#3069=VERTEX_POINT('',#13532);
#3070=VERTEX_POINT('',#13534);
#3071=VERTEX_POINT('',#13538);
#3072=VERTEX_POINT('',#13539);
#3073=VERTEX_POINT('',#13541);
#3074=VERTEX_POINT('',#13543);
#3075=VERTEX_POINT('',#13545);
#3076=VERTEX_POINT('',#13547);
#3077=VERTEX_POINT('',#13549);
#3078=VERTEX_POINT('',#13551);
#3079=VERTEX_POINT('',#13554);
#3080=VERTEX_POINT('',#13555);
#3081=VERTEX_POINT('',#13557);
#3082=VERTEX_POINT('',#13559);
#3083=VERTEX_POINT('',#13561);
#3084=VERTEX_POINT('',#13563);
#3085=VERTEX_POINT('',#13565);
#3086=VERTEX_POINT('',#13567);
#3087=VERTEX_POINT('',#13570);
#3088=VERTEX_POINT('',#13571);
#3089=VERTEX_POINT('',#13573);
#3090=VERTEX_POINT('',#13575);
#3091=VERTEX_POINT('',#13577);
#3092=VERTEX_POINT('',#13579);
#3093=VERTEX_POINT('',#13581);
#3094=VERTEX_POINT('',#13583);
#3095=VERTEX_POINT('',#13585);
#3096=VERTEX_POINT('',#13587);
#3097=VERTEX_POINT('',#13589);
#3098=VERTEX_POINT('',#13591);
#3099=VERTEX_POINT('',#13593);
#3100=VERTEX_POINT('',#13595);
#3101=VERTEX_POINT('',#13597);
#3102=VERTEX_POINT('',#13599);
#3103=VERTEX_POINT('',#13601);
#3104=VERTEX_POINT('',#13603);
#3105=VERTEX_POINT('',#13605);
#3106=VERTEX_POINT('',#13607);
#3107=VERTEX_POINT('',#13609);
#3108=VERTEX_POINT('',#13611);
#3109=VERTEX_POINT('',#13613);
#3110=VERTEX_POINT('',#13615);
#3111=VERTEX_POINT('',#13617);
#3112=VERTEX_POINT('',#13619);
#3113=VERTEX_POINT('',#13621);
#3114=VERTEX_POINT('',#13623);
#3115=VERTEX_POINT('',#13625);
#3116=VERTEX_POINT('',#13627);
#3117=VERTEX_POINT('',#13629);
#3118=VERTEX_POINT('',#13631);
#3119=VERTEX_POINT('',#13633);
#3120=VERTEX_POINT('',#13635);
#3121=VERTEX_POINT('',#13637);
#3122=VERTEX_POINT('',#13639);
#3123=VERTEX_POINT('',#13641);
#3124=VERTEX_POINT('',#13643);
#3125=VERTEX_POINT('',#13645);
#3126=VERTEX_POINT('',#13647);
#3127=VERTEX_POINT('',#13649);
#3128=VERTEX_POINT('',#13651);
#3129=VERTEX_POINT('',#13654);
#3130=VERTEX_POINT('',#13655);
#3131=VERTEX_POINT('',#13657);
#3132=VERTEX_POINT('',#13659);
#3133=VERTEX_POINT('',#13661);
#3134=VERTEX_POINT('',#13663);
#3135=VERTEX_POINT('',#13665);
#3136=VERTEX_POINT('',#13667);
#3137=VERTEX_POINT('',#13669);
#3138=VERTEX_POINT('',#13671);
#3139=VERTEX_POINT('',#13673);
#3140=VERTEX_POINT('',#13675);
#3141=VERTEX_POINT('',#13677);
#3142=VERTEX_POINT('',#13679);
#3143=VERTEX_POINT('',#13681);
#3144=VERTEX_POINT('',#13683);
#3145=VERTEX_POINT('',#13685);
#3146=VERTEX_POINT('',#13687);
#3147=VERTEX_POINT('',#13689);
#3148=VERTEX_POINT('',#13691);
#3149=VERTEX_POINT('',#13693);
#3150=VERTEX_POINT('',#13695);
#3151=VERTEX_POINT('',#13697);
#3152=VERTEX_POINT('',#13699);
#3153=VERTEX_POINT('',#13701);
#3154=VERTEX_POINT('',#13703);
#3155=VERTEX_POINT('',#13705);
#3156=VERTEX_POINT('',#13707);
#3157=VERTEX_POINT('',#13709);
#3158=VERTEX_POINT('',#13711);
#3159=VERTEX_POINT('',#13713);
#3160=VERTEX_POINT('',#13715);
#3161=VERTEX_POINT('',#13717);
#3162=VERTEX_POINT('',#13719);
#3163=VERTEX_POINT('',#13721);
#3164=VERTEX_POINT('',#13723);
#3165=VERTEX_POINT('',#13725);
#3166=VERTEX_POINT('',#13727);
#3167=VERTEX_POINT('',#13729);
#3168=VERTEX_POINT('',#13731);
#3169=VERTEX_POINT('',#13733);
#3170=VERTEX_POINT('',#13735);
#3171=VERTEX_POINT('',#13737);
#3172=VERTEX_POINT('',#13739);
#3173=VERTEX_POINT('',#13741);
#3174=VERTEX_POINT('',#13743);
#3175=VERTEX_POINT('',#13745);
#3176=VERTEX_POINT('',#13747);
#3177=VERTEX_POINT('',#13749);
#3178=VERTEX_POINT('',#13751);
#3179=VERTEX_POINT('',#13753);
#3180=VERTEX_POINT('',#13755);
#3181=VERTEX_POINT('',#13757);
#3182=VERTEX_POINT('',#13759);
#3183=VERTEX_POINT('',#13761);
#3184=VERTEX_POINT('',#13763);
#3185=VERTEX_POINT('',#13765);
#3186=VERTEX_POINT('',#13767);
#3187=VERTEX_POINT('',#13769);
#3188=VERTEX_POINT('',#13771);
#3189=VERTEX_POINT('',#13773);
#3190=VERTEX_POINT('',#13775);
#3191=VERTEX_POINT('',#13777);
#3192=VERTEX_POINT('',#13779);
#3193=VERTEX_POINT('',#13781);
#3194=VERTEX_POINT('',#13783);
#3195=VERTEX_POINT('',#13785);
#3196=VERTEX_POINT('',#13787);
#3197=VERTEX_POINT('',#13789);
#3198=VERTEX_POINT('',#13792);
#3199=VERTEX_POINT('',#13793);
#3200=VERTEX_POINT('',#13795);
#3201=VERTEX_POINT('',#13797);
#3202=VERTEX_POINT('',#13799);
#3203=VERTEX_POINT('',#13801);
#3204=VERTEX_POINT('',#13803);
#3205=VERTEX_POINT('',#13805);
#3206=VERTEX_POINT('',#13807);
#3207=VERTEX_POINT('',#13809);
#3208=VERTEX_POINT('',#13811);
#3209=VERTEX_POINT('',#13813);
#3210=VERTEX_POINT('',#13815);
#3211=VERTEX_POINT('',#13817);
#3212=VERTEX_POINT('',#13819);
#3213=VERTEX_POINT('',#13821);
#3214=VERTEX_POINT('',#13823);
#3215=VERTEX_POINT('',#13825);
#3216=VERTEX_POINT('',#13827);
#3217=VERTEX_POINT('',#13829);
#3218=VERTEX_POINT('',#13831);
#3219=VERTEX_POINT('',#13833);
#3220=VERTEX_POINT('',#13835);
#3221=VERTEX_POINT('',#13837);
#3222=VERTEX_POINT('',#13839);
#3223=VERTEX_POINT('',#13841);
#3224=VERTEX_POINT('',#13843);
#3225=VERTEX_POINT('',#13845);
#3226=VERTEX_POINT('',#13847);
#3227=VERTEX_POINT('',#13849);
#3228=VERTEX_POINT('',#13851);
#3229=VERTEX_POINT('',#13853);
#3230=VERTEX_POINT('',#13855);
#3231=VERTEX_POINT('',#13857);
#3232=VERTEX_POINT('',#13859);
#3233=VERTEX_POINT('',#13861);
#3234=VERTEX_POINT('',#13863);
#3235=VERTEX_POINT('',#13865);
#3236=VERTEX_POINT('',#13867);
#3237=VERTEX_POINT('',#13869);
#3238=VERTEX_POINT('',#13871);
#3239=VERTEX_POINT('',#13873);
#3240=VERTEX_POINT('',#13875);
#3241=VERTEX_POINT('',#13877);
#3242=VERTEX_POINT('',#13879);
#3243=VERTEX_POINT('',#13881);
#3244=VERTEX_POINT('',#13883);
#3245=VERTEX_POINT('',#13885);
#3246=VERTEX_POINT('',#13887);
#3247=VERTEX_POINT('',#13889);
#3248=VERTEX_POINT('',#13891);
#3249=VERTEX_POINT('',#13893);
#3250=VERTEX_POINT('',#13895);
#3251=VERTEX_POINT('',#13897);
#3252=VERTEX_POINT('',#13899);
#3253=VERTEX_POINT('',#13901);
#3254=VERTEX_POINT('',#13903);
#3255=VERTEX_POINT('',#13905);
#3256=VERTEX_POINT('',#13907);
#3257=VERTEX_POINT('',#13909);
#3258=VERTEX_POINT('',#13911);
#3259=VERTEX_POINT('',#13913);
#3260=VERTEX_POINT('',#13915);
#3261=VERTEX_POINT('',#13917);
#3262=VERTEX_POINT('',#13919);
#3263=VERTEX_POINT('',#13921);
#3264=VERTEX_POINT('',#13923);
#3265=VERTEX_POINT('',#13925);
#3266=VERTEX_POINT('',#13927);
#3267=VERTEX_POINT('',#13930);
#3268=VERTEX_POINT('',#13931);
#3269=VERTEX_POINT('',#13933);
#3270=VERTEX_POINT('',#13935);
#3271=VERTEX_POINT('',#13938);
#3272=VERTEX_POINT('',#13939);
#3273=VERTEX_POINT('',#13941);
#3274=VERTEX_POINT('',#13943);
#3275=VERTEX_POINT('',#13945);
#3276=VERTEX_POINT('',#13947);
#3277=VERTEX_POINT('',#13949);
#3278=VERTEX_POINT('',#13951);
#3279=VERTEX_POINT('',#13953);
#3280=VERTEX_POINT('',#13955);
#3281=VERTEX_POINT('',#13957);
#3282=VERTEX_POINT('',#13959);
#3283=VERTEX_POINT('',#13961);
#3284=VERTEX_POINT('',#13963);
#3285=VERTEX_POINT('',#13965);
#3286=VERTEX_POINT('',#13967);
#3287=VERTEX_POINT('',#13969);
#3288=VERTEX_POINT('',#13971);
#3289=VERTEX_POINT('',#13973);
#3290=VERTEX_POINT('',#13975);
#3291=VERTEX_POINT('',#13977);
#3292=VERTEX_POINT('',#13979);
#3293=VERTEX_POINT('',#13981);
#3294=VERTEX_POINT('',#13983);
#3295=VERTEX_POINT('',#13985);
#3296=VERTEX_POINT('',#13987);
#3297=VERTEX_POINT('',#13989);
#3298=VERTEX_POINT('',#13991);
#3299=VERTEX_POINT('',#13993);
#3300=VERTEX_POINT('',#13995);
#3301=VERTEX_POINT('',#13997);
#3302=VERTEX_POINT('',#13999);
#3303=VERTEX_POINT('',#14001);
#3304=VERTEX_POINT('',#14003);
#3305=VERTEX_POINT('',#14005);
#3306=VERTEX_POINT('',#14007);
#3307=VERTEX_POINT('',#14009);
#3308=VERTEX_POINT('',#14011);
#3309=VERTEX_POINT('',#14013);
#3310=VERTEX_POINT('',#14015);
#3311=VERTEX_POINT('',#14018);
#3312=VERTEX_POINT('',#14019);
#3313=VERTEX_POINT('',#14021);
#3314=VERTEX_POINT('',#14023);
#3315=VERTEX_POINT('',#14025);
#3316=VERTEX_POINT('',#14027);
#3317=VERTEX_POINT('',#14029);
#3318=VERTEX_POINT('',#14031);
#3319=VERTEX_POINT('',#14033);
#3320=VERTEX_POINT('',#14035);
#3321=VERTEX_POINT('',#14037);
#3322=VERTEX_POINT('',#14039);
#3323=VERTEX_POINT('',#14041);
#3324=VERTEX_POINT('',#14043);
#3325=VERTEX_POINT('',#14045);
#3326=VERTEX_POINT('',#14047);
#3327=VERTEX_POINT('',#14049);
#3328=VERTEX_POINT('',#14051);
#3329=VERTEX_POINT('',#14053);
#3330=VERTEX_POINT('',#14055);
#3331=VERTEX_POINT('',#14057);
#3332=VERTEX_POINT('',#14059);
#3333=VERTEX_POINT('',#14061);
#3334=VERTEX_POINT('',#14063);
#3335=VERTEX_POINT('',#14065);
#3336=VERTEX_POINT('',#14067);
#3337=VERTEX_POINT('',#14069);
#3338=VERTEX_POINT('',#14071);
#3339=VERTEX_POINT('',#14073);
#3340=VERTEX_POINT('',#14075);
#3341=VERTEX_POINT('',#14077);
#3342=VERTEX_POINT('',#14079);
#3343=VERTEX_POINT('',#14081);
#3344=VERTEX_POINT('',#14083);
#3345=VERTEX_POINT('',#14085);
#3346=VERTEX_POINT('',#14087);
#3347=VERTEX_POINT('',#14089);
#3348=VERTEX_POINT('',#14091);
#3349=VERTEX_POINT('',#14093);
#3350=VERTEX_POINT('',#14095);
#3351=VERTEX_POINT('',#14097);
#3352=VERTEX_POINT('',#14099);
#3353=VERTEX_POINT('',#14101);
#3354=VERTEX_POINT('',#14103);
#3355=VERTEX_POINT('',#14105);
#3356=VERTEX_POINT('',#14107);
#3357=VERTEX_POINT('',#14109);
#3358=VERTEX_POINT('',#14111);
#3359=VERTEX_POINT('',#14113);
#3360=VERTEX_POINT('',#14115);
#3361=VERTEX_POINT('',#14117);
#3362=VERTEX_POINT('',#14119);
#3363=VERTEX_POINT('',#14121);
#3364=VERTEX_POINT('',#14123);
#3365=VERTEX_POINT('',#14125);
#3366=VERTEX_POINT('',#14127);
#3367=VERTEX_POINT('',#14129);
#3368=VERTEX_POINT('',#14131);
#3369=VERTEX_POINT('',#14133);
#3370=VERTEX_POINT('',#14135);
#3371=VERTEX_POINT('',#14137);
#3372=VERTEX_POINT('',#14139);
#3373=VERTEX_POINT('',#14141);
#3374=VERTEX_POINT('',#14143);
#3375=VERTEX_POINT('',#14145);
#3376=VERTEX_POINT('',#14147);
#3377=VERTEX_POINT('',#14149);
#3378=VERTEX_POINT('',#14151);
#3379=VERTEX_POINT('',#14153);
#3380=VERTEX_POINT('',#14155);
#3381=VERTEX_POINT('',#14157);
#3382=VERTEX_POINT('',#14159);
#3383=VERTEX_POINT('',#14161);
#3384=VERTEX_POINT('',#14163);
#3385=VERTEX_POINT('',#14165);
#3386=VERTEX_POINT('',#14167);
#3387=VERTEX_POINT('',#14169);
#3388=VERTEX_POINT('',#14171);
#3389=VERTEX_POINT('',#14173);
#3390=VERTEX_POINT('',#14175);
#3391=VERTEX_POINT('',#14177);
#3392=VERTEX_POINT('',#14179);
#3393=VERTEX_POINT('',#14181);
#3394=VERTEX_POINT('',#14183);
#3395=VERTEX_POINT('',#14185);
#3396=VERTEX_POINT('',#14187);
#3397=VERTEX_POINT('',#14189);
#3398=VERTEX_POINT('',#14191);
#3399=VERTEX_POINT('',#14193);
#3400=VERTEX_POINT('',#14195);
#3401=VERTEX_POINT('',#14197);
#3402=VERTEX_POINT('',#14199);
#3403=VERTEX_POINT('',#14201);
#3404=VERTEX_POINT('',#14203);
#3405=VERTEX_POINT('',#14205);
#3406=VERTEX_POINT('',#14207);
#3407=VERTEX_POINT('',#14209);
#3408=VERTEX_POINT('',#14211);
#3409=VERTEX_POINT('',#14213);
#3410=VERTEX_POINT('',#14215);
#3411=VERTEX_POINT('',#14217);
#3412=VERTEX_POINT('',#14219);
#3413=VERTEX_POINT('',#14221);
#3414=VERTEX_POINT('',#14223);
#3415=VERTEX_POINT('',#14225);
#3416=VERTEX_POINT('',#14227);
#3417=VERTEX_POINT('',#14229);
#3418=VERTEX_POINT('',#14231);
#3419=VERTEX_POINT('',#14233);
#3420=VERTEX_POINT('',#14235);
#3421=VERTEX_POINT('',#14237);
#3422=VERTEX_POINT('',#14239);
#3423=VERTEX_POINT('',#14241);
#3424=VERTEX_POINT('',#14243);
#3425=VERTEX_POINT('',#14245);
#3426=VERTEX_POINT('',#14247);
#3427=VERTEX_POINT('',#14249);
#3428=VERTEX_POINT('',#14251);
#3429=VERTEX_POINT('',#14254);
#3430=VERTEX_POINT('',#14256);
#3431=VERTEX_POINT('',#14258);
#3432=VERTEX_POINT('',#14260);
#3433=VERTEX_POINT('',#14262);
#3434=VERTEX_POINT('',#14264);
#3435=VERTEX_POINT('',#14268);
#3436=VERTEX_POINT('',#14270);
#3437=VERTEX_POINT('',#14273);
#3438=VERTEX_POINT('',#14275);
#3439=VERTEX_POINT('',#14277);
#3440=VERTEX_POINT('',#14279);
#3441=VERTEX_POINT('',#14281);
#3442=VERTEX_POINT('',#14284);
#3443=VERTEX_POINT('',#14287);
#3444=VERTEX_POINT('',#14289);
#3445=VERTEX_POINT('',#14292);
#3446=VERTEX_POINT('',#14293);
#3447=VERTEX_POINT('',#14295);
#3448=VERTEX_POINT('',#14297);
#3449=VERTEX_POINT('',#14299);
#3450=VERTEX_POINT('',#14301);
#3451=VERTEX_POINT('',#14303);
#3452=VERTEX_POINT('',#14305);
#3453=VERTEX_POINT('',#14307);
#3454=VERTEX_POINT('',#14309);
#3455=VERTEX_POINT('',#14311);
#3456=VERTEX_POINT('',#14313);
#3457=VERTEX_POINT('',#14315);
#3458=VERTEX_POINT('',#14317);
#3459=VERTEX_POINT('',#14319);
#3460=VERTEX_POINT('',#14321);
#3461=VERTEX_POINT('',#14323);
#3462=VERTEX_POINT('',#14325);
#3463=VERTEX_POINT('',#14327);
#3464=VERTEX_POINT('',#14329);
#3465=VERTEX_POINT('',#14331);
#3466=VERTEX_POINT('',#14333);
#3467=VERTEX_POINT('',#14335);
#3468=VERTEX_POINT('',#14337);
#3469=VERTEX_POINT('',#14339);
#3470=VERTEX_POINT('',#14341);
#3471=VERTEX_POINT('',#14343);
#3472=VERTEX_POINT('',#14345);
#3473=VERTEX_POINT('',#14347);
#3474=VERTEX_POINT('',#14349);
#3475=VERTEX_POINT('',#14351);
#3476=VERTEX_POINT('',#14353);
#3477=VERTEX_POINT('',#14355);
#3478=VERTEX_POINT('',#14357);
#3479=VERTEX_POINT('',#14359);
#3480=VERTEX_POINT('',#14361);
#3481=VERTEX_POINT('',#14363);
#3482=VERTEX_POINT('',#14365);
#3483=VERTEX_POINT('',#14367);
#3484=VERTEX_POINT('',#14369);
#3485=VERTEX_POINT('',#14371);
#3486=VERTEX_POINT('',#14373);
#3487=VERTEX_POINT('',#14375);
#3488=VERTEX_POINT('',#14377);
#3489=VERTEX_POINT('',#14379);
#3490=VERTEX_POINT('',#14381);
#3491=VERTEX_POINT('',#14383);
#3492=VERTEX_POINT('',#14385);
#3493=VERTEX_POINT('',#14387);
#3494=VERTEX_POINT('',#14389);
#3495=VERTEX_POINT('',#14391);
#3496=VERTEX_POINT('',#14393);
#3497=VERTEX_POINT('',#14395);
#3498=VERTEX_POINT('',#14397);
#3499=VERTEX_POINT('',#14399);
#3500=VERTEX_POINT('',#14401);
#3501=VERTEX_POINT('',#14403);
#3502=VERTEX_POINT('',#14405);
#3503=VERTEX_POINT('',#14408);
#3504=VERTEX_POINT('',#14409);
#3505=VERTEX_POINT('',#14411);
#3506=VERTEX_POINT('',#14413);
#3507=VERTEX_POINT('',#14415);
#3508=VERTEX_POINT('',#14417);
#3509=VERTEX_POINT('',#14419);
#3510=VERTEX_POINT('',#14421);
#3511=VERTEX_POINT('',#14423);
#3512=VERTEX_POINT('',#14425);
#3513=VERTEX_POINT('',#14427);
#3514=VERTEX_POINT('',#14429);
#3515=VERTEX_POINT('',#14431);
#3516=VERTEX_POINT('',#14433);
#3517=VERTEX_POINT('',#14435);
#3518=VERTEX_POINT('',#14437);
#3519=VERTEX_POINT('',#14439);
#3520=VERTEX_POINT('',#14441);
#3521=VERTEX_POINT('',#14443);
#3522=VERTEX_POINT('',#14445);
#3523=VERTEX_POINT('',#14447);
#3524=VERTEX_POINT('',#14449);
#3525=VERTEX_POINT('',#14451);
#3526=VERTEX_POINT('',#14453);
#3527=VERTEX_POINT('',#14455);
#3528=VERTEX_POINT('',#14457);
#3529=VERTEX_POINT('',#14459);
#3530=VERTEX_POINT('',#14461);
#3531=VERTEX_POINT('',#14463);
#3532=VERTEX_POINT('',#14465);
#3533=VERTEX_POINT('',#14467);
#3534=VERTEX_POINT('',#14469);
#3535=VERTEX_POINT('',#14471);
#3536=VERTEX_POINT('',#14473);
#3537=VERTEX_POINT('',#14475);
#3538=VERTEX_POINT('',#14477);
#3539=VERTEX_POINT('',#14479);
#3540=VERTEX_POINT('',#14481);
#3541=VERTEX_POINT('',#14483);
#3542=VERTEX_POINT('',#14485);
#3543=VERTEX_POINT('',#14487);
#3544=VERTEX_POINT('',#14489);
#3545=VERTEX_POINT('',#14491);
#3546=VERTEX_POINT('',#14493);
#3547=VERTEX_POINT('',#14495);
#3548=VERTEX_POINT('',#14497);
#3549=VERTEX_POINT('',#14499);
#3550=VERTEX_POINT('',#14501);
#3551=VERTEX_POINT('',#14503);
#3552=VERTEX_POINT('',#14505);
#3553=VERTEX_POINT('',#14507);
#3554=VERTEX_POINT('',#14509);
#3555=VERTEX_POINT('',#14511);
#3556=VERTEX_POINT('',#14513);
#3557=VERTEX_POINT('',#14515);
#3558=VERTEX_POINT('',#14517);
#3559=VERTEX_POINT('',#14519);
#3560=VERTEX_POINT('',#14521);
#3561=VERTEX_POINT('',#14523);
#3562=VERTEX_POINT('',#14525);
#3563=VERTEX_POINT('',#14527);
#3564=VERTEX_POINT('',#14530);
#3565=VERTEX_POINT('',#14532);
#3566=VERTEX_POINT('',#14534);
#3567=VERTEX_POINT('',#14536);
#3568=VERTEX_POINT('',#14538);
#3569=VERTEX_POINT('',#14540);
#3570=VERTEX_POINT('',#14542);
#3571=VERTEX_POINT('',#14544);
#3572=VERTEX_POINT('',#14546);
#3573=VERTEX_POINT('',#14548);
#3574=VERTEX_POINT('',#14550);
#3575=VERTEX_POINT('',#14552);
#3576=VERTEX_POINT('',#14554);
#3577=VERTEX_POINT('',#14556);
#3578=VERTEX_POINT('',#14558);
#3579=VERTEX_POINT('',#14560);
#3580=VERTEX_POINT('',#14562);
#3581=VERTEX_POINT('',#14564);
#3582=VERTEX_POINT('',#14566);
#3583=VERTEX_POINT('',#14568);
#3584=VERTEX_POINT('',#14570);
#3585=VERTEX_POINT('',#14572);
#3586=VERTEX_POINT('',#14574);
#3587=VERTEX_POINT('',#14576);
#3588=VERTEX_POINT('',#14578);
#3589=VERTEX_POINT('',#14580);
#3590=VERTEX_POINT('',#14582);
#3591=VERTEX_POINT('',#14584);
#3592=VERTEX_POINT('',#14586);
#3593=VERTEX_POINT('',#14588);
#3594=VERTEX_POINT('',#14590);
#3595=VERTEX_POINT('',#14592);
#3596=VERTEX_POINT('',#14594);
#3597=VERTEX_POINT('',#14596);
#3598=VERTEX_POINT('',#14598);
#3599=VERTEX_POINT('',#14600);
#3600=VERTEX_POINT('',#14602);
#3601=VERTEX_POINT('',#14604);
#3602=VERTEX_POINT('',#14606);
#3603=VERTEX_POINT('',#14608);
#3604=VERTEX_POINT('',#14610);
#3605=VERTEX_POINT('',#14612);
#3606=VERTEX_POINT('',#14614);
#3607=VERTEX_POINT('',#14617);
#3608=VERTEX_POINT('',#14618);
#3609=VERTEX_POINT('',#14620);
#3610=VERTEX_POINT('',#14622);
#3611=VERTEX_POINT('',#14624);
#3612=VERTEX_POINT('',#14626);
#3613=VERTEX_POINT('',#14628);
#3614=VERTEX_POINT('',#14630);
#3615=VERTEX_POINT('',#14632);
#3616=VERTEX_POINT('',#14634);
#3617=VERTEX_POINT('',#14636);
#3618=VERTEX_POINT('',#14638);
#3619=VERTEX_POINT('',#14640);
#3620=VERTEX_POINT('',#14642);
#3621=VERTEX_POINT('',#14644);
#3622=VERTEX_POINT('',#14646);
#3623=VERTEX_POINT('',#14648);
#3624=VERTEX_POINT('',#14650);
#3625=VERTEX_POINT('',#14652);
#3626=VERTEX_POINT('',#14654);
#3627=VERTEX_POINT('',#14656);
#3628=VERTEX_POINT('',#14658);
#3629=VERTEX_POINT('',#14660);
#3630=VERTEX_POINT('',#14662);
#3631=VERTEX_POINT('',#14664);
#3632=VERTEX_POINT('',#14666);
#3633=VERTEX_POINT('',#14668);
#3634=VERTEX_POINT('',#14670);
#3635=VERTEX_POINT('',#14672);
#3636=VERTEX_POINT('',#14674);
#3637=VERTEX_POINT('',#14676);
#3638=VERTEX_POINT('',#14678);
#3639=VERTEX_POINT('',#14680);
#3640=VERTEX_POINT('',#14682);
#3641=VERTEX_POINT('',#14684);
#3642=VERTEX_POINT('',#14686);
#3643=VERTEX_POINT('',#14689);
#3644=VERTEX_POINT('',#14690);
#3645=VERTEX_POINT('',#14692);
#3646=VERTEX_POINT('',#14694);
#3647=VERTEX_POINT('',#14696);
#3648=VERTEX_POINT('',#14698);
#3649=VERTEX_POINT('',#14700);
#3650=VERTEX_POINT('',#14702);
#3651=VERTEX_POINT('',#14704);
#3652=VERTEX_POINT('',#14706);
#3653=VERTEX_POINT('',#14708);
#3654=VERTEX_POINT('',#14710);
#3655=VERTEX_POINT('',#14712);
#3656=VERTEX_POINT('',#14714);
#3657=VERTEX_POINT('',#14716);
#3658=VERTEX_POINT('',#14718);
#3659=VERTEX_POINT('',#14720);
#3660=VERTEX_POINT('',#14722);
#3661=VERTEX_POINT('',#14724);
#3662=VERTEX_POINT('',#14726);
#3663=VERTEX_POINT('',#14728);
#3664=VERTEX_POINT('',#14730);
#3665=VERTEX_POINT('',#14732);
#3666=VERTEX_POINT('',#14734);
#3667=VERTEX_POINT('',#14736);
#3668=VERTEX_POINT('',#14738);
#3669=VERTEX_POINT('',#14740);
#3670=VERTEX_POINT('',#14742);
#3671=VERTEX_POINT('',#14744);
#3672=VERTEX_POINT('',#14746);
#3673=VERTEX_POINT('',#14748);
#3674=VERTEX_POINT('',#14750);
#3675=VERTEX_POINT('',#14752);
#3676=VERTEX_POINT('',#14754);
#3677=VERTEX_POINT('',#14756);
#3678=VERTEX_POINT('',#14758);
#3679=VERTEX_POINT('',#14760);
#3680=VERTEX_POINT('',#14769);
#3681=VERTEX_POINT('',#14770);
#3682=VERTEX_POINT('',#14772);
#3683=VERTEX_POINT('',#14774);
#3684=VERTEX_POINT('',#14778);
#3685=VERTEX_POINT('',#14779);
#3686=VERTEX_POINT('',#14781);
#3687=VERTEX_POINT('',#14783);
#3688=VERTEX_POINT('',#14788);
#3689=VERTEX_POINT('',#14794);
#3690=VERTEX_POINT('',#14800);
#3691=VERTEX_POINT('',#14806);
#3692=VERTEX_POINT('',#14813);
#3693=VERTEX_POINT('',#14814);
#3694=VERTEX_POINT('',#14816);
#3695=VERTEX_POINT('',#14818);
#3696=VERTEX_POINT('',#14820);
#3697=VERTEX_POINT('',#14822);
#3698=VERTEX_POINT('',#14824);
#3699=VERTEX_POINT('',#14826);
#3700=VERTEX_POINT('',#14830);
#3701=VERTEX_POINT('',#14831);
#3702=VERTEX_POINT('',#14833);
#3703=VERTEX_POINT('',#14835);
#3704=VERTEX_POINT('',#14837);
#3705=VERTEX_POINT('',#14839);
#3706=VERTEX_POINT('',#14841);
#3707=VERTEX_POINT('',#14843);
#3708=VERTEX_POINT('',#14847);
#3709=VERTEX_POINT('',#14848);
#3710=VERTEX_POINT('',#14850);
#3711=VERTEX_POINT('',#14852);
#3712=VERTEX_POINT('',#14854);
#3713=VERTEX_POINT('',#14856);
#3714=VERTEX_POINT('',#14858);
#3715=VERTEX_POINT('',#14860);
#3716=VERTEX_POINT('',#14864);
#3717=VERTEX_POINT('',#14865);
#3718=VERTEX_POINT('',#14867);
#3719=VERTEX_POINT('',#14869);
#3720=VERTEX_POINT('',#14871);
#3721=VERTEX_POINT('',#14873);
#3722=VERTEX_POINT('',#14875);
#3723=VERTEX_POINT('',#14877);
#3724=VERTEX_POINT('',#14881);
#3725=VERTEX_POINT('',#14882);
#3726=VERTEX_POINT('',#14887);
#3727=VERTEX_POINT('',#14889);
#3728=VERTEX_POINT('',#14893);
#3729=VERTEX_POINT('',#14895);
#3730=VERTEX_POINT('',#14897);
#3731=VERTEX_POINT('',#14899);
#3732=VERTEX_POINT('',#14901);
#3733=VERTEX_POINT('',#14905);
#3734=VERTEX_POINT('',#14907);
#3735=VERTEX_POINT('',#14909);
#3736=VERTEX_POINT('',#14911);
#3737=VERTEX_POINT('',#14913);
#3738=VERTEX_POINT('',#14917);
#3739=VERTEX_POINT('',#14918);
#3740=VERTEX_POINT('',#14923);
#3741=VERTEX_POINT('',#14924);
#3742=VERTEX_POINT('',#14926);
#3743=VERTEX_POINT('',#14928);
#3744=VERTEX_POINT('',#14930);
#3745=VERTEX_POINT('',#14932);
#3746=VERTEX_POINT('',#14934);
#3747=VERTEX_POINT('',#14936);
#3748=VERTEX_POINT('',#14939);
#3749=VERTEX_POINT('',#14941);
#3750=VERTEX_POINT('',#14943);
#3751=VERTEX_POINT('',#14945);
#3752=VERTEX_POINT('',#14947);
#3753=VERTEX_POINT('',#14951);
#3754=VERTEX_POINT('',#14952);
#3755=VERTEX_POINT('',#14954);
#3756=VERTEX_POINT('',#14956);
#3757=VERTEX_POINT('',#14958);
#3758=VERTEX_POINT('',#14960);
#3759=VERTEX_POINT('',#14962);
#3760=VERTEX_POINT('',#14964);
#3761=VERTEX_POINT('',#14967);
#3762=VERTEX_POINT('',#14969);
#3763=VERTEX_POINT('',#14971);
#3764=VERTEX_POINT('',#14973);
#3765=VERTEX_POINT('',#14975);
#3766=VERTEX_POINT('',#14982);
#3767=VERTEX_POINT('',#14983);
#3768=VERTEX_POINT('',#14985);
#3769=VERTEX_POINT('',#14987);
#3770=VERTEX_POINT('',#14989);
#3771=VERTEX_POINT('',#14991);
#3772=VERTEX_POINT('',#14993);
#3773=VERTEX_POINT('',#14995);
#3774=VERTEX_POINT('',#14998);
#3775=VERTEX_POINT('',#15000);
#3776=VERTEX_POINT('',#15002);
#3777=VERTEX_POINT('',#15004);
#3778=VERTEX_POINT('',#15006);
#3779=VERTEX_POINT('',#15010);
#3780=VERTEX_POINT('',#15011);
#3781=VERTEX_POINT('',#15013);
#3782=VERTEX_POINT('',#15015);
#3783=VERTEX_POINT('',#15017);
#3784=VERTEX_POINT('',#15019);
#3785=VERTEX_POINT('',#15021);
#3786=VERTEX_POINT('',#15023);
#3787=VERTEX_POINT('',#15026);
#3788=VERTEX_POINT('',#15028);
#3789=VERTEX_POINT('',#15030);
#3790=VERTEX_POINT('',#15032);
#3791=VERTEX_POINT('',#15034);
#3792=VERTEX_POINT('',#15046);
#3793=VERTEX_POINT('',#15048);
#3794=VERTEX_POINT('',#15052);
#3795=VERTEX_POINT('',#15056);
#3796=VERTEX_POINT('',#15057);
#3797=VERTEX_POINT('',#15063);
#3798=VERTEX_POINT('',#15064);
#3799=VERTEX_POINT('',#15066);
#3800=VERTEX_POINT('',#15068);
#3801=VERTEX_POINT('',#15071);
#3802=VERTEX_POINT('',#15072);
#3803=VERTEX_POINT('',#15074);
#3804=VERTEX_POINT('',#15076);
#3805=VERTEX_POINT('',#15089);
#3806=VERTEX_POINT('',#15095);
#3807=VERTEX_POINT('',#15099);
#3808=VERTEX_POINT('',#15112);
#3809=VERTEX_POINT('',#15113);
#3810=VERTEX_POINT('',#15116);
#3811=VERTEX_POINT('',#15118);
#3812=VERTEX_POINT('',#15122);
#3813=VERTEX_POINT('',#15124);
#3814=VERTEX_POINT('',#15127);
#3815=VERTEX_POINT('',#15129);
#3816=VERTEX_POINT('',#15131);
#3817=VERTEX_POINT('',#15133);
#3818=VERTEX_POINT('',#15135);
#3819=VERTEX_POINT('',#15137);
#3820=VERTEX_POINT('',#15139);
#3821=VERTEX_POINT('',#15141);
#3822=VERTEX_POINT('',#15148);
#3823=VERTEX_POINT('',#15149);
#3824=VERTEX_POINT('',#15152);
#3825=VERTEX_POINT('',#15154);
#3826=VERTEX_POINT('',#15158);
#3827=VERTEX_POINT('',#15160);
#3828=VERTEX_POINT('',#15163);
#3829=VERTEX_POINT('',#15165);
#3830=VERTEX_POINT('',#15168);
#3831=VERTEX_POINT('',#15172);
#3832=VERTEX_POINT('',#15180);
#3833=VERTEX_POINT('',#15182);
#3834=VERTEX_POINT('',#15186);
#3835=VERTEX_POINT('',#15188);
#3836=VERTEX_POINT('',#15205);
#3837=VERTEX_POINT('',#15207);
#3838=VERTEX_POINT('',#15215);
#3839=VERTEX_POINT('',#15217);
#3840=VERTEX_POINT('',#15219);
#3841=VERTEX_POINT('',#15222);
#3842=VERTEX_POINT('',#15226);
#3843=VERTEX_POINT('',#15230);
#3844=VERTEX_POINT('',#15232);
#3845=VERTEX_POINT('',#15236);
#3846=VERTEX_POINT('',#15244);
#3847=VERTEX_POINT('',#15246);
#3848=VERTEX_POINT('',#15253);
#3849=VERTEX_POINT('',#15255);
#3850=VERTEX_POINT('',#15259);
#3851=VERTEX_POINT('',#15261);
#3852=VERTEX_POINT('',#15278);
#3853=VERTEX_POINT('',#15280);
#3854=VERTEX_POINT('',#15289);
#3855=VERTEX_POINT('',#15291);
#3856=VERTEX_POINT('',#15301);
#3857=VERTEX_POINT('',#15303);
#3858=VERTEX_POINT('',#15307);
#3859=VERTEX_POINT('',#15311);
#3860=VERTEX_POINT('',#15356);
#3861=VERTEX_POINT('',#15358);
#3862=VERTEX_POINT('',#15372);
#3863=VERTEX_POINT('',#15374);
#3864=VERTEX_POINT('',#15384);
#3865=VERTEX_POINT('',#15386);
#3866=VERTEX_POINT('',#15392);
#3867=VERTEX_POINT('',#15401);
#3868=VERTEX_POINT('',#15416);
#3869=VERTEX_POINT('',#15417);
#3870=VERTEX_POINT('',#15419);
#3871=VERTEX_POINT('',#15421);
#3872=VERTEX_POINT('',#15423);
#3873=VERTEX_POINT('',#15425);
#3874=VERTEX_POINT('',#15427);
#3875=VERTEX_POINT('',#15429);
#3876=VERTEX_POINT('',#15431);
#3877=VERTEX_POINT('',#15433);
#3878=VERTEX_POINT('',#15435);
#3879=VERTEX_POINT('',#15437);
#3880=VERTEX_POINT('',#15439);
#3881=VERTEX_POINT('',#15441);
#3882=VERTEX_POINT('',#15443);
#3883=VERTEX_POINT('',#15445);
#3884=VERTEX_POINT('',#15447);
#3885=VERTEX_POINT('',#15449);
#3886=VERTEX_POINT('',#15451);
#3887=VERTEX_POINT('',#15453);
#3888=VERTEX_POINT('',#15455);
#3889=VERTEX_POINT('',#15457);
#3890=VERTEX_POINT('',#15459);
#3891=VERTEX_POINT('',#15462);
#3892=VERTEX_POINT('',#15463);
#3893=VERTEX_POINT('',#15465);
#3894=VERTEX_POINT('',#15467);
#3895=VERTEX_POINT('',#15469);
#3896=VERTEX_POINT('',#15471);
#3897=VERTEX_POINT('',#15473);
#3898=VERTEX_POINT('',#15475);
#3899=VERTEX_POINT('',#15477);
#3900=VERTEX_POINT('',#15479);
#3901=VERTEX_POINT('',#15481);
#3902=VERTEX_POINT('',#15483);
#3903=VERTEX_POINT('',#15485);
#3904=VERTEX_POINT('',#15487);
#3905=VERTEX_POINT('',#15489);
#3906=VERTEX_POINT('',#15491);
#3907=VERTEX_POINT('',#15493);
#3908=VERTEX_POINT('',#15495);
#3909=VERTEX_POINT('',#15497);
#3910=VERTEX_POINT('',#15499);
#3911=VERTEX_POINT('',#15501);
#3912=VERTEX_POINT('',#15503);
#3913=VERTEX_POINT('',#15505);
#3914=VERTEX_POINT('',#15512);
#3915=VERTEX_POINT('',#15513);
#3916=VERTEX_POINT('',#15515);
#3917=VERTEX_POINT('',#15517);
#3918=VERTEX_POINT('',#15519);
#3919=VERTEX_POINT('',#15521);
#3920=VERTEX_POINT('',#15523);
#3921=VERTEX_POINT('',#15525);
#3922=VERTEX_POINT('',#15527);
#3923=VERTEX_POINT('',#15529);
#3924=VERTEX_POINT('',#15531);
#3925=VERTEX_POINT('',#15533);
#3926=VERTEX_POINT('',#15535);
#3927=VERTEX_POINT('',#15537);
#3928=VERTEX_POINT('',#15539);
#3929=VERTEX_POINT('',#15541);
#3930=VERTEX_POINT('',#15543);
#3931=VERTEX_POINT('',#15545);
#3932=VERTEX_POINT('',#15547);
#3933=VERTEX_POINT('',#15549);
#3934=VERTEX_POINT('',#15551);
#3935=VERTEX_POINT('',#15553);
#3936=VERTEX_POINT('',#15555);
#3937=VERTEX_POINT('',#15557);
#3938=VERTEX_POINT('',#15559);
#3939=VERTEX_POINT('',#15561);
#3940=VERTEX_POINT('',#15563);
#3941=VERTEX_POINT('',#15565);
#3942=VERTEX_POINT('',#15567);
#3943=VERTEX_POINT('',#15569);
#3944=VERTEX_POINT('',#15571);
#3945=VERTEX_POINT('',#15573);
#3946=VERTEX_POINT('',#15575);
#3947=VERTEX_POINT('',#15577);
#3948=VERTEX_POINT('',#15579);
#3949=VERTEX_POINT('',#15581);
#3950=VERTEX_POINT('',#15583);
#3951=VERTEX_POINT('',#15585);
#3952=VERTEX_POINT('',#15587);
#3953=VERTEX_POINT('',#15589);
#3954=VERTEX_POINT('',#15597);
#3955=VERTEX_POINT('',#15598);
#3956=VERTEX_POINT('',#15600);
#3957=VERTEX_POINT('',#15602);
#3958=VERTEX_POINT('',#15604);
#3959=VERTEX_POINT('',#15606);
#3960=VERTEX_POINT('',#15608);
#3961=VERTEX_POINT('',#15610);
#3962=VERTEX_POINT('',#15612);
#3963=VERTEX_POINT('',#15614);
#3964=VERTEX_POINT('',#15616);
#3965=VERTEX_POINT('',#15618);
#3966=VERTEX_POINT('',#15620);
#3967=VERTEX_POINT('',#15622);
#3968=VERTEX_POINT('',#15624);
#3969=VERTEX_POINT('',#15626);
#3970=VERTEX_POINT('',#15628);
#3971=VERTEX_POINT('',#15630);
#3972=VERTEX_POINT('',#15632);
#3973=VERTEX_POINT('',#15634);
#3974=VERTEX_POINT('',#15636);
#3975=VERTEX_POINT('',#15638);
#3976=VERTEX_POINT('',#15640);
#3977=VERTEX_POINT('',#15642);
#3978=VERTEX_POINT('',#15644);
#3979=VERTEX_POINT('',#15646);
#3980=VERTEX_POINT('',#15648);
#3981=VERTEX_POINT('',#15650);
#3982=VERTEX_POINT('',#15652);
#3983=VERTEX_POINT('',#15654);
#3984=VERTEX_POINT('',#15656);
#3985=VERTEX_POINT('',#15658);
#3986=VERTEX_POINT('',#15660);
#3987=VERTEX_POINT('',#15662);
#3988=VERTEX_POINT('',#15664);
#3989=VERTEX_POINT('',#15666);
#3990=VERTEX_POINT('',#15668);
#3991=VERTEX_POINT('',#15670);
#3992=VERTEX_POINT('',#15672);
#3993=VERTEX_POINT('',#15674);
#3994=VERTEX_POINT('',#15676);
#3995=VERTEX_POINT('',#15681);
#3996=VERTEX_POINT('',#15682);
#3997=VERTEX_POINT('',#15684);
#3998=VERTEX_POINT('',#15686);
#3999=VERTEX_POINT('',#15688);
#4000=VERTEX_POINT('',#15690);
#4001=VERTEX_POINT('',#15692);
#4002=VERTEX_POINT('',#15694);
#4003=VERTEX_POINT('',#15696);
#4004=VERTEX_POINT('',#15698);
#4005=VERTEX_POINT('',#15700);
#4006=VERTEX_POINT('',#15702);
#4007=VERTEX_POINT('',#15704);
#4008=VERTEX_POINT('',#15706);
#4009=VERTEX_POINT('',#15708);
#4010=VERTEX_POINT('',#15710);
#4011=VERTEX_POINT('',#15712);
#4012=VERTEX_POINT('',#15714);
#4013=VERTEX_POINT('',#15716);
#4014=VERTEX_POINT('',#15718);
#4015=VERTEX_POINT('',#15720);
#4016=VERTEX_POINT('',#15722);
#4017=VERTEX_POINT('',#15724);
#4018=VERTEX_POINT('',#15726);
#4019=VERTEX_POINT('',#15728);
#4020=VERTEX_POINT('',#15730);
#4021=VERTEX_POINT('',#15732);
#4022=VERTEX_POINT('',#15734);
#4023=VERTEX_POINT('',#15736);
#4024=VERTEX_POINT('',#15738);
#4025=VERTEX_POINT('',#15740);
#4026=VERTEX_POINT('',#15742);
#4027=VERTEX_POINT('',#15744);
#4028=VERTEX_POINT('',#15746);
#4029=VERTEX_POINT('',#15748);
#4030=VERTEX_POINT('',#15750);
#4031=VERTEX_POINT('',#15753);
#4032=VERTEX_POINT('',#15754);
#4033=VERTEX_POINT('',#15756);
#4034=VERTEX_POINT('',#15758);
#4035=VERTEX_POINT('',#15760);
#4036=VERTEX_POINT('',#15762);
#4037=VERTEX_POINT('',#15764);
#4038=VERTEX_POINT('',#15766);
#4039=VERTEX_POINT('',#15768);
#4040=VERTEX_POINT('',#15770);
#4041=VERTEX_POINT('',#15772);
#4042=VERTEX_POINT('',#15774);
#4043=VERTEX_POINT('',#15776);
#4044=VERTEX_POINT('',#15778);
#4045=VERTEX_POINT('',#15780);
#4046=VERTEX_POINT('',#15782);
#4047=VERTEX_POINT('',#15784);
#4048=VERTEX_POINT('',#15786);
#4049=VERTEX_POINT('',#15788);
#4050=VERTEX_POINT('',#15790);
#4051=VERTEX_POINT('',#15792);
#4052=VERTEX_POINT('',#15794);
#4053=VERTEX_POINT('',#15796);
#4054=VERTEX_POINT('',#15798);
#4055=VERTEX_POINT('',#15800);
#4056=VERTEX_POINT('',#15802);
#4057=VERTEX_POINT('',#15804);
#4058=VERTEX_POINT('',#15806);
#4059=VERTEX_POINT('',#15808);
#4060=VERTEX_POINT('',#15810);
#4061=VERTEX_POINT('',#15812);
#4062=VERTEX_POINT('',#15814);
#4063=VERTEX_POINT('',#15816);
#4064=VERTEX_POINT('',#15818);
#4065=VERTEX_POINT('',#15820);
#4066=VERTEX_POINT('',#15822);
#4067=VERTEX_POINT('',#15824);
#4068=VERTEX_POINT('',#15826);
#4069=VERTEX_POINT('',#15828);
#4070=VERTEX_POINT('',#15830);
#4071=VERTEX_POINT('',#15832);
#4072=VERTEX_POINT('',#15834);
#4073=VERTEX_POINT('',#15836);
#4074=VERTEX_POINT('',#15838);
#4075=VERTEX_POINT('',#15845);
#4076=VERTEX_POINT('',#15847);
#4077=VERTEX_POINT('',#15850);
#4078=VERTEX_POINT('',#15852);
#4079=VERTEX_POINT('',#15859);
#4080=VERTEX_POINT('',#15861);
#4081=VERTEX_POINT('',#15865);
#4082=VERTEX_POINT('',#15866);
#4083=VERTEX_POINT('',#15868);
#4084=VERTEX_POINT('',#15870);
#4085=VERTEX_POINT('',#15872);
#4086=VERTEX_POINT('',#15874);
#4087=VERTEX_POINT('',#15876);
#4088=VERTEX_POINT('',#15878);
#4089=VERTEX_POINT('',#15880);
#4090=VERTEX_POINT('',#15883);
#4091=VERTEX_POINT('',#15887);
#4092=VERTEX_POINT('',#15888);
#4093=VERTEX_POINT('',#15890);
#4094=VERTEX_POINT('',#15892);
#4095=VERTEX_POINT('',#15894);
#4096=VERTEX_POINT('',#15896);
#4097=VERTEX_POINT('',#15900);
#4098=VERTEX_POINT('',#15911);
#4099=VERTEX_POINT('',#15924);
#4100=VERTEX_POINT('',#15925);
#4101=VERTEX_POINT('',#15927);
#4102=VERTEX_POINT('',#15929);
#4103=VERTEX_POINT('',#15933);
#4104=VERTEX_POINT('',#15935);
#4105=VERTEX_POINT('',#15939);
#4106=VERTEX_POINT('',#15941);
#4107=VERTEX_POINT('',#15944);
#4108=VERTEX_POINT('',#15945);
#4109=VERTEX_POINT('',#15947);
#4110=VERTEX_POINT('',#15949);
#4111=VERTEX_POINT('',#15953);
#4112=VERTEX_POINT('',#15954);
#4113=VERTEX_POINT('',#15956);
#4114=VERTEX_POINT('',#15958);
#4115=VERTEX_POINT('',#15962);
#4116=VERTEX_POINT('',#15964);
#4117=VERTEX_POINT('',#15968);
#4118=VERTEX_POINT('',#15970);
#4119=VERTEX_POINT('',#15982);
#4120=VERTEX_POINT('',#15984);
#4121=VERTEX_POINT('',#15986);
#4122=VERTEX_POINT('',#15988);
#4123=VERTEX_POINT('',#16014);
#4124=VERTEX_POINT('',#16016);
#4125=VERTEX_POINT('',#16018);
#4126=VERTEX_POINT('',#16020);
#4127=VERTEX_POINT('',#16023);
#4128=VERTEX_POINT('',#16025);
#4129=VERTEX_POINT('',#16027);
#4130=VERTEX_POINT('',#16029);
#4131=VERTEX_POINT('',#16051);
#4132=VERTEX_POINT('',#16053);
#4133=VERTEX_POINT('',#16057);
#4134=VERTEX_POINT('',#16059);
#4135=VERTEX_POINT('',#16063);
#4136=VERTEX_POINT('',#16065);
#4137=VERTEX_POINT('',#16069);
#4138=VERTEX_POINT('',#16071);
#4139=VERTEX_POINT('',#16080);
#4140=VERTEX_POINT('',#16082);
#4141=VERTEX_POINT('',#16086);
#4142=VERTEX_POINT('',#16087);
#4143=VERTEX_POINT('',#16089);
#4144=VERTEX_POINT('',#16091);
#4145=VERTEX_POINT('',#16093);
#4146=VERTEX_POINT('',#16095);
#4147=VERTEX_POINT('',#16097);
#4148=VERTEX_POINT('',#16099);
#4149=VERTEX_POINT('',#16101);
#4150=VERTEX_POINT('',#16104);
#4151=VERTEX_POINT('',#16108);
#4152=VERTEX_POINT('',#16109);
#4153=VERTEX_POINT('',#16111);
#4154=VERTEX_POINT('',#16113);
#4155=VERTEX_POINT('',#16115);
#4156=VERTEX_POINT('',#16117);
#4157=VERTEX_POINT('',#16121);
#4158=VERTEX_POINT('',#16132);
#4159=VERTEX_POINT('',#16145);
#4160=VERTEX_POINT('',#16146);
#4161=VERTEX_POINT('',#16148);
#4162=VERTEX_POINT('',#16150);
#4163=VERTEX_POINT('',#16154);
#4164=VERTEX_POINT('',#16156);
#4165=VERTEX_POINT('',#16160);
#4166=VERTEX_POINT('',#16162);
#4167=VERTEX_POINT('',#16165);
#4168=VERTEX_POINT('',#16166);
#4169=VERTEX_POINT('',#16168);
#4170=VERTEX_POINT('',#16170);
#4171=VERTEX_POINT('',#16174);
#4172=VERTEX_POINT('',#16175);
#4173=VERTEX_POINT('',#16177);
#4174=VERTEX_POINT('',#16179);
#4175=VERTEX_POINT('',#16183);
#4176=VERTEX_POINT('',#16185);
#4177=VERTEX_POINT('',#16189);
#4178=VERTEX_POINT('',#16191);
#4179=VERTEX_POINT('',#16203);
#4180=VERTEX_POINT('',#16205);
#4181=VERTEX_POINT('',#16207);
#4182=VERTEX_POINT('',#16209);
#4183=VERTEX_POINT('',#16235);
#4184=VERTEX_POINT('',#16237);
#4185=VERTEX_POINT('',#16239);
#4186=VERTEX_POINT('',#16241);
#4187=VERTEX_POINT('',#16244);
#4188=VERTEX_POINT('',#16246);
#4189=VERTEX_POINT('',#16248);
#4190=VERTEX_POINT('',#16250);
#4191=VERTEX_POINT('',#16272);
#4192=VERTEX_POINT('',#16274);
#4193=VERTEX_POINT('',#16278);
#4194=VERTEX_POINT('',#16280);
#4195=VERTEX_POINT('',#16284);
#4196=VERTEX_POINT('',#16286);
#4197=VERTEX_POINT('',#16290);
#4198=VERTEX_POINT('',#16292);
#4199=EDGE_CURVE('',#2948,#2949,#2111,.T.);
#4200=EDGE_CURVE('',#2948,#2949,#2112,.T.);
#4201=EDGE_CURVE('',#2950,#2951,#2113,.T.);
#4202=EDGE_CURVE('',#2950,#2951,#2114,.T.);
#4203=EDGE_CURVE('',#2952,#2953,#2115,.T.);
#4204=EDGE_CURVE('',#2952,#2953,#2116,.T.);
#4205=EDGE_CURVE('',#2954,#2955,#2117,.T.);
#4206=EDGE_CURVE('',#2954,#2955,#2118,.T.);
#4207=EDGE_CURVE('',#2956,#2957,#2119,.T.);
#4208=EDGE_CURVE('',#2956,#2957,#2120,.T.);
#4209=EDGE_CURVE('',#2958,#2959,#2121,.T.);
#4210=EDGE_CURVE('',#2958,#2959,#2122,.T.);
#4211=EDGE_CURVE('',#2960,#2961,#2123,.T.);
#4212=EDGE_CURVE('',#2960,#2961,#2124,.T.);
#4213=EDGE_CURVE('',#2962,#2963,#2125,.T.);
#4214=EDGE_CURVE('',#2962,#2963,#2126,.T.);
#4215=EDGE_CURVE('',#2964,#2965,#2127,.T.);
#4216=EDGE_CURVE('',#2964,#2965,#2128,.T.);
#4217=EDGE_CURVE('',#2966,#2964,#2129,.T.);
#4218=EDGE_CURVE('',#2966,#2964,#2130,.T.);
#4219=EDGE_CURVE('',#2967,#2968,#2131,.T.);
#4220=EDGE_CURVE('',#2967,#2968,#2132,.T.);
#4221=EDGE_CURVE('',#2969,#2970,#2133,.T.);
#4222=EDGE_CURVE('',#2969,#2970,#2134,.T.);
#4223=EDGE_CURVE('',#2971,#2972,#2135,.T.);
#4224=EDGE_CURVE('',#2971,#2972,#2136,.T.);
#4225=EDGE_CURVE('',#2973,#2974,#2137,.T.);
#4226=EDGE_CURVE('',#2973,#2974,#2138,.T.);
#4227=EDGE_CURVE('',#2975,#2976,#2139,.T.);
#4228=EDGE_CURVE('',#2975,#2976,#2140,.T.);
#4229=EDGE_CURVE('',#2977,#2978,#2141,.T.);
#4230=EDGE_CURVE('',#2979,#2977,#302,.T.);
#4231=EDGE_CURVE('',#2979,#2980,#2142,.T.);
#4232=EDGE_CURVE('',#2980,#2978,#303,.T.);
#4233=EDGE_CURVE('',#2981,#2982,#2143,.T.);
#4234=EDGE_CURVE('',#2983,#2982,#304,.T.);
#4235=EDGE_CURVE('',#2984,#2983,#2144,.T.);
#4236=EDGE_CURVE('',#2984,#2981,#305,.T.);
#4237=EDGE_CURVE('',#2985,#2986,#2145,.T.);
#4238=EDGE_CURVE('',#2985,#2987,#306,.T.);
#4239=EDGE_CURVE('',#2987,#2988,#2146,.T.);
#4240=EDGE_CURVE('',#2986,#2988,#307,.T.);
#4241=EDGE_CURVE('',#2989,#2990,#2147,.T.);
#4242=EDGE_CURVE('',#2990,#2991,#308,.T.);
#4243=EDGE_CURVE('',#2992,#2991,#2148,.T.);
#4244=EDGE_CURVE('',#2989,#2992,#309,.T.);
#4245=EDGE_CURVE('',#2993,#2994,#2149,.T.);
#4246=EDGE_CURVE('',#2995,#2994,#310,.T.);
#4247=EDGE_CURVE('',#2996,#2995,#2150,.T.);
#4248=EDGE_CURVE('',#2996,#2993,#311,.T.);
#4249=EDGE_CURVE('',#2997,#2998,#2151,.T.);
#4250=EDGE_CURVE('',#2999,#2997,#312,.T.);
#4251=EDGE_CURVE('',#2999,#3000,#2152,.T.);
#4252=EDGE_CURVE('',#3000,#2998,#313,.T.);
#4253=EDGE_CURVE('',#3001,#3002,#2153,.T.);
#4254=EDGE_CURVE('',#3002,#3003,#314,.T.);
#4255=EDGE_CURVE('',#3004,#3003,#2154,.T.);
#4256=EDGE_CURVE('',#3001,#3004,#315,.T.);
#4257=EDGE_CURVE('',#3005,#3006,#2155,.T.);
#4258=EDGE_CURVE('',#3005,#3007,#316,.T.);
#4259=EDGE_CURVE('',#3007,#3008,#2156,.T.);
#4260=EDGE_CURVE('',#3006,#3008,#317,.T.);
#4261=EDGE_CURVE('',#3009,#3010,#2157,.T.);
#4262=EDGE_CURVE('',#3010,#3011,#318,.T.);
#4263=EDGE_CURVE('',#3012,#3011,#2158,.T.);
#4264=EDGE_CURVE('',#3009,#3012,#319,.T.);
#4265=EDGE_CURVE('',#3013,#3014,#2159,.T.);
#4266=EDGE_CURVE('',#3013,#3015,#320,.T.);
#4267=EDGE_CURVE('',#3015,#3016,#2160,.T.);
#4268=EDGE_CURVE('',#3014,#3016,#321,.T.);
#4269=EDGE_CURVE('',#3017,#3018,#2161,.T.);
#4270=EDGE_CURVE('',#3019,#3018,#322,.T.);
#4271=EDGE_CURVE('',#3020,#3019,#2162,.T.);
#4272=EDGE_CURVE('',#3020,#3017,#323,.T.);
#4273=EDGE_CURVE('',#3021,#3022,#2163,.T.);
#4274=EDGE_CURVE('',#3023,#3021,#324,.T.);
#4275=EDGE_CURVE('',#3023,#3024,#2164,.T.);
#4276=EDGE_CURVE('',#3024,#3022,#325,.T.);
#4277=EDGE_CURVE('',#3025,#3026,#2165,.T.);
#4278=EDGE_CURVE('',#3025,#3027,#326,.T.);
#4279=EDGE_CURVE('',#3027,#3028,#2166,.T.);
#4280=EDGE_CURVE('',#3026,#3028,#327,.T.);
#4281=EDGE_CURVE('',#3029,#3030,#2167,.T.);
#4282=EDGE_CURVE('',#3030,#3031,#328,.T.);
#4283=EDGE_CURVE('',#3032,#3031,#2168,.T.);
#4284=EDGE_CURVE('',#3029,#3032,#329,.T.);
#4285=EDGE_CURVE('',#3033,#3034,#2169,.T.);
#4286=EDGE_CURVE('',#3035,#3033,#330,.T.);
#4287=EDGE_CURVE('',#3035,#3036,#2170,.T.);
#4288=EDGE_CURVE('',#3036,#3034,#331,.T.);
#4289=EDGE_CURVE('',#3037,#3038,#2171,.T.);
#4290=EDGE_CURVE('',#3039,#3038,#332,.T.);
#4291=EDGE_CURVE('',#3040,#3039,#2172,.T.);
#4292=EDGE_CURVE('',#3040,#3037,#333,.T.);
#4293=EDGE_CURVE('',#3041,#3041,#2173,.T.);
#4294=EDGE_CURVE('',#3041,#3042,#334,.T.);
#4295=EDGE_CURVE('',#3042,#3042,#2174,.T.);
#4296=EDGE_CURVE('',#3043,#3043,#2175,.T.);
#4297=EDGE_CURVE('',#3043,#3044,#335,.T.);
#4298=EDGE_CURVE('',#3044,#3044,#2176,.T.);
#4299=EDGE_CURVE('',#3045,#3045,#2177,.T.);
#4300=EDGE_CURVE('',#3045,#3046,#336,.T.);
#4301=EDGE_CURVE('',#3046,#3046,#2178,.T.);
#4302=EDGE_CURVE('',#3047,#3047,#2179,.T.);
#4303=EDGE_CURVE('',#3047,#3046,#2180,.T.);
#4304=EDGE_CURVE('',#3048,#3048,#2181,.T.);
#4305=EDGE_CURVE('',#3048,#3047,#337,.T.);
#4306=EDGE_CURVE('',#3048,#3049,#338,.T.);
#4307=EDGE_CURVE('',#3049,#3049,#2182,.T.);
#4308=EDGE_CURVE('',#3050,#3050,#2183,.T.);
#4309=EDGE_CURVE('',#3050,#3051,#339,.T.);
#4310=EDGE_CURVE('',#3051,#3051,#2184,.T.);
#4311=EDGE_CURVE('',#3052,#3052,#2185,.T.);
#4312=EDGE_CURVE('',#3052,#3053,#340,.T.);
#4313=EDGE_CURVE('',#3053,#3053,#2186,.T.);
#4314=EDGE_CURVE('',#3054,#3054,#2187,.T.);
#4315=EDGE_CURVE('',#3054,#3055,#341,.T.);
#4316=EDGE_CURVE('',#3055,#3055,#2188,.T.);
#4317=EDGE_CURVE('',#3056,#3056,#2189,.T.);
#4318=EDGE_CURVE('',#3056,#3055,#2190,.T.);
#4319=EDGE_CURVE('',#3057,#3057,#2191,.T.);
#4320=EDGE_CURVE('',#3057,#3056,#342,.T.);
#4321=EDGE_CURVE('',#3057,#3058,#343,.T.);
#4322=EDGE_CURVE('',#3058,#3058,#2192,.T.);
#4323=EDGE_CURVE('',#2982,#3059,#344,.T.);
#4324=EDGE_CURVE('',#3059,#3060,#345,.T.);
#4325=EDGE_CURVE('',#3060,#3061,#2193,.T.);
#4326=EDGE_CURVE('',#3061,#3062,#346,.T.);
#4327=EDGE_CURVE('',#3062,#3063,#347,.T.);
#4328=EDGE_CURVE('',#3063,#3064,#2194,.T.);
#4329=EDGE_CURVE('',#3064,#2993,#348,.T.);
#4330=EDGE_CURVE('',#2996,#3006,#349,.T.);
#4331=EDGE_CURVE('',#3008,#3065,#350,.T.);
#4332=EDGE_CURVE('',#3065,#3066,#2195,.T.);
#4333=EDGE_CURVE('',#3066,#3067,#351,.T.);
#4334=EDGE_CURVE('',#3067,#3068,#352,.T.);
#4335=EDGE_CURVE('',#3068,#3069,#2196,.T.);
#4336=EDGE_CURVE('',#3069,#3070,#353,.T.);
#4337=EDGE_CURVE('',#3070,#2987,#354,.T.);
#4338=EDGE_CURVE('',#2983,#2985,#355,.T.);
#4339=EDGE_CURVE('',#3071,#3072,#356,.T.);
#4340=EDGE_CURVE('',#3073,#3071,#357,.T.);
#4341=EDGE_CURVE('',#3074,#3073,#358,.T.);
#4342=EDGE_CURVE('',#3075,#3074,#359,.T.);
#4343=EDGE_CURVE('',#3076,#3075,#360,.T.);
#4344=EDGE_CURVE('',#3077,#3076,#361,.T.);
#4345=EDGE_CURVE('',#3078,#3077,#362,.T.);
#4346=EDGE_CURVE('',#3072,#3078,#363,.T.);
#4347=EDGE_CURVE('',#3079,#3080,#364,.T.);
#4348=EDGE_CURVE('',#3081,#3079,#365,.T.);
#4349=EDGE_CURVE('',#3082,#3081,#366,.T.);
#4350=EDGE_CURVE('',#3083,#3082,#367,.T.);
#4351=EDGE_CURVE('',#3084,#3083,#368,.T.);
#4352=EDGE_CURVE('',#3085,#3084,#369,.T.);
#4353=EDGE_CURVE('',#3086,#3085,#370,.T.);
#4354=EDGE_CURVE('',#3080,#3086,#371,.T.);
#4355=EDGE_CURVE('',#3087,#3088,#2197,.T.);
#4356=EDGE_CURVE('',#3089,#3087,#372,.T.);
#4357=EDGE_CURVE('',#3090,#3089,#373,.T.);
#4358=EDGE_CURVE('',#3091,#3090,#374,.T.);
#4359=EDGE_CURVE('',#3091,#3092,#2198,.T.);
#4360=EDGE_CURVE('',#3092,#3093,#2199,.T.);
#4361=EDGE_CURVE('',#3093,#3094,#2200,.T.);
#4362=EDGE_CURVE('',#3094,#3095,#2201,.T.);
#4363=EDGE_CURVE('',#3095,#3096,#2202,.T.);
#4364=EDGE_CURVE('',#3096,#3097,#2203,.T.);
#4365=EDGE_CURVE('',#3097,#3098,#2204,.T.);
#4366=EDGE_CURVE('',#3098,#3099,#2205,.T.);
#4367=EDGE_CURVE('',#3099,#3100,#2206,.T.);
#4368=EDGE_CURVE('',#3100,#3101,#2207,.T.);
#4369=EDGE_CURVE('',#3101,#3102,#2208,.T.);
#4370=EDGE_CURVE('',#3102,#3103,#2209,.T.);
#4371=EDGE_CURVE('',#3103,#3104,#2210,.T.);
#4372=EDGE_CURVE('',#3104,#3105,#2211,.T.);
#4373=EDGE_CURVE('',#3105,#3106,#2212,.T.);
#4374=EDGE_CURVE('',#3106,#3107,#24,.T.);
#4375=EDGE_CURVE('',#3107,#3108,#2213,.T.);
#4376=EDGE_CURVE('',#3109,#3108,#375,.T.);
#4377=EDGE_CURVE('',#3110,#3109,#376,.T.);
#4378=EDGE_CURVE('',#3111,#3110,#377,.T.);
#4379=EDGE_CURVE('',#3112,#3111,#2214,.T.);
#4380=EDGE_CURVE('',#3113,#3112,#2215,.T.);
#4381=EDGE_CURVE('',#3114,#3113,#2216,.T.);
#4382=EDGE_CURVE('',#3115,#3114,#2217,.T.);
#4383=EDGE_CURVE('',#3116,#3115,#2218,.T.);
#4384=EDGE_CURVE('',#3117,#3116,#2219,.T.);
#4385=EDGE_CURVE('',#3118,#3117,#2220,.T.);
#4386=EDGE_CURVE('',#3119,#3118,#2221,.T.);
#4387=EDGE_CURVE('',#3120,#3119,#2222,.T.);
#4388=EDGE_CURVE('',#3121,#3120,#2223,.T.);
#4389=EDGE_CURVE('',#3122,#3121,#2224,.T.);
#4390=EDGE_CURVE('',#3123,#3122,#2225,.T.);
#4391=EDGE_CURVE('',#3124,#3123,#2226,.T.);
#4392=EDGE_CURVE('',#3125,#3124,#2227,.T.);
#4393=EDGE_CURVE('',#3126,#3125,#2228,.T.);
#4394=EDGE_CURVE('',#3127,#3126,#2229,.T.);
#4395=EDGE_CURVE('',#3128,#3127,#2230,.T.);
#4396=EDGE_CURVE('',#3088,#3128,#2231,.T.);
#4397=EDGE_CURVE('',#3129,#3130,#2232,.T.);
#4398=EDGE_CURVE('',#3131,#3129,#378,.T.);
#4399=EDGE_CURVE('',#3132,#3131,#379,.T.);
#4400=EDGE_CURVE('',#3132,#3133,#2233,.T.);
#4401=EDGE_CURVE('',#3133,#3134,#25,.T.);
#4402=EDGE_CURVE('',#3134,#3135,#2234,.T.);
#4403=EDGE_CURVE('',#3135,#3136,#2235,.T.);
#4404=EDGE_CURVE('',#3136,#3137,#2236,.T.);
#4405=EDGE_CURVE('',#3137,#3138,#2237,.T.);
#4406=EDGE_CURVE('',#3138,#3139,#2238,.T.);
#4407=EDGE_CURVE('',#3139,#3140,#2239,.T.);
#4408=EDGE_CURVE('',#3140,#3141,#2240,.T.);
#4409=EDGE_CURVE('',#3141,#3142,#2241,.T.);
#4410=EDGE_CURVE('',#3142,#3143,#2242,.T.);
#4411=EDGE_CURVE('',#3143,#3144,#2243,.T.);
#4412=EDGE_CURVE('',#3144,#3145,#2244,.T.);
#4413=EDGE_CURVE('',#3145,#3146,#2245,.T.);
#4414=EDGE_CURVE('',#3146,#3147,#2246,.T.);
#4415=EDGE_CURVE('',#3147,#3148,#2247,.T.);
#4416=EDGE_CURVE('',#3148,#3149,#2248,.T.);
#4417=EDGE_CURVE('',#3149,#3150,#26,.T.);
#4418=EDGE_CURVE('',#3150,#3151,#2249,.T.);
#4419=EDGE_CURVE('',#3151,#3152,#2250,.T.);
#4420=EDGE_CURVE('',#3152,#3153,#2251,.T.);
#4421=EDGE_CURVE('',#3153,#3154,#2252,.T.);
#4422=EDGE_CURVE('',#3154,#3155,#2253,.T.);
#4423=EDGE_CURVE('',#3155,#3156,#2254,.T.);
#4424=EDGE_CURVE('',#3156,#3157,#2255,.T.);
#4425=EDGE_CURVE('',#3157,#3158,#2256,.T.);
#4426=EDGE_CURVE('',#3158,#3159,#2257,.T.);
#4427=EDGE_CURVE('',#3159,#3160,#2258,.T.);
#4428=EDGE_CURVE('',#3160,#3161,#2259,.T.);
#4429=EDGE_CURVE('',#3161,#3162,#2260,.T.);
#4430=EDGE_CURVE('',#3162,#3163,#2261,.T.);
#4431=EDGE_CURVE('',#3164,#3163,#380,.T.);
#4432=EDGE_CURVE('',#3165,#3164,#381,.T.);
#4433=EDGE_CURVE('',#3166,#3165,#382,.T.);
#4434=EDGE_CURVE('',#3167,#3166,#383,.T.);
#4435=EDGE_CURVE('',#3168,#3167,#384,.T.);
#4436=EDGE_CURVE('',#3169,#3168,#385,.T.);
#4437=EDGE_CURVE('',#3170,#3169,#2262,.T.);
#4438=EDGE_CURVE('',#3171,#3170,#2263,.T.);
#4439=EDGE_CURVE('',#3172,#3171,#2264,.T.);
#4440=EDGE_CURVE('',#3173,#3172,#2265,.T.);
#4441=EDGE_CURVE('',#3174,#3173,#27,.F.);
#4442=EDGE_CURVE('',#3175,#3174,#28,.F.);
#4443=EDGE_CURVE('',#3176,#3175,#2266,.T.);
#4444=EDGE_CURVE('',#3177,#3176,#2267,.T.);
#4445=EDGE_CURVE('',#3178,#3177,#2268,.T.);
#4446=EDGE_CURVE('',#3179,#3178,#2269,.T.);
#4447=EDGE_CURVE('',#3180,#3179,#2270,.T.);
#4448=EDGE_CURVE('',#3181,#3180,#2271,.T.);
#4449=EDGE_CURVE('',#3182,#3181,#2272,.T.);
#4450=EDGE_CURVE('',#3183,#3182,#2273,.T.);
#4451=EDGE_CURVE('',#3184,#3183,#2274,.T.);
#4452=EDGE_CURVE('',#3185,#3184,#2275,.T.);
#4453=EDGE_CURVE('',#3186,#3185,#2276,.T.);
#4454=EDGE_CURVE('',#3187,#3186,#2277,.T.);
#4455=EDGE_CURVE('',#3188,#3187,#2278,.T.);
#4456=EDGE_CURVE('',#3189,#3188,#2279,.T.);
#4457=EDGE_CURVE('',#3190,#3189,#2280,.T.);
#4458=EDGE_CURVE('',#3191,#3190,#2281,.T.);
#4459=EDGE_CURVE('',#3192,#3191,#2282,.T.);
#4460=EDGE_CURVE('',#3193,#3192,#2283,.T.);
#4461=EDGE_CURVE('',#3194,#3193,#2284,.T.);
#4462=EDGE_CURVE('',#3195,#3194,#2285,.T.);
#4463=EDGE_CURVE('',#3196,#3195,#2286,.T.);
#4464=EDGE_CURVE('',#3197,#3196,#2287,.T.);
#4465=EDGE_CURVE('',#3130,#3197,#2288,.T.);
#4466=EDGE_CURVE('',#3198,#3199,#2289,.T.);
#4467=EDGE_CURVE('',#3200,#3198,#386,.T.);
#4468=EDGE_CURVE('',#3201,#3200,#387,.T.);
#4469=EDGE_CURVE('',#3201,#3202,#2290,.T.);
#4470=EDGE_CURVE('',#3202,#3203,#29,.T.);
#4471=EDGE_CURVE('',#3203,#3204,#2291,.T.);
#4472=EDGE_CURVE('',#3204,#3205,#2292,.T.);
#4473=EDGE_CURVE('',#3205,#3206,#2293,.T.);
#4474=EDGE_CURVE('',#3206,#3207,#2294,.T.);
#4475=EDGE_CURVE('',#3207,#3208,#2295,.T.);
#4476=EDGE_CURVE('',#3208,#3209,#2296,.T.);
#4477=EDGE_CURVE('',#3209,#3210,#2297,.T.);
#4478=EDGE_CURVE('',#3210,#3211,#2298,.T.);
#4479=EDGE_CURVE('',#3211,#3212,#2299,.T.);
#4480=EDGE_CURVE('',#3212,#3213,#2300,.T.);
#4481=EDGE_CURVE('',#3213,#3214,#2301,.T.);
#4482=EDGE_CURVE('',#3214,#3215,#2302,.T.);
#4483=EDGE_CURVE('',#3215,#3216,#2303,.T.);
#4484=EDGE_CURVE('',#3216,#3217,#2304,.T.);
#4485=EDGE_CURVE('',#3217,#3218,#2305,.T.);
#4486=EDGE_CURVE('',#3218,#3219,#30,.T.);
#4487=EDGE_CURVE('',#3219,#3220,#2306,.T.);
#4488=EDGE_CURVE('',#3220,#3221,#2307,.T.);
#4489=EDGE_CURVE('',#3221,#3222,#2308,.T.);
#4490=EDGE_CURVE('',#3222,#3223,#2309,.T.);
#4491=EDGE_CURVE('',#3223,#3224,#2310,.T.);
#4492=EDGE_CURVE('',#3224,#3225,#2311,.T.);
#4493=EDGE_CURVE('',#3225,#3226,#2312,.T.);
#4494=EDGE_CURVE('',#3226,#3227,#2313,.T.);
#4495=EDGE_CURVE('',#3227,#3228,#2314,.T.);
#4496=EDGE_CURVE('',#3228,#3229,#2315,.T.);
#4497=EDGE_CURVE('',#3229,#3230,#2316,.T.);
#4498=EDGE_CURVE('',#3230,#3231,#2317,.T.);
#4499=EDGE_CURVE('',#3231,#3232,#2318,.T.);
#4500=EDGE_CURVE('',#3233,#3232,#388,.T.);
#4501=EDGE_CURVE('',#3234,#3233,#389,.T.);
#4502=EDGE_CURVE('',#3235,#3234,#390,.T.);
#4503=EDGE_CURVE('',#3236,#3235,#391,.T.);
#4504=EDGE_CURVE('',#3237,#3236,#392,.T.);
#4505=EDGE_CURVE('',#3238,#3237,#393,.T.);
#4506=EDGE_CURVE('',#3239,#3238,#2319,.T.);
#4507=EDGE_CURVE('',#3240,#3239,#2320,.T.);
#4508=EDGE_CURVE('',#3241,#3240,#2321,.T.);
#4509=EDGE_CURVE('',#3242,#3241,#2322,.T.);
#4510=EDGE_CURVE('',#3243,#3242,#31,.F.);
#4511=EDGE_CURVE('',#3244,#3243,#32,.F.);
#4512=EDGE_CURVE('',#3245,#3244,#2323,.T.);
#4513=EDGE_CURVE('',#3246,#3245,#2324,.T.);
#4514=EDGE_CURVE('',#3247,#3246,#2325,.T.);
#4515=EDGE_CURVE('',#3248,#3247,#2326,.T.);
#4516=EDGE_CURVE('',#3249,#3248,#2327,.T.);
#4517=EDGE_CURVE('',#3250,#3249,#2328,.T.);
#4518=EDGE_CURVE('',#3251,#3250,#2329,.T.);
#4519=EDGE_CURVE('',#3252,#3251,#2330,.T.);
#4520=EDGE_CURVE('',#3253,#3252,#2331,.T.);
#4521=EDGE_CURVE('',#3254,#3253,#2332,.T.);
#4522=EDGE_CURVE('',#3255,#3254,#2333,.T.);
#4523=EDGE_CURVE('',#3256,#3255,#2334,.T.);
#4524=EDGE_CURVE('',#3257,#3256,#2335,.T.);
#4525=EDGE_CURVE('',#3258,#3257,#2336,.T.);
#4526=EDGE_CURVE('',#3259,#3258,#2337,.T.);
#4527=EDGE_CURVE('',#3260,#3259,#2338,.T.);
#4528=EDGE_CURVE('',#3261,#3260,#2339,.T.);
#4529=EDGE_CURVE('',#3262,#3261,#2340,.T.);
#4530=EDGE_CURVE('',#3263,#3262,#2341,.T.);
#4531=EDGE_CURVE('',#3264,#3263,#2342,.T.);
#4532=EDGE_CURVE('',#3265,#3264,#2343,.T.);
#4533=EDGE_CURVE('',#3266,#3265,#2344,.T.);
#4534=EDGE_CURVE('',#3199,#3266,#2345,.T.);
#4535=EDGE_CURVE('',#3267,#3268,#394,.T.);
#4536=EDGE_CURVE('',#3269,#3267,#395,.T.);
#4537=EDGE_CURVE('',#3270,#3269,#396,.T.);
#4538=EDGE_CURVE('',#3268,#3270,#397,.T.);
#4539=EDGE_CURVE('',#3271,#3272,#398,.T.);
#4540=EDGE_CURVE('',#3273,#3271,#399,.T.);
#4541=EDGE_CURVE('',#3274,#3273,#400,.T.);
#4542=EDGE_CURVE('',#3274,#3275,#2346,.T.);
#4543=EDGE_CURVE('',#3275,#3276,#2347,.T.);
#4544=EDGE_CURVE('',#3276,#3277,#2348,.T.);
#4545=EDGE_CURVE('',#3277,#3278,#2349,.T.);
#4546=EDGE_CURVE('',#3278,#3279,#2350,.T.);
#4547=EDGE_CURVE('',#3279,#3280,#2351,.T.);
#4548=EDGE_CURVE('',#3280,#3281,#2352,.T.);
#4549=EDGE_CURVE('',#3281,#3282,#2353,.T.);
#4550=EDGE_CURVE('',#3282,#3283,#2354,.T.);
#4551=EDGE_CURVE('',#3283,#3284,#2355,.T.);
#4552=EDGE_CURVE('',#3284,#3285,#2356,.T.);
#4553=EDGE_CURVE('',#3285,#3286,#2357,.T.);
#4554=EDGE_CURVE('',#3286,#3287,#2358,.T.);
#4555=EDGE_CURVE('',#3287,#3288,#2359,.T.);
#4556=EDGE_CURVE('',#3288,#3289,#2360,.T.);
#4557=EDGE_CURVE('',#3289,#3290,#2361,.T.);
#4558=EDGE_CURVE('',#3290,#3291,#2362,.T.);
#4559=EDGE_CURVE('',#3291,#3292,#2363,.T.);
#4560=EDGE_CURVE('',#3293,#3292,#401,.T.);
#4561=EDGE_CURVE('',#3294,#3293,#402,.T.);
#4562=EDGE_CURVE('',#3295,#3294,#403,.T.);
#4563=EDGE_CURVE('',#3296,#3295,#404,.T.);
#4564=EDGE_CURVE('',#3297,#3296,#2364,.T.);
#4565=EDGE_CURVE('',#3298,#3297,#2365,.T.);
#4566=EDGE_CURVE('',#3299,#3298,#2366,.T.);
#4567=EDGE_CURVE('',#3300,#3299,#2367,.T.);
#4568=EDGE_CURVE('',#3301,#3300,#2368,.T.);
#4569=EDGE_CURVE('',#3302,#3301,#2369,.T.);
#4570=EDGE_CURVE('',#3303,#3302,#2370,.T.);
#4571=EDGE_CURVE('',#3304,#3303,#2371,.T.);
#4572=EDGE_CURVE('',#3305,#3304,#2372,.T.);
#4573=EDGE_CURVE('',#3306,#3305,#2373,.T.);
#4574=EDGE_CURVE('',#3307,#3306,#2374,.T.);
#4575=EDGE_CURVE('',#3308,#3307,#2375,.T.);
#4576=EDGE_CURVE('',#3309,#3308,#2376,.T.);
#4577=EDGE_CURVE('',#3310,#3309,#2377,.T.);
#4578=EDGE_CURVE('',#3272,#3310,#2378,.T.);
#4579=EDGE_CURVE('',#3311,#3312,#2379,.T.);
#4580=EDGE_CURVE('',#3313,#3311,#405,.T.);
#4581=EDGE_CURVE('',#3313,#3314,#2380,.T.);
#4582=EDGE_CURVE('',#3314,#3315,#2381,.T.);
#4583=EDGE_CURVE('',#3315,#3316,#2382,.T.);
#4584=EDGE_CURVE('',#3316,#3317,#2383,.T.);
#4585=EDGE_CURVE('',#3317,#3318,#2384,.T.);
#4586=EDGE_CURVE('',#3318,#3319,#33,.T.);
#4587=EDGE_CURVE('',#3319,#3320,#2385,.T.);
#4588=EDGE_CURVE('',#3320,#3321,#2386,.T.);
#4589=EDGE_CURVE('',#3321,#3322,#2387,.T.);
#4590=EDGE_CURVE('',#3322,#3323,#2388,.T.);
#4591=EDGE_CURVE('',#3323,#3324,#2389,.T.);
#4592=EDGE_CURVE('',#3324,#3325,#34,.T.);
#4593=EDGE_CURVE('',#3325,#3326,#2390,.T.);
#4594=EDGE_CURVE('',#3326,#3327,#2391,.T.);
#4595=EDGE_CURVE('',#3327,#3328,#2392,.T.);
#4596=EDGE_CURVE('',#3328,#3329,#2393,.T.);
#4597=EDGE_CURVE('',#3329,#3330,#2394,.T.);
#4598=EDGE_CURVE('',#3330,#3331,#2395,.T.);
#4599=EDGE_CURVE('',#3331,#3332,#2396,.T.);
#4600=EDGE_CURVE('',#3332,#3333,#2397,.T.);
#4601=EDGE_CURVE('',#3333,#3334,#2398,.T.);
#4602=EDGE_CURVE('',#3334,#3335,#2399,.T.);
#4603=EDGE_CURVE('',#3335,#3336,#2400,.T.);
#4604=EDGE_CURVE('',#3336,#3337,#2401,.T.);
#4605=EDGE_CURVE('',#3337,#3338,#2402,.T.);
#4606=EDGE_CURVE('',#3338,#3339,#2403,.T.);
#4607=EDGE_CURVE('',#3339,#3340,#2404,.T.);
#4608=EDGE_CURVE('',#3340,#3341,#2405,.T.);
#4609=EDGE_CURVE('',#3341,#3342,#2406,.T.);
#4610=EDGE_CURVE('',#3342,#3343,#2407,.T.);
#4611=EDGE_CURVE('',#3343,#3344,#2408,.T.);
#4612=EDGE_CURVE('',#3344,#3345,#2409,.T.);
#4613=EDGE_CURVE('',#3346,#3345,#2410,.T.);
#4614=EDGE_CURVE('',#3347,#3346,#406,.T.);
#4615=EDGE_CURVE('',#3348,#3347,#407,.T.);
#4616=EDGE_CURVE('',#3349,#3348,#408,.T.);
#4617=EDGE_CURVE('',#3350,#3349,#2411,.T.);
#4618=EDGE_CURVE('',#3351,#3350,#2412,.T.);
#4619=EDGE_CURVE('',#3352,#3351,#2413,.T.);
#4620=EDGE_CURVE('',#3353,#3352,#2414,.T.);
#4621=EDGE_CURVE('',#3354,#3353,#2415,.T.);
#4622=EDGE_CURVE('',#3355,#3354,#2416,.T.);
#4623=EDGE_CURVE('',#3356,#3355,#409,.T.);
#4624=EDGE_CURVE('',#3357,#3356,#2417,.T.);
#4625=EDGE_CURVE('',#3358,#3357,#2418,.T.);
#4626=EDGE_CURVE('',#3359,#3358,#2419,.T.);
#4627=EDGE_CURVE('',#3360,#3359,#2420,.T.);
#4628=EDGE_CURVE('',#3361,#3360,#2421,.T.);
#4629=EDGE_CURVE('',#3362,#3361,#2422,.T.);
#4630=EDGE_CURVE('',#3363,#3362,#2423,.T.);
#4631=EDGE_CURVE('',#3364,#3363,#2424,.T.);
#4632=EDGE_CURVE('',#3365,#3364,#2425,.T.);
#4633=EDGE_CURVE('',#3366,#3365,#2426,.T.);
#4634=EDGE_CURVE('',#3367,#3366,#2427,.T.);
#4635=EDGE_CURVE('',#3368,#3367,#2428,.T.);
#4636=EDGE_CURVE('',#3369,#3368,#2429,.T.);
#4637=EDGE_CURVE('',#3370,#3369,#2430,.T.);
#4638=EDGE_CURVE('',#3371,#3370,#2431,.T.);
#4639=EDGE_CURVE('',#3372,#3371,#2432,.T.);
#4640=EDGE_CURVE('',#3373,#3372,#2433,.T.);
#4641=EDGE_CURVE('',#3374,#3373,#2434,.T.);
#4642=EDGE_CURVE('',#3375,#3374,#2435,.T.);
#4643=EDGE_CURVE('',#3376,#3375,#410,.T.);
#4644=EDGE_CURVE('',#3376,#3377,#2436,.T.);
#4645=EDGE_CURVE('',#3377,#3378,#2437,.T.);
#4646=EDGE_CURVE('',#3378,#3379,#2438,.T.);
#4647=EDGE_CURVE('',#3379,#3380,#2439,.T.);
#4648=EDGE_CURVE('',#3380,#3381,#2440,.T.);
#4649=EDGE_CURVE('',#3381,#3382,#2441,.T.);
#4650=EDGE_CURVE('',#3382,#3383,#2442,.T.);
#4651=EDGE_CURVE('',#3383,#3384,#2443,.T.);
#4652=EDGE_CURVE('',#3384,#3385,#2444,.T.);
#4653=EDGE_CURVE('',#3385,#3386,#2445,.T.);
#4654=EDGE_CURVE('',#3386,#3387,#2446,.T.);
#4655=EDGE_CURVE('',#3387,#3388,#2447,.T.);
#4656=EDGE_CURVE('',#3388,#3389,#35,.T.);
#4657=EDGE_CURVE('',#3389,#3390,#36,.T.);
#4658=EDGE_CURVE('',#3390,#3391,#2448,.T.);
#4659=EDGE_CURVE('',#3391,#3392,#2449,.T.);
#4660=EDGE_CURVE('',#3392,#3393,#2450,.T.);
#4661=EDGE_CURVE('',#3393,#3394,#2451,.T.);
#4662=EDGE_CURVE('',#3394,#3395,#2452,.T.);
#4663=EDGE_CURVE('',#3395,#3396,#2453,.T.);
#4664=EDGE_CURVE('',#3396,#3397,#2454,.T.);
#4665=EDGE_CURVE('',#3397,#3398,#2455,.T.);
#4666=EDGE_CURVE('',#3398,#3399,#2456,.T.);
#4667=EDGE_CURVE('',#3399,#3400,#2457,.T.);
#4668=EDGE_CURVE('',#3400,#3401,#2458,.T.);
#4669=EDGE_CURVE('',#3401,#3402,#2459,.T.);
#4670=EDGE_CURVE('',#3402,#3403,#2460,.T.);
#4671=EDGE_CURVE('',#3404,#3403,#411,.T.);
#4672=EDGE_CURVE('',#3405,#3404,#412,.T.);
#4673=EDGE_CURVE('',#3406,#3405,#2461,.T.);
#4674=EDGE_CURVE('',#3407,#3406,#413,.T.);
#4675=EDGE_CURVE('',#3408,#3407,#2462,.T.);
#4676=EDGE_CURVE('',#3409,#3408,#2463,.T.);
#4677=EDGE_CURVE('',#3410,#3409,#2464,.T.);
#4678=EDGE_CURVE('',#3411,#3410,#2465,.T.);
#4679=EDGE_CURVE('',#3412,#3411,#2466,.T.);
#4680=EDGE_CURVE('',#3413,#3412,#2467,.T.);
#4681=EDGE_CURVE('',#3414,#3413,#2468,.T.);
#4682=EDGE_CURVE('',#3415,#3414,#2469,.T.);
#4683=EDGE_CURVE('',#3416,#3415,#2470,.T.);
#4684=EDGE_CURVE('',#3417,#3416,#2471,.T.);
#4685=EDGE_CURVE('',#3418,#3417,#2472,.T.);
#4686=EDGE_CURVE('',#3419,#3418,#2473,.T.);
#4687=EDGE_CURVE('',#3420,#3419,#2474,.T.);
#4688=EDGE_CURVE('',#3421,#3420,#2475,.T.);
#4689=EDGE_CURVE('',#3422,#3421,#2476,.T.);
#4690=EDGE_CURVE('',#3423,#3422,#2477,.T.);
#4691=EDGE_CURVE('',#3424,#3423,#2478,.T.);
#4692=EDGE_CURVE('',#3425,#3424,#2479,.T.);
#4693=EDGE_CURVE('',#3426,#3425,#2480,.T.);
#4694=EDGE_CURVE('',#3427,#3426,#2481,.T.);
#4695=EDGE_CURVE('',#3428,#3427,#2482,.T.);
#4696=EDGE_CURVE('',#3312,#3428,#2483,.T.);
#4697=EDGE_CURVE('',#3429,#2962,#414,.T.);
#4698=EDGE_CURVE('',#3430,#3429,#2484,.T.);
#4699=EDGE_CURVE('',#3431,#3430,#415,.T.);
#4700=EDGE_CURVE('',#3432,#3431,#2485,.T.);
#4701=EDGE_CURVE('',#3433,#3432,#416,.T.);
#4702=EDGE_CURVE('',#3433,#3434,#2486,.T.);
#4703=EDGE_CURVE('',#2952,#3434,#417,.T.);
#4704=EDGE_CURVE('',#2955,#2953,#418,.T.);
#4705=EDGE_CURVE('',#3435,#2954,#419,.T.);
#4706=EDGE_CURVE('',#3436,#3435,#2487,.T.);
#4707=EDGE_CURVE('',#2957,#3436,#420,.T.);
#4708=EDGE_CURVE('',#3437,#2956,#421,.T.);
#4709=EDGE_CURVE('',#3438,#3437,#2488,.T.);
#4710=EDGE_CURVE('',#3439,#3438,#422,.T.);
#4711=EDGE_CURVE('',#3439,#3440,#2489,.T.);
#4712=EDGE_CURVE('',#3441,#3440,#423,.T.);
#4713=EDGE_CURVE('',#2959,#3441,#424,.T.);
#4714=EDGE_CURVE('',#3442,#2958,#425,.T.);
#4715=EDGE_CURVE('',#2960,#3442,#426,.T.);
#4716=EDGE_CURVE('',#3443,#2961,#427,.T.);
#4717=EDGE_CURVE('',#3444,#3443,#2490,.T.);
#4718=EDGE_CURVE('',#2963,#3444,#428,.T.);
#4719=EDGE_CURVE('',#3445,#3446,#2491,.T.);
#4720=EDGE_CURVE('',#3447,#3445,#2492,.T.);
#4721=EDGE_CURVE('',#3448,#3447,#2493,.T.);
#4722=EDGE_CURVE('',#3449,#3448,#2494,.T.);
#4723=EDGE_CURVE('',#3450,#3449,#2495,.T.);
#4724=EDGE_CURVE('',#3451,#3450,#2496,.T.);
#4725=EDGE_CURVE('',#3452,#3451,#2497,.T.);
#4726=EDGE_CURVE('',#3453,#3452,#2498,.T.);
#4727=EDGE_CURVE('',#3454,#3453,#2499,.T.);
#4728=EDGE_CURVE('',#3455,#3454,#2500,.T.);
#4729=EDGE_CURVE('',#3456,#3455,#2501,.T.);
#4730=EDGE_CURVE('',#3457,#3456,#2502,.T.);
#4731=EDGE_CURVE('',#3458,#3457,#2503,.T.);
#4732=EDGE_CURVE('',#3459,#3458,#2504,.T.);
#4733=EDGE_CURVE('',#3460,#3459,#429,.T.);
#4734=EDGE_CURVE('',#3460,#3461,#2505,.T.);
#4735=EDGE_CURVE('',#3461,#3462,#2506,.T.);
#4736=EDGE_CURVE('',#3462,#3463,#2507,.T.);
#4737=EDGE_CURVE('',#3463,#3464,#2508,.T.);
#4738=EDGE_CURVE('',#3464,#3465,#2509,.T.);
#4739=EDGE_CURVE('',#3465,#3466,#2510,.T.);
#4740=EDGE_CURVE('',#3466,#3467,#2511,.T.);
#4741=EDGE_CURVE('',#3467,#3468,#2512,.T.);
#4742=EDGE_CURVE('',#3468,#3469,#2513,.T.);
#4743=EDGE_CURVE('',#3469,#3470,#2514,.T.);
#4744=EDGE_CURVE('',#3470,#3471,#2515,.T.);
#4745=EDGE_CURVE('',#3471,#3472,#2516,.T.);
#4746=EDGE_CURVE('',#3472,#3473,#2517,.T.);
#4747=EDGE_CURVE('',#3473,#3474,#2518,.T.);
#4748=EDGE_CURVE('',#3474,#3475,#2519,.T.);
#4749=EDGE_CURVE('',#3475,#3476,#2520,.T.);
#4750=EDGE_CURVE('',#3476,#3477,#37,.T.);
#4751=EDGE_CURVE('',#3477,#3478,#2521,.T.);
#4752=EDGE_CURVE('',#3478,#3479,#2522,.T.);
#4753=EDGE_CURVE('',#3479,#3480,#2523,.T.);
#4754=EDGE_CURVE('',#3480,#3481,#2524,.T.);
#4755=EDGE_CURVE('',#3481,#3482,#2525,.T.);
#4756=EDGE_CURVE('',#3482,#3483,#2526,.T.);
#4757=EDGE_CURVE('',#3483,#3484,#2527,.T.);
#4758=EDGE_CURVE('',#3484,#3485,#2528,.T.);
#4759=EDGE_CURVE('',#3485,#3486,#2529,.T.);
#4760=EDGE_CURVE('',#3486,#3487,#2530,.T.);
#4761=EDGE_CURVE('',#3487,#3488,#2531,.T.);
#4762=EDGE_CURVE('',#3488,#3489,#2532,.T.);
#4763=EDGE_CURVE('',#3489,#3490,#2533,.T.);
#4764=EDGE_CURVE('',#3491,#3490,#430,.T.);
#4765=EDGE_CURVE('',#3492,#3491,#2534,.T.);
#4766=EDGE_CURVE('',#3493,#3492,#2535,.T.);
#4767=EDGE_CURVE('',#3494,#3493,#2536,.T.);
#4768=EDGE_CURVE('',#3495,#3494,#2537,.T.);
#4769=EDGE_CURVE('',#3496,#3495,#2538,.T.);
#4770=EDGE_CURVE('',#3497,#3496,#2539,.T.);
#4771=EDGE_CURVE('',#3498,#3497,#2540,.T.);
#4772=EDGE_CURVE('',#3499,#3498,#2541,.T.);
#4773=EDGE_CURVE('',#3500,#3499,#2542,.T.);
#4774=EDGE_CURVE('',#3501,#3500,#2543,.T.);
#4775=EDGE_CURVE('',#3502,#3501,#2544,.T.);
#4776=EDGE_CURVE('',#3446,#3502,#2545,.T.);
#4777=EDGE_CURVE('',#3503,#3504,#2546,.T.);
#4778=EDGE_CURVE('',#3505,#3503,#2547,.T.);
#4779=EDGE_CURVE('',#3506,#3505,#2548,.T.);
#4780=EDGE_CURVE('',#3507,#3506,#2549,.T.);
#4781=EDGE_CURVE('',#3508,#3507,#2550,.T.);
#4782=EDGE_CURVE('',#3509,#3508,#2551,.T.);
#4783=EDGE_CURVE('',#3510,#3509,#2552,.T.);
#4784=EDGE_CURVE('',#3511,#3510,#2553,.T.);
#4785=EDGE_CURVE('',#3512,#3511,#2554,.T.);
#4786=EDGE_CURVE('',#3513,#3512,#2555,.T.);
#4787=EDGE_CURVE('',#3514,#3513,#2556,.T.);
#4788=EDGE_CURVE('',#3515,#3514,#2557,.T.);
#4789=EDGE_CURVE('',#3516,#3515,#2558,.T.);
#4790=EDGE_CURVE('',#3517,#3516,#2559,.T.);
#4791=EDGE_CURVE('',#3518,#3517,#2560,.T.);
#4792=EDGE_CURVE('',#3519,#3518,#2561,.T.);
#4793=EDGE_CURVE('',#3520,#3519,#2562,.T.);
#4794=EDGE_CURVE('',#3521,#3520,#2563,.T.);
#4795=EDGE_CURVE('',#3522,#3521,#2564,.T.);
#4796=EDGE_CURVE('',#3523,#3522,#2565,.T.);
#4797=EDGE_CURVE('',#3524,#3523,#2566,.T.);
#4798=EDGE_CURVE('',#3525,#3524,#2567,.T.);
#4799=EDGE_CURVE('',#3526,#3525,#2568,.T.);
#4800=EDGE_CURVE('',#3527,#3526,#2569,.T.);
#4801=EDGE_CURVE('',#3528,#3527,#2570,.T.);
#4802=EDGE_CURVE('',#3529,#3528,#2571,.T.);
#4803=EDGE_CURVE('',#3530,#3529,#2572,.T.);
#4804=EDGE_CURVE('',#3531,#3530,#2573,.T.);
#4805=EDGE_CURVE('',#3532,#3531,#2574,.T.);
#4806=EDGE_CURVE('',#3533,#3532,#2575,.T.);
#4807=EDGE_CURVE('',#3534,#3533,#2576,.T.);
#4808=EDGE_CURVE('',#3535,#3534,#2577,.T.);
#4809=EDGE_CURVE('',#3536,#3535,#2578,.T.);
#4810=EDGE_CURVE('',#3537,#3536,#2579,.T.);
#4811=EDGE_CURVE('',#3538,#3537,#2580,.T.);
#4812=EDGE_CURVE('',#3539,#3538,#2581,.T.);
#4813=EDGE_CURVE('',#3540,#3539,#2582,.T.);
#4814=EDGE_CURVE('',#3541,#3540,#2583,.T.);
#4815=EDGE_CURVE('',#3542,#3541,#2584,.T.);
#4816=EDGE_CURVE('',#3543,#3542,#2585,.T.);
#4817=EDGE_CURVE('',#3544,#3543,#2586,.T.);
#4818=EDGE_CURVE('',#3545,#3544,#2587,.T.);
#4819=EDGE_CURVE('',#3546,#3545,#2588,.T.);
#4820=EDGE_CURVE('',#3547,#3546,#2589,.T.);
#4821=EDGE_CURVE('',#3548,#3547,#2590,.T.);
#4822=EDGE_CURVE('',#3549,#3548,#2591,.T.);
#4823=EDGE_CURVE('',#3550,#3549,#2592,.T.);
#4824=EDGE_CURVE('',#3551,#3550,#2593,.T.);
#4825=EDGE_CURVE('',#3552,#3551,#2594,.T.);
#4826=EDGE_CURVE('',#3553,#3552,#2595,.T.);
#4827=EDGE_CURVE('',#3554,#3553,#2596,.T.);
#4828=EDGE_CURVE('',#3555,#3554,#2597,.T.);
#4829=EDGE_CURVE('',#3556,#3555,#2598,.T.);
#4830=EDGE_CURVE('',#3557,#3556,#2599,.T.);
#4831=EDGE_CURVE('',#3558,#3557,#2600,.T.);
#4832=EDGE_CURVE('',#3559,#3558,#2601,.T.);
#4833=EDGE_CURVE('',#3560,#3559,#2602,.T.);
#4834=EDGE_CURVE('',#3561,#3560,#2603,.T.);
#4835=EDGE_CURVE('',#3562,#3561,#2604,.T.);
#4836=EDGE_CURVE('',#3563,#3562,#2605,.T.);
#4837=EDGE_CURVE('',#3504,#3563,#2606,.T.);
#4838=EDGE_CURVE('',#3564,#2966,#2607,.T.);
#4839=EDGE_CURVE('',#3565,#3564,#2608,.T.);
#4840=EDGE_CURVE('',#3566,#3565,#2609,.T.);
#4841=EDGE_CURVE('',#3567,#3566,#2610,.T.);
#4842=EDGE_CURVE('',#3568,#3567,#2611,.T.);
#4843=EDGE_CURVE('',#3569,#3568,#2612,.T.);
#4844=EDGE_CURVE('',#3570,#3569,#2613,.T.);
#4845=EDGE_CURVE('',#3571,#3570,#2614,.T.);
#4846=EDGE_CURVE('',#3572,#3571,#2615,.T.);
#4847=EDGE_CURVE('',#3573,#3572,#2616,.T.);
#4848=EDGE_CURVE('',#3574,#3573,#2617,.T.);
#4849=EDGE_CURVE('',#3575,#3574,#2618,.T.);
#4850=EDGE_CURVE('',#3576,#3575,#2619,.T.);
#4851=EDGE_CURVE('',#3577,#3576,#2620,.T.);
#4852=EDGE_CURVE('',#3578,#3577,#2621,.T.);
#4853=EDGE_CURVE('',#3579,#3578,#2622,.T.);
#4854=EDGE_CURVE('',#3580,#3579,#2623,.T.);
#4855=EDGE_CURVE('',#3581,#3580,#2624,.T.);
#4856=EDGE_CURVE('',#3582,#3581,#2625,.T.);
#4857=EDGE_CURVE('',#3583,#3582,#2626,.T.);
#4858=EDGE_CURVE('',#3584,#3583,#2627,.T.);
#4859=EDGE_CURVE('',#3585,#3584,#2628,.T.);
#4860=EDGE_CURVE('',#3586,#3585,#2629,.T.);
#4861=EDGE_CURVE('',#3587,#3586,#2630,.T.);
#4862=EDGE_CURVE('',#3588,#3587,#2631,.T.);
#4863=EDGE_CURVE('',#3589,#3588,#2632,.T.);
#4864=EDGE_CURVE('',#3590,#3589,#2633,.T.);
#4865=EDGE_CURVE('',#3591,#3590,#2634,.T.);
#4866=EDGE_CURVE('',#3592,#3591,#2635,.T.);
#4867=EDGE_CURVE('',#3593,#3592,#2636,.T.);
#4868=EDGE_CURVE('',#3594,#3593,#2637,.T.);
#4869=EDGE_CURVE('',#3595,#3594,#2638,.T.);
#4870=EDGE_CURVE('',#3596,#3595,#2639,.T.);
#4871=EDGE_CURVE('',#3597,#3596,#2640,.T.);
#4872=EDGE_CURVE('',#3598,#3597,#2641,.T.);
#4873=EDGE_CURVE('',#3599,#3598,#2642,.T.);
#4874=EDGE_CURVE('',#3600,#3599,#2643,.T.);
#4875=EDGE_CURVE('',#3601,#3600,#2644,.T.);
#4876=EDGE_CURVE('',#3602,#3601,#2645,.T.);
#4877=EDGE_CURVE('',#3603,#3602,#2646,.T.);
#4878=EDGE_CURVE('',#3604,#3603,#2647,.T.);
#4879=EDGE_CURVE('',#3605,#3604,#2648,.T.);
#4880=EDGE_CURVE('',#3606,#3605,#2649,.T.);
#4881=EDGE_CURVE('',#2965,#3606,#2650,.T.);
#4882=EDGE_CURVE('',#3607,#3608,#2651,.T.);
#4883=EDGE_CURVE('',#3609,#3607,#2652,.T.);
#4884=EDGE_CURVE('',#3610,#3609,#2653,.T.);
#4885=EDGE_CURVE('',#3611,#3610,#2654,.T.);
#4886=EDGE_CURVE('',#3612,#3611,#2655,.T.);
#4887=EDGE_CURVE('',#3613,#3612,#2656,.T.);
#4888=EDGE_CURVE('',#3614,#3613,#2657,.T.);
#4889=EDGE_CURVE('',#3615,#3614,#2658,.T.);
#4890=EDGE_CURVE('',#3616,#3615,#2659,.T.);
#4891=EDGE_CURVE('',#3617,#3616,#2660,.T.);
#4892=EDGE_CURVE('',#3618,#3617,#2661,.T.);
#4893=EDGE_CURVE('',#3619,#3618,#2662,.T.);
#4894=EDGE_CURVE('',#3620,#3619,#2663,.T.);
#4895=EDGE_CURVE('',#3621,#3620,#2664,.T.);
#4896=EDGE_CURVE('',#3622,#3621,#2665,.T.);
#4897=EDGE_CURVE('',#3623,#3622,#2666,.T.);
#4898=EDGE_CURVE('',#3624,#3623,#2667,.T.);
#4899=EDGE_CURVE('',#3625,#3624,#2668,.T.);
#4900=EDGE_CURVE('',#3626,#3625,#2669,.T.);
#4901=EDGE_CURVE('',#3627,#3626,#2670,.T.);
#4902=EDGE_CURVE('',#3628,#3627,#2671,.T.);
#4903=EDGE_CURVE('',#3629,#3628,#2672,.T.);
#4904=EDGE_CURVE('',#3630,#3629,#2673,.T.);
#4905=EDGE_CURVE('',#3631,#3630,#2674,.T.);
#4906=EDGE_CURVE('',#3632,#3631,#2675,.T.);
#4907=EDGE_CURVE('',#3633,#3632,#2676,.T.);
#4908=EDGE_CURVE('',#3634,#3633,#2677,.T.);
#4909=EDGE_CURVE('',#3635,#3634,#2678,.T.);
#4910=EDGE_CURVE('',#3636,#3635,#2679,.T.);
#4911=EDGE_CURVE('',#3637,#3636,#2680,.T.);
#4912=EDGE_CURVE('',#3638,#3637,#2681,.T.);
#4913=EDGE_CURVE('',#3639,#3638,#2682,.T.);
#4914=EDGE_CURVE('',#3640,#3639,#2683,.T.);
#4915=EDGE_CURVE('',#3641,#3640,#2684,.T.);
#4916=EDGE_CURVE('',#3642,#3641,#2685,.T.);
#4917=EDGE_CURVE('',#3608,#3642,#2686,.T.);
#4918=EDGE_CURVE('',#3643,#3644,#431,.T.);
#4919=EDGE_CURVE('',#3645,#3643,#432,.T.);
#4920=EDGE_CURVE('',#3646,#3645,#2687,.T.);
#4921=EDGE_CURVE('',#3647,#3646,#2688,.T.);
#4922=EDGE_CURVE('',#3648,#3647,#2689,.T.);
#4923=EDGE_CURVE('',#3649,#3648,#2690,.T.);
#4924=EDGE_CURVE('',#3650,#3649,#2691,.T.);
#4925=EDGE_CURVE('',#3651,#3650,#2692,.T.);
#4926=EDGE_CURVE('',#3652,#3651,#2693,.T.);
#4927=EDGE_CURVE('',#3653,#3652,#2694,.T.);
#4928=EDGE_CURVE('',#3654,#3653,#2695,.T.);
#4929=EDGE_CURVE('',#3655,#3654,#2696,.T.);
#4930=EDGE_CURVE('',#3656,#3655,#2697,.T.);
#4931=EDGE_CURVE('',#3657,#3656,#2698,.T.);
#4932=EDGE_CURVE('',#3658,#3657,#2699,.T.);
#4933=EDGE_CURVE('',#3659,#3658,#2700,.T.);
#4934=EDGE_CURVE('',#3660,#3659,#2701,.T.);
#4935=EDGE_CURVE('',#3661,#3660,#2702,.T.);
#4936=EDGE_CURVE('',#3662,#3661,#2703,.T.);
#4937=EDGE_CURVE('',#3663,#3662,#2704,.T.);
#4938=EDGE_CURVE('',#3664,#3663,#2705,.T.);
#4939=EDGE_CURVE('',#3665,#3664,#2706,.T.);
#4940=EDGE_CURVE('',#3666,#3665,#2707,.T.);
#4941=EDGE_CURVE('',#3667,#3666,#2708,.T.);
#4942=EDGE_CURVE('',#3668,#3667,#2709,.T.);
#4943=EDGE_CURVE('',#3669,#3668,#2710,.T.);
#4944=EDGE_CURVE('',#3670,#3669,#2711,.T.);
#4945=EDGE_CURVE('',#3671,#3670,#2712,.T.);
#4946=EDGE_CURVE('',#3672,#3671,#2713,.T.);
#4947=EDGE_CURVE('',#3673,#3672,#2714,.T.);
#4948=EDGE_CURVE('',#3674,#3673,#2715,.T.);
#4949=EDGE_CURVE('',#3675,#3674,#2716,.T.);
#4950=EDGE_CURVE('',#3676,#3675,#2717,.T.);
#4951=EDGE_CURVE('',#3677,#3676,#2718,.T.);
#4952=EDGE_CURVE('',#3678,#3677,#2719,.T.);
#4953=EDGE_CURVE('',#3679,#3678,#2720,.T.);
#4954=EDGE_CURVE('',#3644,#3679,#433,.T.);
#4955=EDGE_CURVE('',#2967,#2969,#434,.T.);
#4956=EDGE_CURVE('',#2970,#2968,#435,.T.);
#4957=EDGE_CURVE('',#2971,#2975,#436,.T.);
#4958=EDGE_CURVE('',#2974,#2972,#437,.T.);
#4959=EDGE_CURVE('',#2976,#2973,#438,.T.);
#4960=EDGE_CURVE('',#3680,#3681,#439,.T.);
#4961=EDGE_CURVE('',#3682,#3680,#440,.T.);
#4962=EDGE_CURVE('',#3682,#3683,#441,.T.);
#4963=EDGE_CURVE('',#3683,#3681,#442,.T.);
#4964=EDGE_CURVE('',#3684,#3685,#443,.T.);
#4965=EDGE_CURVE('',#3686,#3684,#444,.T.);
#4966=EDGE_CURVE('',#3686,#3687,#445,.T.);
#4967=EDGE_CURVE('',#3687,#3685,#446,.T.);
#4968=EDGE_CURVE('',#2991,#2988,#447,.T.);
#4969=EDGE_CURVE('',#3070,#3688,#448,.T.);
#4970=EDGE_CURVE('',#3688,#3033,#449,.T.);
#4971=EDGE_CURVE('',#3038,#3034,#450,.T.);
#4972=EDGE_CURVE('',#3028,#3037,#451,.T.);
#4973=EDGE_CURVE('',#3032,#3027,#452,.T.);
#4974=EDGE_CURVE('',#3031,#3689,#453,.T.);
#4975=EDGE_CURVE('',#3059,#3689,#454,.T.);
#4976=EDGE_CURVE('',#2981,#2977,#455,.T.);
#4977=EDGE_CURVE('',#2978,#2992,#456,.T.);
#4978=EDGE_CURVE('',#3064,#3690,#457,.T.);
#4979=EDGE_CURVE('',#3690,#3012,#458,.T.);
#4980=EDGE_CURVE('',#3016,#3011,#459,.T.);
#4981=EDGE_CURVE('',#3018,#3015,#460,.T.);
#4982=EDGE_CURVE('',#3021,#3017,#461,.T.);
#4983=EDGE_CURVE('',#3022,#3691,#462,.T.);
#4984=EDGE_CURVE('',#3065,#3691,#463,.T.);
#4985=EDGE_CURVE('',#3007,#3004,#464,.T.);
#4986=EDGE_CURVE('',#3003,#2997,#465,.T.);
#4987=EDGE_CURVE('',#2998,#2994,#466,.T.);
#4988=EDGE_CURVE('',#3692,#3693,#467,.T.);
#4989=EDGE_CURVE('',#3694,#3692,#468,.T.);
#4990=EDGE_CURVE('',#3695,#3694,#469,.T.);
#4991=EDGE_CURVE('',#3696,#3695,#470,.T.);
#4992=EDGE_CURVE('',#3697,#3696,#471,.T.);
#4993=EDGE_CURVE('',#3698,#3697,#472,.T.);
#4994=EDGE_CURVE('',#3699,#3698,#473,.T.);
#4995=EDGE_CURVE('',#3693,#3699,#474,.T.);
#4996=EDGE_CURVE('',#3700,#3701,#475,.T.);
#4997=EDGE_CURVE('',#3702,#3700,#476,.T.);
#4998=EDGE_CURVE('',#3703,#3702,#477,.T.);
#4999=EDGE_CURVE('',#3704,#3703,#478,.T.);
#5000=EDGE_CURVE('',#3705,#3704,#479,.T.);
#5001=EDGE_CURVE('',#3706,#3705,#480,.T.);
#5002=EDGE_CURVE('',#3707,#3706,#481,.T.);
#5003=EDGE_CURVE('',#3701,#3707,#482,.T.);
#5004=EDGE_CURVE('',#3708,#3709,#483,.T.);
#5005=EDGE_CURVE('',#3710,#3708,#484,.T.);
#5006=EDGE_CURVE('',#3711,#3710,#485,.T.);
#5007=EDGE_CURVE('',#3712,#3711,#486,.T.);
#5008=EDGE_CURVE('',#3713,#3712,#487,.T.);
#5009=EDGE_CURVE('',#3714,#3713,#488,.T.);
#5010=EDGE_CURVE('',#3715,#3714,#489,.T.);
#5011=EDGE_CURVE('',#3709,#3715,#490,.T.);
#5012=EDGE_CURVE('',#3716,#3717,#491,.T.);
#5013=EDGE_CURVE('',#3718,#3716,#492,.T.);
#5014=EDGE_CURVE('',#3719,#3718,#493,.T.);
#5015=EDGE_CURVE('',#3720,#3719,#494,.T.);
#5016=EDGE_CURVE('',#3721,#3720,#495,.T.);
#5017=EDGE_CURVE('',#3722,#3721,#496,.T.);
#5018=EDGE_CURVE('',#3723,#3722,#497,.T.);
#5019=EDGE_CURVE('',#3717,#3723,#498,.T.);
#5020=EDGE_CURVE('',#3724,#3725,#499,.T.);
#5021=EDGE_CURVE('',#3683,#3724,#500,.T.);
#5022=EDGE_CURVE('',#3725,#3682,#501,.T.);
#5023=EDGE_CURVE('',#3705,#3726,#502,.T.);
#5024=EDGE_CURVE('',#3727,#3726,#503,.T.);
#5025=EDGE_CURVE('',#3706,#3727,#504,.T.);
#5026=EDGE_CURVE('',#3728,#3680,#505,.T.);
#5027=EDGE_CURVE('',#3728,#3729,#506,.T.);
#5028=EDGE_CURVE('',#3730,#3729,#507,.T.);
#5029=EDGE_CURVE('',#3730,#3731,#508,.T.);
#5030=EDGE_CURVE('',#3732,#3731,#509,.T.);
#5031=EDGE_CURVE('',#3732,#3725,#510,.T.);
#5032=EDGE_CURVE('',#3681,#3733,#511,.T.);
#5033=EDGE_CURVE('',#3724,#3734,#512,.T.);
#5034=EDGE_CURVE('',#3735,#3734,#513,.T.);
#5035=EDGE_CURVE('',#3736,#3735,#514,.T.);
#5036=EDGE_CURVE('',#3737,#3736,#515,.T.);
#5037=EDGE_CURVE('',#3737,#3733,#516,.T.);
#5038=EDGE_CURVE('',#3738,#3739,#517,.T.);
#5039=EDGE_CURVE('',#3738,#3704,#518,.T.);
#5040=EDGE_CURVE('',#3703,#3739,#519,.T.);
#5041=EDGE_CURVE('',#3740,#3741,#520,.T.);
#5042=EDGE_CURVE('',#3740,#3742,#521,.T.);
#5043=EDGE_CURVE('',#3743,#3742,#522,.T.);
#5044=EDGE_CURVE('',#3744,#3743,#523,.T.);
#5045=EDGE_CURVE('',#3744,#3745,#524,.T.);
#5046=EDGE_CURVE('',#3745,#3746,#525,.T.);
#5047=EDGE_CURVE('',#3747,#3746,#526,.T.);
#5048=EDGE_CURVE('',#3698,#3747,#527,.T.);
#5049=EDGE_CURVE('',#3748,#3697,#528,.T.);
#5050=EDGE_CURVE('',#3749,#3748,#529,.T.);
#5051=EDGE_CURVE('',#3750,#3749,#2721,.T.);
#5052=EDGE_CURVE('',#3751,#3750,#530,.T.);
#5053=EDGE_CURVE('',#3752,#3751,#531,.T.);
#5054=EDGE_CURVE('',#3741,#3752,#532,.T.);
#5055=EDGE_CURVE('',#3753,#3754,#533,.T.);
#5056=EDGE_CURVE('',#3753,#3755,#534,.T.);
#5057=EDGE_CURVE('',#3755,#3756,#535,.T.);
#5058=EDGE_CURVE('',#3756,#3757,#536,.T.);
#5059=EDGE_CURVE('',#3757,#3758,#537,.T.);
#5060=EDGE_CURVE('',#3758,#3759,#2722,.T.);
#5061=EDGE_CURVE('',#3759,#3760,#538,.T.);
#5062=EDGE_CURVE('',#3760,#3696,#539,.T.);
#5063=EDGE_CURVE('',#3695,#3761,#540,.T.);
#5064=EDGE_CURVE('',#3761,#3762,#541,.T.);
#5065=EDGE_CURVE('',#3763,#3762,#542,.T.);
#5066=EDGE_CURVE('',#3764,#3763,#543,.T.);
#5067=EDGE_CURVE('',#3764,#3765,#544,.T.);
#5068=EDGE_CURVE('',#3765,#3754,#545,.T.);
#5069=EDGE_CURVE('',#3753,#3740,#546,.T.);
#5070=EDGE_CURVE('',#3741,#3755,#547,.T.);
#5071=EDGE_CURVE('',#3766,#3767,#548,.T.);
#5072=EDGE_CURVE('',#3766,#3768,#549,.T.);
#5073=EDGE_CURVE('',#3769,#3768,#550,.T.);
#5074=EDGE_CURVE('',#3770,#3769,#551,.T.);
#5075=EDGE_CURVE('',#3770,#3771,#552,.T.);
#5076=EDGE_CURVE('',#3771,#3772,#553,.T.);
#5077=EDGE_CURVE('',#3773,#3772,#554,.T.);
#5078=EDGE_CURVE('',#3714,#3773,#555,.T.);
#5079=EDGE_CURVE('',#3774,#3713,#556,.T.);
#5080=EDGE_CURVE('',#3775,#3774,#557,.T.);
#5081=EDGE_CURVE('',#3776,#3775,#2723,.T.);
#5082=EDGE_CURVE('',#3777,#3776,#558,.T.);
#5083=EDGE_CURVE('',#3778,#3777,#559,.T.);
#5084=EDGE_CURVE('',#3767,#3778,#560,.T.);
#5085=EDGE_CURVE('',#3779,#3780,#561,.T.);
#5086=EDGE_CURVE('',#3779,#3781,#562,.T.);
#5087=EDGE_CURVE('',#3781,#3782,#563,.T.);
#5088=EDGE_CURVE('',#3782,#3783,#564,.T.);
#5089=EDGE_CURVE('',#3783,#3784,#565,.T.);
#5090=EDGE_CURVE('',#3784,#3785,#2724,.T.);
#5091=EDGE_CURVE('',#3785,#3786,#566,.T.);
#5092=EDGE_CURVE('',#3786,#3712,#567,.T.);
#5093=EDGE_CURVE('',#3711,#3787,#568,.T.);
#5094=EDGE_CURVE('',#3787,#3788,#569,.T.);
#5095=EDGE_CURVE('',#3789,#3788,#570,.T.);
#5096=EDGE_CURVE('',#3790,#3789,#571,.T.);
#5097=EDGE_CURVE('',#3790,#3791,#572,.T.);
#5098=EDGE_CURVE('',#3791,#3780,#573,.T.);
#5099=EDGE_CURVE('',#3779,#3766,#574,.T.);
#5100=EDGE_CURVE('',#3767,#3781,#575,.T.);
#5101=EDGE_CURVE('',#3758,#3776,#576,.T.);
#5102=EDGE_CURVE('',#3759,#3775,#577,.T.);
#5103=EDGE_CURVE('',#3760,#3774,#578,.T.);
#5104=EDGE_CURVE('',#3784,#3792,#579,.T.);
#5105=EDGE_CURVE('',#3792,#3793,#2725,.T.);
#5106=EDGE_CURVE('',#3785,#3793,#580,.T.);
#5107=EDGE_CURVE('',#3793,#3794,#581,.T.);
#5108=EDGE_CURVE('',#3786,#3794,#582,.T.);
#5109=EDGE_CURVE('',#3795,#3796,#2726,.T.);
#5110=EDGE_CURVE('',#3069,#3796,#583,.T.);
#5111=EDGE_CURVE('',#3068,#3795,#584,.T.);
#5112=EDGE_CURVE('',#3796,#3688,#585,.T.);
#5113=EDGE_CURVE('',#3797,#3798,#586,.T.);
#5114=EDGE_CURVE('',#3799,#3797,#587,.T.);
#5115=EDGE_CURVE('',#3800,#3799,#588,.T.);
#5116=EDGE_CURVE('',#3798,#3800,#589,.T.);
#5117=EDGE_CURVE('',#3801,#3802,#590,.T.);
#5118=EDGE_CURVE('',#3803,#3801,#591,.T.);
#5119=EDGE_CURVE('',#3804,#3803,#592,.T.);
#5120=EDGE_CURVE('',#3802,#3804,#593,.T.);
#5121=EDGE_CURVE('',#3751,#3757,#594,.T.);
#5122=EDGE_CURVE('',#3060,#3750,#595,.T.);
#5123=EDGE_CURVE('',#3689,#3792,#596,.T.);
#5124=EDGE_CURVE('',#3777,#3783,#597,.T.);
#5125=EDGE_CURVE('',#3061,#3749,#598,.T.);
#5126=EDGE_CURVE('',#3062,#3748,#599,.T.);
#5127=EDGE_CURVE('',#3794,#3805,#600,.T.);
#5128=EDGE_CURVE('',#3063,#3805,#601,.T.);
#5129=EDGE_CURVE('',#3805,#3690,#2727,.T.);
#5130=EDGE_CURVE('',#3691,#3806,#2728,.T.);
#5131=EDGE_CURVE('',#3066,#3806,#602,.T.);
#5132=EDGE_CURVE('',#3806,#3807,#603,.T.);
#5133=EDGE_CURVE('',#3067,#3807,#604,.T.);
#5134=EDGE_CURVE('',#3807,#3795,#605,.T.);
#5135=EDGE_CURVE('',#3030,#3035,#606,.T.);
#5136=EDGE_CURVE('',#3009,#3024,#607,.T.);
#5137=EDGE_CURVE('',#3808,#3809,#608,.T.);
#5138=EDGE_CURVE('',#3809,#3773,#609,.T.);
#5139=EDGE_CURVE('',#3772,#3810,#610,.T.);
#5140=EDGE_CURVE('',#3810,#3811,#611,.T.);
#5141=EDGE_CURVE('',#3811,#3769,#612,.T.);
#5142=EDGE_CURVE('',#3768,#3780,#613,.T.);
#5143=EDGE_CURVE('',#3791,#3812,#614,.T.);
#5144=EDGE_CURVE('',#3812,#3813,#615,.T.);
#5145=EDGE_CURVE('',#3813,#3788,#616,.T.);
#5146=EDGE_CURVE('',#3787,#3814,#617,.T.);
#5147=EDGE_CURVE('',#3814,#3815,#618,.T.);
#5148=EDGE_CURVE('',#3815,#3816,#619,.T.);
#5149=EDGE_CURVE('',#3816,#3817,#620,.T.);
#5150=EDGE_CURVE('',#3817,#3818,#621,.T.);
#5151=EDGE_CURVE('',#3818,#3819,#622,.T.);
#5152=EDGE_CURVE('',#3819,#3820,#623,.T.);
#5153=EDGE_CURVE('',#3820,#3821,#624,.T.);
#5154=EDGE_CURVE('',#3821,#3808,#625,.T.);
#5155=EDGE_CURVE('',#3778,#3782,#626,.T.);
#5156=EDGE_CURVE('',#3822,#3823,#627,.T.);
#5157=EDGE_CURVE('',#3823,#3747,#628,.T.);
#5158=EDGE_CURVE('',#3746,#3824,#629,.T.);
#5159=EDGE_CURVE('',#3824,#3825,#630,.T.);
#5160=EDGE_CURVE('',#3825,#3743,#631,.T.);
#5161=EDGE_CURVE('',#3742,#3754,#632,.T.);
#5162=EDGE_CURVE('',#3765,#3826,#633,.T.);
#5163=EDGE_CURVE('',#3826,#3827,#634,.T.);
#5164=EDGE_CURVE('',#3827,#3762,#635,.T.);
#5165=EDGE_CURVE('',#3761,#3828,#636,.T.);
#5166=EDGE_CURVE('',#3828,#3829,#637,.T.);
#5167=EDGE_CURVE('',#3829,#3727,#638,.T.);
#5168=EDGE_CURVE('',#3726,#3830,#639,.T.);
#5169=EDGE_CURVE('',#3830,#3732,#640,.T.);
#5170=EDGE_CURVE('',#3731,#3735,#641,.T.);
#5171=EDGE_CURVE('',#3734,#3831,#642,.T.);
#5172=EDGE_CURVE('',#3831,#3738,#643,.T.);
#5173=EDGE_CURVE('',#3739,#3822,#644,.T.);
#5174=EDGE_CURVE('',#3752,#3756,#645,.T.);
#5175=EDGE_CURVE('',#3832,#3810,#646,.T.);
#5176=EDGE_CURVE('',#3832,#3833,#647,.T.);
#5177=EDGE_CURVE('',#3833,#3811,#648,.T.);
#5178=EDGE_CURVE('',#3834,#3812,#649,.T.);
#5179=EDGE_CURVE('',#3834,#3835,#650,.T.);
#5180=EDGE_CURVE('',#3835,#3813,#651,.T.);
#5181=EDGE_CURVE('',#3833,#3770,#652,.T.);
#5182=EDGE_CURVE('',#3771,#3832,#653,.T.);
#5183=EDGE_CURVE('',#3835,#3789,#654,.T.);
#5184=EDGE_CURVE('',#3790,#3834,#655,.T.);
#5185=EDGE_CURVE('',#3723,#3815,#656,.T.);
#5186=EDGE_CURVE('',#3710,#3814,#657,.T.);
#5187=EDGE_CURVE('',#3836,#3708,#658,.T.);
#5188=EDGE_CURVE('',#3836,#3837,#659,.T.);
#5189=EDGE_CURVE('',#3837,#3717,#660,.T.);
#5190=EDGE_CURVE('',#3722,#3816,#661,.T.);
#5191=EDGE_CURVE('',#3721,#3817,#662,.T.);
#5192=EDGE_CURVE('',#3838,#3684,#663,.T.);
#5193=EDGE_CURVE('',#3838,#3839,#664,.T.);
#5194=EDGE_CURVE('',#3840,#3839,#665,.T.);
#5195=EDGE_CURVE('',#3840,#3818,#666,.T.);
#5196=EDGE_CURVE('',#3841,#3721,#667,.T.);
#5197=EDGE_CURVE('',#3841,#3686,#668,.T.);
#5198=EDGE_CURVE('',#3842,#3840,#669,.T.);
#5199=EDGE_CURVE('',#3842,#3819,#670,.T.);
#5200=EDGE_CURVE('',#3685,#3843,#671,.T.);
#5201=EDGE_CURVE('',#3687,#3844,#672,.T.);
#5202=EDGE_CURVE('',#3844,#3720,#673,.T.);
#5203=EDGE_CURVE('',#3720,#3820,#674,.T.);
#5204=EDGE_CURVE('',#3845,#3842,#675,.T.);
#5205=EDGE_CURVE('',#3845,#3843,#676,.T.);
#5206=EDGE_CURVE('',#3719,#3821,#677,.T.);
#5207=EDGE_CURVE('',#3718,#3808,#678,.T.);
#5208=EDGE_CURVE('',#3846,#3716,#679,.T.);
#5209=EDGE_CURVE('',#3846,#3847,#680,.T.);
#5210=EDGE_CURVE('',#3847,#3709,#681,.T.);
#5211=EDGE_CURVE('',#3715,#3809,#682,.T.);
#5212=EDGE_CURVE('',#3848,#3824,#683,.T.);
#5213=EDGE_CURVE('',#3848,#3849,#684,.T.);
#5214=EDGE_CURVE('',#3849,#3825,#685,.T.);
#5215=EDGE_CURVE('',#3850,#3826,#686,.T.);
#5216=EDGE_CURVE('',#3850,#3851,#687,.T.);
#5217=EDGE_CURVE('',#3851,#3827,#688,.T.);
#5218=EDGE_CURVE('',#3849,#3744,#689,.T.);
#5219=EDGE_CURVE('',#3745,#3848,#690,.T.);
#5220=EDGE_CURVE('',#3851,#3763,#691,.T.);
#5221=EDGE_CURVE('',#3764,#3850,#692,.T.);
#5222=EDGE_CURVE('',#3707,#3829,#693,.T.);
#5223=EDGE_CURVE('',#3694,#3828,#694,.T.);
#5224=EDGE_CURVE('',#3852,#3692,#695,.T.);
#5225=EDGE_CURVE('',#3852,#3853,#696,.T.);
#5226=EDGE_CURVE('',#3853,#3701,#697,.T.);
#5227=EDGE_CURVE('',#3736,#3730,#698,.T.);
#5228=EDGE_CURVE('',#3702,#3822,#699,.T.);
#5229=EDGE_CURVE('',#3854,#3700,#700,.T.);
#5230=EDGE_CURVE('',#3854,#3855,#701,.T.);
#5231=EDGE_CURVE('',#3855,#3693,#702,.T.);
#5232=EDGE_CURVE('',#3699,#3823,#703,.T.);
#5233=EDGE_CURVE('',#3844,#3841,#704,.T.);
#5234=EDGE_CURVE('',#3856,#3704,#705,.T.);
#5235=EDGE_CURVE('',#3856,#3857,#706,.T.);
#5236=EDGE_CURVE('',#3857,#3705,#707,.T.);
#5237=EDGE_CURVE('',#3857,#3858,#708,.T.);
#5238=EDGE_CURVE('',#3858,#3830,#709,.T.);
#5239=EDGE_CURVE('',#3858,#3859,#710,.T.);
#5240=EDGE_CURVE('',#3859,#3831,#711,.T.);
#5241=EDGE_CURVE('',#3859,#3856,#712,.T.);
#5242=EDGE_CURVE('',#3847,#3836,#713,.T.);
#5243=EDGE_CURVE('',#3837,#3846,#714,.T.);
#5244=EDGE_CURVE('',#3855,#3852,#715,.T.);
#5245=EDGE_CURVE('',#3853,#3854,#716,.T.);
#5246=EDGE_CURVE('',#3029,#3025,#717,.T.);
#5247=EDGE_CURVE('',#3026,#3040,#718,.T.);
#5248=EDGE_CURVE('',#3039,#3036,#719,.T.);
#5249=EDGE_CURVE('',#3023,#3020,#720,.T.);
#5250=EDGE_CURVE('',#3019,#3013,#721,.T.);
#5251=EDGE_CURVE('',#3014,#3010,#722,.T.);
#5252=EDGE_CURVE('',#3005,#3001,#723,.T.);
#5253=EDGE_CURVE('',#3002,#2999,#724,.T.);
#5254=EDGE_CURVE('',#3000,#2995,#725,.T.);
#5255=EDGE_CURVE('',#2980,#2989,#726,.T.);
#5256=EDGE_CURVE('',#2990,#2986,#727,.T.);
#5257=EDGE_CURVE('',#2984,#2979,#728,.T.);
#5258=EDGE_CURVE('',#3860,#3840,#729,.T.);
#5259=EDGE_CURVE('',#3861,#3860,#730,.T.);
#5260=EDGE_CURVE('',#3861,#3684,#731,.T.);
#5261=EDGE_CURVE('',#3684,#3801,#732,.T.);
#5262=EDGE_CURVE('',#3840,#3802,#733,.T.);
#5263=EDGE_CURVE('',#3838,#3861,#734,.T.);
#5264=EDGE_CURVE('',#3685,#3803,#735,.T.);
#5265=EDGE_CURVE('',#3860,#3839,#736,.T.);
#5266=EDGE_CURVE('',#3842,#3804,#737,.T.);
#5267=EDGE_CURVE('',#3862,#3685,#738,.T.);
#5268=EDGE_CURVE('',#3863,#3862,#739,.T.);
#5269=EDGE_CURVE('',#3863,#3842,#740,.T.);
#5270=EDGE_CURVE('',#3862,#3843,#741,.T.);
#5271=EDGE_CURVE('',#3845,#3863,#742,.T.);
#5272=EDGE_CURVE('',#3728,#3864,#743,.T.);
#5273=EDGE_CURVE('',#3864,#3865,#744,.T.);
#5274=EDGE_CURVE('',#3865,#3729,#745,.T.);
#5275=EDGE_CURVE('',#3864,#3680,#746,.T.);
#5276=EDGE_CURVE('',#3866,#3733,#747,.T.);
#5277=EDGE_CURVE('',#3866,#3681,#748,.T.);
#5278=EDGE_CURVE('',#3865,#3730,#749,.T.);
#5279=EDGE_CURVE('',#3680,#3797,#750,.T.);
#5280=EDGE_CURVE('',#3730,#3798,#751,.T.);
#5281=EDGE_CURVE('',#3867,#3736,#752,.T.);
#5282=EDGE_CURVE('',#3737,#3867,#753,.T.);
#5283=EDGE_CURVE('',#3867,#3866,#754,.T.);
#5284=EDGE_CURVE('',#3736,#3800,#755,.T.);
#5285=EDGE_CURVE('',#3681,#3799,#756,.T.);
#5286=EDGE_CURVE('',#3868,#3869,#757,.T.);
#5287=EDGE_CURVE('',#3870,#3868,#758,.T.);
#5288=EDGE_CURVE('',#3871,#3870,#2729,.T.);
#5289=EDGE_CURVE('',#3872,#3871,#2730,.T.);
#5290=EDGE_CURVE('',#3873,#3872,#2731,.T.);
#5291=EDGE_CURVE('',#3874,#3873,#2732,.T.);
#5292=EDGE_CURVE('',#3875,#3874,#2733,.T.);
#5293=EDGE_CURVE('',#3876,#3875,#2734,.T.);
#5294=EDGE_CURVE('',#3877,#3876,#2735,.T.);
#5295=EDGE_CURVE('',#3878,#3877,#2736,.T.);
#5296=EDGE_CURVE('',#3879,#3878,#2737,.T.);
#5297=EDGE_CURVE('',#3880,#3879,#2738,.T.);
#5298=EDGE_CURVE('',#3881,#3880,#2739,.T.);
#5299=EDGE_CURVE('',#3882,#3881,#2740,.T.);
#5300=EDGE_CURVE('',#3883,#3882,#2741,.T.);
#5301=EDGE_CURVE('',#3884,#3883,#2742,.T.);
#5302=EDGE_CURVE('',#3885,#3884,#2743,.T.);
#5303=EDGE_CURVE('',#3886,#3885,#2744,.T.);
#5304=EDGE_CURVE('',#3887,#3886,#2745,.T.);
#5305=EDGE_CURVE('',#3888,#3887,#2746,.T.);
#5306=EDGE_CURVE('',#3889,#3888,#38,.F.);
#5307=EDGE_CURVE('',#3890,#3889,#2747,.T.);
#5308=EDGE_CURVE('',#3869,#3890,#759,.T.);
#5309=EDGE_CURVE('',#3891,#3892,#760,.T.);
#5310=EDGE_CURVE('',#3893,#3891,#761,.T.);
#5311=EDGE_CURVE('',#3894,#3893,#2748,.T.);
#5312=EDGE_CURVE('',#3895,#3894,#2749,.T.);
#5313=EDGE_CURVE('',#3896,#3895,#2750,.T.);
#5314=EDGE_CURVE('',#3897,#3896,#2751,.T.);
#5315=EDGE_CURVE('',#3898,#3897,#2752,.T.);
#5316=EDGE_CURVE('',#3899,#3898,#2753,.T.);
#5317=EDGE_CURVE('',#3900,#3899,#2754,.T.);
#5318=EDGE_CURVE('',#3901,#3900,#2755,.T.);
#5319=EDGE_CURVE('',#3902,#3901,#2756,.T.);
#5320=EDGE_CURVE('',#3903,#3902,#2757,.T.);
#5321=EDGE_CURVE('',#3904,#3903,#2758,.T.);
#5322=EDGE_CURVE('',#3905,#3904,#2759,.T.);
#5323=EDGE_CURVE('',#3906,#3905,#2760,.T.);
#5324=EDGE_CURVE('',#3907,#3906,#2761,.T.);
#5325=EDGE_CURVE('',#3908,#3907,#2762,.T.);
#5326=EDGE_CURVE('',#3909,#3908,#2763,.T.);
#5327=EDGE_CURVE('',#3910,#3909,#2764,.T.);
#5328=EDGE_CURVE('',#3911,#3910,#2765,.T.);
#5329=EDGE_CURVE('',#3912,#3911,#2766,.T.);
#5330=EDGE_CURVE('',#3913,#3912,#2767,.T.);
#5331=EDGE_CURVE('',#3892,#3913,#762,.T.);
#5332=EDGE_CURVE('',#3914,#3915,#2768,.T.);
#5333=EDGE_CURVE('',#3916,#3914,#2769,.T.);
#5334=EDGE_CURVE('',#3917,#3916,#2770,.T.);
#5335=EDGE_CURVE('',#3918,#3917,#2771,.T.);
#5336=EDGE_CURVE('',#3919,#3918,#2772,.T.);
#5337=EDGE_CURVE('',#3920,#3919,#2773,.T.);
#5338=EDGE_CURVE('',#3921,#3920,#2774,.T.);
#5339=EDGE_CURVE('',#3922,#3921,#2775,.T.);
#5340=EDGE_CURVE('',#3923,#3922,#2776,.T.);
#5341=EDGE_CURVE('',#3924,#3923,#2777,.T.);
#5342=EDGE_CURVE('',#3925,#3924,#2778,.T.);
#5343=EDGE_CURVE('',#3926,#3925,#2779,.T.);
#5344=EDGE_CURVE('',#3927,#3926,#2780,.T.);
#5345=EDGE_CURVE('',#3928,#3927,#2781,.T.);
#5346=EDGE_CURVE('',#3929,#3928,#2782,.T.);
#5347=EDGE_CURVE('',#3930,#3929,#2783,.T.);
#5348=EDGE_CURVE('',#3931,#3930,#2784,.T.);
#5349=EDGE_CURVE('',#3932,#3931,#2785,.T.);
#5350=EDGE_CURVE('',#3933,#3932,#2786,.T.);
#5351=EDGE_CURVE('',#3934,#3933,#2787,.T.);
#5352=EDGE_CURVE('',#3935,#3934,#2788,.T.);
#5353=EDGE_CURVE('',#3936,#3935,#2789,.T.);
#5354=EDGE_CURVE('',#3937,#3936,#2790,.T.);
#5355=EDGE_CURVE('',#3938,#3937,#39,.F.);
#5356=EDGE_CURVE('',#3939,#3938,#2791,.T.);
#5357=EDGE_CURVE('',#3940,#3939,#2792,.T.);
#5358=EDGE_CURVE('',#3941,#3940,#2793,.T.);
#5359=EDGE_CURVE('',#3942,#3941,#2794,.T.);
#5360=EDGE_CURVE('',#3943,#3942,#2795,.T.);
#5361=EDGE_CURVE('',#3944,#3943,#2796,.T.);
#5362=EDGE_CURVE('',#3945,#3944,#2797,.T.);
#5363=EDGE_CURVE('',#3946,#3945,#2798,.T.);
#5364=EDGE_CURVE('',#3947,#3946,#2799,.T.);
#5365=EDGE_CURVE('',#3948,#3947,#2800,.T.);
#5366=EDGE_CURVE('',#3949,#3948,#2801,.T.);
#5367=EDGE_CURVE('',#3950,#3949,#2802,.T.);
#5368=EDGE_CURVE('',#3951,#3950,#2803,.T.);
#5369=EDGE_CURVE('',#3952,#3951,#2804,.T.);
#5370=EDGE_CURVE('',#3953,#3952,#2805,.T.);
#5371=EDGE_CURVE('',#3915,#3953,#2806,.T.);
#5372=EDGE_CURVE('',#3954,#3955,#2807,.T.);
#5373=EDGE_CURVE('',#3956,#3954,#2808,.T.);
#5374=EDGE_CURVE('',#3957,#3956,#2809,.T.);
#5375=EDGE_CURVE('',#3958,#3957,#2810,.T.);
#5376=EDGE_CURVE('',#3959,#3958,#2811,.T.);
#5377=EDGE_CURVE('',#3960,#3959,#2812,.T.);
#5378=EDGE_CURVE('',#3961,#3960,#2813,.T.);
#5379=EDGE_CURVE('',#3962,#3961,#2814,.T.);
#5380=EDGE_CURVE('',#3963,#3962,#2815,.T.);
#5381=EDGE_CURVE('',#3964,#3963,#2816,.T.);
#5382=EDGE_CURVE('',#3965,#3964,#2817,.T.);
#5383=EDGE_CURVE('',#3966,#3965,#2818,.T.);
#5384=EDGE_CURVE('',#3967,#3966,#2819,.T.);
#5385=EDGE_CURVE('',#3968,#3967,#2820,.T.);
#5386=EDGE_CURVE('',#3969,#3968,#2821,.T.);
#5387=EDGE_CURVE('',#3970,#3969,#2822,.T.);
#5388=EDGE_CURVE('',#3971,#3970,#2823,.T.);
#5389=EDGE_CURVE('',#3972,#3971,#2824,.T.);
#5390=EDGE_CURVE('',#3973,#3972,#2825,.T.);
#5391=EDGE_CURVE('',#3974,#3973,#2826,.T.);
#5392=EDGE_CURVE('',#3975,#3974,#2827,.T.);
#5393=EDGE_CURVE('',#3976,#3975,#2828,.T.);
#5394=EDGE_CURVE('',#3977,#3976,#2829,.T.);
#5395=EDGE_CURVE('',#3978,#3977,#2830,.T.);
#5396=EDGE_CURVE('',#3979,#3978,#2831,.T.);
#5397=EDGE_CURVE('',#3980,#3979,#2832,.T.);
#5398=EDGE_CURVE('',#3981,#3980,#2833,.T.);
#5399=EDGE_CURVE('',#3982,#3981,#2834,.T.);
#5400=EDGE_CURVE('',#3983,#3982,#2835,.T.);
#5401=EDGE_CURVE('',#3984,#3983,#2836,.T.);
#5402=EDGE_CURVE('',#3985,#3984,#2837,.T.);
#5403=EDGE_CURVE('',#3986,#3985,#2838,.T.);
#5404=EDGE_CURVE('',#3987,#3986,#2839,.T.);
#5405=EDGE_CURVE('',#3988,#3987,#2840,.T.);
#5406=EDGE_CURVE('',#3989,#3988,#2841,.T.);
#5407=EDGE_CURVE('',#3990,#3989,#2842,.T.);
#5408=EDGE_CURVE('',#3991,#3990,#2843,.T.);
#5409=EDGE_CURVE('',#3992,#3991,#2844,.T.);
#5410=EDGE_CURVE('',#3993,#3992,#2845,.T.);
#5411=EDGE_CURVE('',#3994,#3993,#2846,.T.);
#5412=EDGE_CURVE('',#3955,#3994,#2847,.T.);
#5413=EDGE_CURVE('',#3995,#3996,#2848,.T.);
#5414=EDGE_CURVE('',#3997,#3995,#2849,.T.);
#5415=EDGE_CURVE('',#3998,#3997,#2850,.T.);
#5416=EDGE_CURVE('',#3999,#3998,#2851,.T.);
#5417=EDGE_CURVE('',#4000,#3999,#2852,.T.);
#5418=EDGE_CURVE('',#4001,#4000,#2853,.T.);
#5419=EDGE_CURVE('',#4002,#4001,#2854,.T.);
#5420=EDGE_CURVE('',#4003,#4002,#2855,.T.);
#5421=EDGE_CURVE('',#4004,#4003,#2856,.T.);
#5422=EDGE_CURVE('',#4005,#4004,#2857,.T.);
#5423=EDGE_CURVE('',#4006,#4005,#2858,.T.);
#5424=EDGE_CURVE('',#4007,#4006,#2859,.T.);
#5425=EDGE_CURVE('',#4008,#4007,#2860,.T.);
#5426=EDGE_CURVE('',#4009,#4008,#2861,.T.);
#5427=EDGE_CURVE('',#4010,#4009,#2862,.T.);
#5428=EDGE_CURVE('',#4011,#4010,#2863,.T.);
#5429=EDGE_CURVE('',#4012,#4011,#2864,.T.);
#5430=EDGE_CURVE('',#4013,#4012,#2865,.T.);
#5431=EDGE_CURVE('',#4014,#4013,#2866,.T.);
#5432=EDGE_CURVE('',#4015,#4014,#2867,.T.);
#5433=EDGE_CURVE('',#4016,#4015,#2868,.T.);
#5434=EDGE_CURVE('',#4017,#4016,#2869,.T.);
#5435=EDGE_CURVE('',#4018,#4017,#2870,.T.);
#5436=EDGE_CURVE('',#4019,#4018,#2871,.T.);
#5437=EDGE_CURVE('',#4020,#4019,#2872,.T.);
#5438=EDGE_CURVE('',#4021,#4020,#2873,.T.);
#5439=EDGE_CURVE('',#4022,#4021,#40,.F.);
#5440=EDGE_CURVE('',#4023,#4022,#2874,.T.);
#5441=EDGE_CURVE('',#4024,#4023,#2875,.T.);
#5442=EDGE_CURVE('',#4025,#4024,#2876,.T.);
#5443=EDGE_CURVE('',#4026,#4025,#2877,.T.);
#5444=EDGE_CURVE('',#4027,#4026,#2878,.T.);
#5445=EDGE_CURVE('',#4028,#4027,#2879,.T.);
#5446=EDGE_CURVE('',#4029,#4028,#2880,.T.);
#5447=EDGE_CURVE('',#4030,#4029,#2881,.T.);
#5448=EDGE_CURVE('',#3996,#4030,#2882,.T.);
#5449=EDGE_CURVE('',#4031,#4032,#2883,.T.);
#5450=EDGE_CURVE('',#4033,#4031,#2884,.T.);
#5451=EDGE_CURVE('',#4034,#4033,#2885,.T.);
#5452=EDGE_CURVE('',#4035,#4034,#2886,.T.);
#5453=EDGE_CURVE('',#4036,#4035,#2887,.T.);
#5454=EDGE_CURVE('',#4037,#4036,#2888,.T.);
#5455=EDGE_CURVE('',#4038,#4037,#2889,.T.);
#5456=EDGE_CURVE('',#4039,#4038,#2890,.T.);
#5457=EDGE_CURVE('',#4040,#4039,#2891,.T.);
#5458=EDGE_CURVE('',#4041,#4040,#2892,.T.);
#5459=EDGE_CURVE('',#4042,#4041,#2893,.T.);
#5460=EDGE_CURVE('',#4043,#4042,#2894,.T.);
#5461=EDGE_CURVE('',#4044,#4043,#2895,.T.);
#5462=EDGE_CURVE('',#4045,#4044,#2896,.T.);
#5463=EDGE_CURVE('',#4046,#4045,#2897,.T.);
#5464=EDGE_CURVE('',#4047,#4046,#2898,.T.);
#5465=EDGE_CURVE('',#4048,#4047,#41,.F.);
#5466=EDGE_CURVE('',#4049,#4048,#2899,.T.);
#5467=EDGE_CURVE('',#4050,#4049,#2900,.T.);
#5468=EDGE_CURVE('',#4051,#4050,#2901,.T.);
#5469=EDGE_CURVE('',#4052,#4051,#2902,.T.);
#5470=EDGE_CURVE('',#4053,#4052,#2903,.T.);
#5471=EDGE_CURVE('',#4054,#4053,#2904,.T.);
#5472=EDGE_CURVE('',#4055,#4054,#2905,.T.);
#5473=EDGE_CURVE('',#4056,#4055,#2906,.T.);
#5474=EDGE_CURVE('',#4057,#4056,#2907,.T.);
#5475=EDGE_CURVE('',#4058,#4057,#2908,.T.);
#5476=EDGE_CURVE('',#4059,#4058,#2909,.T.);
#5477=EDGE_CURVE('',#4060,#4059,#2910,.T.);
#5478=EDGE_CURVE('',#4061,#4060,#2911,.T.);
#5479=EDGE_CURVE('',#4062,#4061,#2912,.T.);
#5480=EDGE_CURVE('',#4063,#4062,#2913,.T.);
#5481=EDGE_CURVE('',#4064,#4063,#2914,.T.);
#5482=EDGE_CURVE('',#4065,#4064,#2915,.T.);
#5483=EDGE_CURVE('',#4066,#4065,#2916,.T.);
#5484=EDGE_CURVE('',#4067,#4066,#2917,.T.);
#5485=EDGE_CURVE('',#4068,#4067,#2918,.T.);
#5486=EDGE_CURVE('',#4069,#4068,#2919,.T.);
#5487=EDGE_CURVE('',#4070,#4069,#2920,.T.);
#5488=EDGE_CURVE('',#4071,#4070,#2921,.T.);
#5489=EDGE_CURVE('',#4072,#4071,#2922,.T.);
#5490=EDGE_CURVE('',#4073,#4072,#2923,.T.);
#5491=EDGE_CURVE('',#4074,#4073,#2924,.T.);
#5492=EDGE_CURVE('',#4032,#4074,#2925,.T.);
#5493=EDGE_CURVE('',#4075,#2948,#763,.T.);
#5494=EDGE_CURVE('',#4076,#4075,#2926,.T.);
#5495=EDGE_CURVE('',#2951,#4076,#764,.T.);
#5496=EDGE_CURVE('',#4077,#2950,#765,.T.);
#5497=EDGE_CURVE('',#4078,#4077,#2927,.T.);
#5498=EDGE_CURVE('',#2949,#4078,#766,.T.);
#5499=EDGE_CURVE('',#4079,#4079,#2928,.T.);
#5500=EDGE_CURVE('',#4079,#4080,#767,.T.);
#5501=EDGE_CURVE('',#4080,#4080,#2929,.F.);
#5502=EDGE_CURVE('',#4081,#4082,#2930,.T.);
#5503=EDGE_CURVE('',#4081,#4083,#768,.F.);
#5504=EDGE_CURVE('',#4083,#4084,#2931,.T.);
#5505=EDGE_CURVE('',#4084,#4085,#769,.T.);
#5506=EDGE_CURVE('',#4086,#4085,#2932,.T.);
#5507=EDGE_CURVE('',#4086,#4087,#770,.F.);
#5508=EDGE_CURVE('',#4087,#4088,#2933,.T.);
#5509=EDGE_CURVE('',#4088,#4089,#771,.T.);
#5510=EDGE_CURVE('',#4082,#4089,#2934,.T.);
#5511=EDGE_CURVE('',#4082,#4090,#772,.T.);
#5512=EDGE_CURVE('',#4090,#4090,#2935,.T.);
#5513=EDGE_CURVE('',#4091,#4092,#773,.T.);
#5514=EDGE_CURVE('',#4093,#4091,#774,.T.);
#5515=EDGE_CURVE('',#4094,#4093,#775,.T.);
#5516=EDGE_CURVE('',#4095,#4094,#776,.T.);
#5517=EDGE_CURVE('',#4096,#4095,#2936,.T.);
#5518=EDGE_CURVE('',#4092,#4096,#777,.T.);
#5519=EDGE_CURVE('',#4097,#4083,#13,.T.);
#5520=EDGE_CURVE('',#4097,#4098,#2937,.T.);
#5521=EDGE_CURVE('',#4084,#4098,#14,.T.);
#5522=EDGE_CURVE('',#4099,#4100,#778,.T.);
#5523=EDGE_CURVE('',#4101,#4100,#779,.T.);
#5524=EDGE_CURVE('',#4102,#4101,#780,.T.);
#5525=EDGE_CURVE('',#4102,#4099,#781,.T.);
#5526=EDGE_CURVE('',#4100,#4103,#782,.T.);
#5527=EDGE_CURVE('',#4104,#4103,#783,.T.);
#5528=EDGE_CURVE('',#4101,#4104,#784,.T.);
#5529=EDGE_CURVE('',#4103,#4105,#785,.T.);
#5530=EDGE_CURVE('',#4106,#4105,#786,.T.);
#5531=EDGE_CURVE('',#4104,#4106,#787,.T.);
#5532=EDGE_CURVE('',#4107,#4108,#788,.T.);
#5533=EDGE_CURVE('',#4108,#4109,#789,.T.);
#5534=EDGE_CURVE('',#4110,#4109,#790,.T.);
#5535=EDGE_CURVE('',#4107,#4110,#791,.T.);
#5536=EDGE_CURVE('',#4111,#4112,#792,.T.);
#5537=EDGE_CURVE('',#4113,#4111,#793,.T.);
#5538=EDGE_CURVE('',#4113,#4114,#794,.T.);
#5539=EDGE_CURVE('',#4114,#4112,#795,.T.);
#5540=EDGE_CURVE('',#4115,#4111,#796,.T.);
#5541=EDGE_CURVE('',#4116,#4115,#797,.T.);
#5542=EDGE_CURVE('',#4116,#4113,#798,.T.);
#5543=EDGE_CURVE('',#4117,#4115,#799,.T.);
#5544=EDGE_CURVE('',#4118,#4117,#800,.T.);
#5545=EDGE_CURVE('',#4118,#4116,#801,.T.);
#5546=EDGE_CURVE('',#4112,#4117,#802,.T.);
#5547=EDGE_CURVE('',#4114,#4118,#803,.T.);
#5548=EDGE_CURVE('',#4105,#4099,#804,.T.);
#5549=EDGE_CURVE('',#4106,#4102,#805,.T.);
#5550=EDGE_CURVE('',#4119,#4097,#806,.T.);
#5551=EDGE_CURVE('',#4120,#4119,#807,.T.);
#5552=EDGE_CURVE('',#4121,#4120,#808,.T.);
#5553=EDGE_CURVE('',#4122,#4121,#809,.T.);
#5554=EDGE_CURVE('',#4098,#4122,#810,.T.);
#5555=EDGE_CURVE('',#4088,#4095,#15,.T.);
#5556=EDGE_CURVE('',#4096,#4087,#16,.T.);
#5557=EDGE_CURVE('',#4085,#4123,#811,.T.);
#5558=EDGE_CURVE('',#4123,#4124,#812,.T.);
#5559=EDGE_CURVE('',#4124,#4125,#813,.T.);
#5560=EDGE_CURVE('',#4125,#4126,#814,.T.);
#5561=EDGE_CURVE('',#4126,#4081,#815,.T.);
#5562=EDGE_CURVE('',#4089,#4127,#816,.T.);
#5563=EDGE_CURVE('',#4127,#4128,#817,.T.);
#5564=EDGE_CURVE('',#4128,#4129,#818,.T.);
#5565=EDGE_CURVE('',#4129,#4130,#819,.T.);
#5566=EDGE_CURVE('',#4130,#4086,#820,.T.);
#5567=EDGE_CURVE('',#4124,#4121,#821,.T.);
#5568=EDGE_CURVE('',#4123,#4122,#822,.T.);
#5569=EDGE_CURVE('',#4125,#4120,#823,.T.);
#5570=EDGE_CURVE('',#4126,#4119,#824,.T.);
#5571=EDGE_CURVE('',#4127,#4094,#825,.T.);
#5572=EDGE_CURVE('',#4128,#4093,#826,.T.);
#5573=EDGE_CURVE('',#4129,#4091,#827,.T.);
#5574=EDGE_CURVE('',#4130,#4092,#828,.T.);
#5575=EDGE_CURVE('',#4109,#4131,#829,.T.);
#5576=EDGE_CURVE('',#4132,#4131,#830,.T.);
#5577=EDGE_CURVE('',#4110,#4132,#831,.T.);
#5578=EDGE_CURVE('',#4131,#4133,#832,.T.);
#5579=EDGE_CURVE('',#4134,#4133,#833,.T.);
#5580=EDGE_CURVE('',#4132,#4134,#834,.T.);
#5581=EDGE_CURVE('',#4133,#4135,#835,.T.);
#5582=EDGE_CURVE('',#4136,#4135,#836,.T.);
#5583=EDGE_CURVE('',#4134,#4136,#837,.T.);
#5584=EDGE_CURVE('',#4135,#4137,#838,.T.);
#5585=EDGE_CURVE('',#4138,#4137,#839,.T.);
#5586=EDGE_CURVE('',#4136,#4138,#840,.T.);
#5587=EDGE_CURVE('',#4137,#4108,#841,.T.);
#5588=EDGE_CURVE('',#4138,#4107,#842,.T.);
#5589=EDGE_CURVE('',#4139,#4139,#2938,.T.);
#5590=EDGE_CURVE('',#4139,#4140,#843,.T.);
#5591=EDGE_CURVE('',#4140,#4140,#2939,.F.);
#5592=EDGE_CURVE('',#4141,#4142,#2940,.T.);
#5593=EDGE_CURVE('',#4141,#4143,#844,.F.);
#5594=EDGE_CURVE('',#4143,#4144,#2941,.T.);
#5595=EDGE_CURVE('',#4144,#4145,#845,.T.);
#5596=EDGE_CURVE('',#4146,#4145,#2942,.T.);
#5597=EDGE_CURVE('',#4146,#4147,#846,.F.);
#5598=EDGE_CURVE('',#4147,#4148,#2943,.T.);
#5599=EDGE_CURVE('',#4148,#4149,#847,.T.);
#5600=EDGE_CURVE('',#4142,#4149,#2944,.T.);
#5601=EDGE_CURVE('',#4142,#4150,#848,.T.);
#5602=EDGE_CURVE('',#4150,#4150,#2945,.T.);
#5603=EDGE_CURVE('',#4151,#4152,#849,.T.);
#5604=EDGE_CURVE('',#4153,#4151,#850,.T.);
#5605=EDGE_CURVE('',#4154,#4153,#851,.T.);
#5606=EDGE_CURVE('',#4155,#4154,#852,.T.);
#5607=EDGE_CURVE('',#4156,#4155,#2946,.T.);
#5608=EDGE_CURVE('',#4152,#4156,#853,.T.);
#5609=EDGE_CURVE('',#4157,#4143,#17,.T.);
#5610=EDGE_CURVE('',#4157,#4158,#2947,.T.);
#5611=EDGE_CURVE('',#4144,#4158,#18,.T.);
#5612=EDGE_CURVE('',#4159,#4160,#854,.T.);
#5613=EDGE_CURVE('',#4161,#4160,#855,.T.);
#5614=EDGE_CURVE('',#4162,#4161,#856,.T.);
#5615=EDGE_CURVE('',#4162,#4159,#857,.T.);
#5616=EDGE_CURVE('',#4160,#4163,#858,.T.);
#5617=EDGE_CURVE('',#4164,#4163,#859,.T.);
#5618=EDGE_CURVE('',#4161,#4164,#860,.T.);
#5619=EDGE_CURVE('',#4163,#4165,#861,.T.);
#5620=EDGE_CURVE('',#4166,#4165,#862,.T.);
#5621=EDGE_CURVE('',#4164,#4166,#863,.T.);
#5622=EDGE_CURVE('',#4167,#4168,#864,.T.);
#5623=EDGE_CURVE('',#4168,#4169,#865,.T.);
#5624=EDGE_CURVE('',#4170,#4169,#866,.T.);
#5625=EDGE_CURVE('',#4167,#4170,#867,.T.);
#5626=EDGE_CURVE('',#4171,#4172,#868,.T.);
#5627=EDGE_CURVE('',#4173,#4171,#869,.T.);
#5628=EDGE_CURVE('',#4173,#4174,#870,.T.);
#5629=EDGE_CURVE('',#4174,#4172,#871,.T.);
#5630=EDGE_CURVE('',#4175,#4171,#872,.T.);
#5631=EDGE_CURVE('',#4176,#4175,#873,.T.);
#5632=EDGE_CURVE('',#4176,#4173,#874,.T.);
#5633=EDGE_CURVE('',#4177,#4175,#875,.T.);
#5634=EDGE_CURVE('',#4178,#4177,#876,.T.);
#5635=EDGE_CURVE('',#4178,#4176,#877,.T.);
#5636=EDGE_CURVE('',#4172,#4177,#878,.T.);
#5637=EDGE_CURVE('',#4174,#4178,#879,.T.);
#5638=EDGE_CURVE('',#4165,#4159,#880,.T.);
#5639=EDGE_CURVE('',#4166,#4162,#881,.T.);
#5640=EDGE_CURVE('',#4179,#4157,#882,.T.);
#5641=EDGE_CURVE('',#4180,#4179,#883,.T.);
#5642=EDGE_CURVE('',#4181,#4180,#884,.T.);
#5643=EDGE_CURVE('',#4182,#4181,#885,.T.);
#5644=EDGE_CURVE('',#4158,#4182,#886,.T.);
#5645=EDGE_CURVE('',#4148,#4155,#19,.T.);
#5646=EDGE_CURVE('',#4156,#4147,#20,.T.);
#5647=EDGE_CURVE('',#4145,#4183,#887,.T.);
#5648=EDGE_CURVE('',#4183,#4184,#888,.T.);
#5649=EDGE_CURVE('',#4184,#4185,#889,.T.);
#5650=EDGE_CURVE('',#4185,#4186,#890,.T.);
#5651=EDGE_CURVE('',#4186,#4141,#891,.T.);
#5652=EDGE_CURVE('',#4149,#4187,#892,.T.);
#5653=EDGE_CURVE('',#4187,#4188,#893,.T.);
#5654=EDGE_CURVE('',#4188,#4189,#894,.T.);
#5655=EDGE_CURVE('',#4189,#4190,#895,.T.);
#5656=EDGE_CURVE('',#4190,#4146,#896,.T.);
#5657=EDGE_CURVE('',#4184,#4181,#897,.T.);
#5658=EDGE_CURVE('',#4183,#4182,#898,.T.);
#5659=EDGE_CURVE('',#4185,#4180,#899,.T.);
#5660=EDGE_CURVE('',#4186,#4179,#900,.T.);
#5661=EDGE_CURVE('',#4187,#4154,#901,.T.);
#5662=EDGE_CURVE('',#4188,#4153,#902,.T.);
#5663=EDGE_CURVE('',#4189,#4151,#903,.T.);
#5664=EDGE_CURVE('',#4190,#4152,#904,.T.);
#5665=EDGE_CURVE('',#4169,#4191,#905,.T.);
#5666=EDGE_CURVE('',#4192,#4191,#906,.T.);
#5667=EDGE_CURVE('',#4170,#4192,#907,.T.);
#5668=EDGE_CURVE('',#4191,#4193,#908,.T.);
#5669=EDGE_CURVE('',#4194,#4193,#909,.T.);
#5670=EDGE_CURVE('',#4192,#4194,#910,.T.);
#5671=EDGE_CURVE('',#4193,#4195,#911,.T.);
#5672=EDGE_CURVE('',#4196,#4195,#912,.T.);
#5673=EDGE_CURVE('',#4194,#4196,#913,.T.);
#5674=EDGE_CURVE('',#4195,#4197,#914,.T.);
#5675=EDGE_CURVE('',#4198,#4197,#915,.T.);
#5676=EDGE_CURVE('',#4196,#4198,#916,.T.);
#5677=EDGE_CURVE('',#4197,#4168,#917,.T.);
#5678=EDGE_CURVE('',#4198,#4167,#918,.T.);
#5679=ORIENTED_EDGE('',*,*,#4199,.F.);
#5680=ORIENTED_EDGE('',*,*,#4200,.T.);
#5681=ORIENTED_EDGE('',*,*,#4201,.T.);
#5682=ORIENTED_EDGE('',*,*,#4202,.F.);
#5683=ORIENTED_EDGE('',*,*,#4203,.T.);
#5684=ORIENTED_EDGE('',*,*,#4204,.F.);
#5685=ORIENTED_EDGE('',*,*,#4205,.F.);
#5686=ORIENTED_EDGE('',*,*,#4206,.T.);
#5687=ORIENTED_EDGE('',*,*,#4207,.T.);
#5688=ORIENTED_EDGE('',*,*,#4208,.F.);
#5689=ORIENTED_EDGE('',*,*,#4209,.F.);
#5690=ORIENTED_EDGE('',*,*,#4210,.T.);
#5691=ORIENTED_EDGE('',*,*,#4211,.T.);
#5692=ORIENTED_EDGE('',*,*,#4212,.F.);
#5693=ORIENTED_EDGE('',*,*,#4213,.F.);
#5694=ORIENTED_EDGE('',*,*,#4214,.T.);
#5695=ORIENTED_EDGE('',*,*,#4215,.F.);
#5696=ORIENTED_EDGE('',*,*,#4216,.T.);
#5697=ORIENTED_EDGE('',*,*,#4217,.F.);
#5698=ORIENTED_EDGE('',*,*,#4218,.T.);
#5699=ORIENTED_EDGE('',*,*,#4219,.F.);
#5700=ORIENTED_EDGE('',*,*,#4220,.T.);
#5701=ORIENTED_EDGE('',*,*,#4221,.F.);
#5702=ORIENTED_EDGE('',*,*,#4222,.T.);
#5703=ORIENTED_EDGE('',*,*,#4223,.F.);
#5704=ORIENTED_EDGE('',*,*,#4224,.T.);
#5705=ORIENTED_EDGE('',*,*,#4225,.F.);
#5706=ORIENTED_EDGE('',*,*,#4226,.T.);
#5707=ORIENTED_EDGE('',*,*,#4227,.F.);
#5708=ORIENTED_EDGE('',*,*,#4228,.T.);
#5709=ORIENTED_EDGE('',*,*,#4229,.F.);
#5710=ORIENTED_EDGE('',*,*,#4230,.F.);
#5711=ORIENTED_EDGE('',*,*,#4231,.T.);
#5712=ORIENTED_EDGE('',*,*,#4232,.T.);
#5713=ORIENTED_EDGE('',*,*,#4233,.T.);
#5714=ORIENTED_EDGE('',*,*,#4234,.F.);
#5715=ORIENTED_EDGE('',*,*,#4235,.F.);
#5716=ORIENTED_EDGE('',*,*,#4236,.T.);
#5717=ORIENTED_EDGE('',*,*,#4237,.F.);
#5718=ORIENTED_EDGE('',*,*,#4238,.T.);
#5719=ORIENTED_EDGE('',*,*,#4239,.T.);
#5720=ORIENTED_EDGE('',*,*,#4240,.F.);
#5721=ORIENTED_EDGE('',*,*,#4241,.T.);
#5722=ORIENTED_EDGE('',*,*,#4242,.T.);
#5723=ORIENTED_EDGE('',*,*,#4243,.F.);
#5724=ORIENTED_EDGE('',*,*,#4244,.F.);
#5725=ORIENTED_EDGE('',*,*,#4245,.T.);
#5726=ORIENTED_EDGE('',*,*,#4246,.F.);
#5727=ORIENTED_EDGE('',*,*,#4247,.F.);
#5728=ORIENTED_EDGE('',*,*,#4248,.T.);
#5729=ORIENTED_EDGE('',*,*,#4249,.F.);
#5730=ORIENTED_EDGE('',*,*,#4250,.F.);
#5731=ORIENTED_EDGE('',*,*,#4251,.T.);
#5732=ORIENTED_EDGE('',*,*,#4252,.T.);
#5733=ORIENTED_EDGE('',*,*,#4253,.T.);
#5734=ORIENTED_EDGE('',*,*,#4254,.T.);
#5735=ORIENTED_EDGE('',*,*,#4255,.F.);
#5736=ORIENTED_EDGE('',*,*,#4256,.F.);
#5737=ORIENTED_EDGE('',*,*,#4257,.F.);
#5738=ORIENTED_EDGE('',*,*,#4258,.T.);
#5739=ORIENTED_EDGE('',*,*,#4259,.T.);
#5740=ORIENTED_EDGE('',*,*,#4260,.F.);
#5741=ORIENTED_EDGE('',*,*,#4261,.T.);
#5742=ORIENTED_EDGE('',*,*,#4262,.T.);
#5743=ORIENTED_EDGE('',*,*,#4263,.F.);
#5744=ORIENTED_EDGE('',*,*,#4264,.F.);
#5745=ORIENTED_EDGE('',*,*,#4265,.F.);
#5746=ORIENTED_EDGE('',*,*,#4266,.T.);
#5747=ORIENTED_EDGE('',*,*,#4267,.T.);
#5748=ORIENTED_EDGE('',*,*,#4268,.F.);
#5749=ORIENTED_EDGE('',*,*,#4269,.T.);
#5750=ORIENTED_EDGE('',*,*,#4270,.F.);
#5751=ORIENTED_EDGE('',*,*,#4271,.F.);
#5752=ORIENTED_EDGE('',*,*,#4272,.T.);
#5753=ORIENTED_EDGE('',*,*,#4273,.F.);
#5754=ORIENTED_EDGE('',*,*,#4274,.F.);
#5755=ORIENTED_EDGE('',*,*,#4275,.T.);
#5756=ORIENTED_EDGE('',*,*,#4276,.T.);
#5757=ORIENTED_EDGE('',*,*,#4277,.F.);
#5758=ORIENTED_EDGE('',*,*,#4278,.T.);
#5759=ORIENTED_EDGE('',*,*,#4279,.T.);
#5760=ORIENTED_EDGE('',*,*,#4280,.F.);
#5761=ORIENTED_EDGE('',*,*,#4281,.T.);
#5762=ORIENTED_EDGE('',*,*,#4282,.T.);
#5763=ORIENTED_EDGE('',*,*,#4283,.F.);
#5764=ORIENTED_EDGE('',*,*,#4284,.F.);
#5765=ORIENTED_EDGE('',*,*,#4285,.F.);
#5766=ORIENTED_EDGE('',*,*,#4286,.F.);
#5767=ORIENTED_EDGE('',*,*,#4287,.T.);
#5768=ORIENTED_EDGE('',*,*,#4288,.T.);
#5769=ORIENTED_EDGE('',*,*,#4289,.T.);
#5770=ORIENTED_EDGE('',*,*,#4290,.F.);
#5771=ORIENTED_EDGE('',*,*,#4291,.F.);
#5772=ORIENTED_EDGE('',*,*,#4292,.T.);
#5773=ORIENTED_EDGE('',*,*,#4293,.F.);
#5774=ORIENTED_EDGE('',*,*,#4294,.T.);
#5775=ORIENTED_EDGE('',*,*,#4295,.F.);
#5776=ORIENTED_EDGE('',*,*,#4294,.F.);
#5777=ORIENTED_EDGE('',*,*,#4296,.T.);
#5778=ORIENTED_EDGE('',*,*,#4297,.T.);
#5779=ORIENTED_EDGE('',*,*,#4298,.F.);
#5780=ORIENTED_EDGE('',*,*,#4297,.F.);
#5781=ORIENTED_EDGE('',*,*,#4299,.T.);
#5782=ORIENTED_EDGE('',*,*,#4300,.T.);
#5783=ORIENTED_EDGE('',*,*,#4301,.F.);
#5784=ORIENTED_EDGE('',*,*,#4300,.F.);
#5785=ORIENTED_EDGE('',*,*,#4302,.F.);
#5786=ORIENTED_EDGE('',*,*,#4303,.T.);
#5787=ORIENTED_EDGE('',*,*,#4301,.T.);
#5788=ORIENTED_EDGE('',*,*,#4303,.F.);
#5789=ORIENTED_EDGE('',*,*,#4304,.F.);
#5790=ORIENTED_EDGE('',*,*,#4305,.T.);
#5791=ORIENTED_EDGE('',*,*,#4302,.T.);
#5792=ORIENTED_EDGE('',*,*,#4305,.F.);
#5793=ORIENTED_EDGE('',*,*,#4304,.T.);
#5794=ORIENTED_EDGE('',*,*,#4306,.T.);
#5795=ORIENTED_EDGE('',*,*,#4307,.F.);
#5796=ORIENTED_EDGE('',*,*,#4306,.F.);
#5797=ORIENTED_EDGE('',*,*,#4308,.F.);
#5798=ORIENTED_EDGE('',*,*,#4309,.T.);
#5799=ORIENTED_EDGE('',*,*,#4310,.F.);
#5800=ORIENTED_EDGE('',*,*,#4309,.F.);
#5801=ORIENTED_EDGE('',*,*,#4311,.T.);
#5802=ORIENTED_EDGE('',*,*,#4312,.T.);
#5803=ORIENTED_EDGE('',*,*,#4313,.F.);
#5804=ORIENTED_EDGE('',*,*,#4312,.F.);
#5805=ORIENTED_EDGE('',*,*,#4314,.T.);
#5806=ORIENTED_EDGE('',*,*,#4315,.T.);
#5807=ORIENTED_EDGE('',*,*,#4316,.F.);
#5808=ORIENTED_EDGE('',*,*,#4315,.F.);
#5809=ORIENTED_EDGE('',*,*,#4317,.F.);
#5810=ORIENTED_EDGE('',*,*,#4318,.T.);
#5811=ORIENTED_EDGE('',*,*,#4316,.T.);
#5812=ORIENTED_EDGE('',*,*,#4318,.F.);
#5813=ORIENTED_EDGE('',*,*,#4319,.F.);
#5814=ORIENTED_EDGE('',*,*,#4320,.T.);
#5815=ORIENTED_EDGE('',*,*,#4317,.T.);
#5816=ORIENTED_EDGE('',*,*,#4320,.F.);
#5817=ORIENTED_EDGE('',*,*,#4319,.T.);
#5818=ORIENTED_EDGE('',*,*,#4321,.T.);
#5819=ORIENTED_EDGE('',*,*,#4322,.F.);
#5820=ORIENTED_EDGE('',*,*,#4321,.F.);
#5821=ORIENTED_EDGE('',*,*,#4323,.T.);
#5822=ORIENTED_EDGE('',*,*,#4324,.T.);
#5823=ORIENTED_EDGE('',*,*,#4325,.T.);
#5824=ORIENTED_EDGE('',*,*,#4326,.T.);
#5825=ORIENTED_EDGE('',*,*,#4327,.T.);
#5826=ORIENTED_EDGE('',*,*,#4328,.T.);
#5827=ORIENTED_EDGE('',*,*,#4329,.T.);
#5828=ORIENTED_EDGE('',*,*,#4248,.F.);
#5829=ORIENTED_EDGE('',*,*,#4330,.T.);
#5830=ORIENTED_EDGE('',*,*,#4260,.T.);
#5831=ORIENTED_EDGE('',*,*,#4331,.T.);
#5832=ORIENTED_EDGE('',*,*,#4332,.T.);
#5833=ORIENTED_EDGE('',*,*,#4333,.T.);
#5834=ORIENTED_EDGE('',*,*,#4334,.T.);
#5835=ORIENTED_EDGE('',*,*,#4335,.T.);
#5836=ORIENTED_EDGE('',*,*,#4336,.T.);
#5837=ORIENTED_EDGE('',*,*,#4337,.T.);
#5838=ORIENTED_EDGE('',*,*,#4238,.F.);
#5839=ORIENTED_EDGE('',*,*,#4338,.F.);
#5840=ORIENTED_EDGE('',*,*,#4234,.T.);
#5841=ORIENTED_EDGE('',*,*,#4339,.F.);
#5842=ORIENTED_EDGE('',*,*,#4340,.F.);
#5843=ORIENTED_EDGE('',*,*,#4341,.F.);
#5844=ORIENTED_EDGE('',*,*,#4342,.F.);
#5845=ORIENTED_EDGE('',*,*,#4343,.F.);
#5846=ORIENTED_EDGE('',*,*,#4344,.F.);
#5847=ORIENTED_EDGE('',*,*,#4345,.F.);
#5848=ORIENTED_EDGE('',*,*,#4346,.F.);
#5849=ORIENTED_EDGE('',*,*,#4347,.F.);
#5850=ORIENTED_EDGE('',*,*,#4348,.F.);
#5851=ORIENTED_EDGE('',*,*,#4349,.F.);
#5852=ORIENTED_EDGE('',*,*,#4350,.F.);
#5853=ORIENTED_EDGE('',*,*,#4351,.F.);
#5854=ORIENTED_EDGE('',*,*,#4352,.F.);
#5855=ORIENTED_EDGE('',*,*,#4353,.F.);
#5856=ORIENTED_EDGE('',*,*,#4354,.F.);
#5857=ORIENTED_EDGE('',*,*,#4355,.F.);
#5858=ORIENTED_EDGE('',*,*,#4356,.F.);
#5859=ORIENTED_EDGE('',*,*,#4357,.F.);
#5860=ORIENTED_EDGE('',*,*,#4358,.F.);
#5861=ORIENTED_EDGE('',*,*,#4359,.T.);
#5862=ORIENTED_EDGE('',*,*,#4360,.T.);
#5863=ORIENTED_EDGE('',*,*,#4361,.T.);
#5864=ORIENTED_EDGE('',*,*,#4362,.T.);
#5865=ORIENTED_EDGE('',*,*,#4363,.T.);
#5866=ORIENTED_EDGE('',*,*,#4364,.T.);
#5867=ORIENTED_EDGE('',*,*,#4365,.T.);
#5868=ORIENTED_EDGE('',*,*,#4366,.T.);
#5869=ORIENTED_EDGE('',*,*,#4367,.T.);
#5870=ORIENTED_EDGE('',*,*,#4368,.T.);
#5871=ORIENTED_EDGE('',*,*,#4369,.T.);
#5872=ORIENTED_EDGE('',*,*,#4370,.T.);
#5873=ORIENTED_EDGE('',*,*,#4371,.T.);
#5874=ORIENTED_EDGE('',*,*,#4372,.T.);
#5875=ORIENTED_EDGE('',*,*,#4373,.T.);
#5876=ORIENTED_EDGE('',*,*,#4374,.T.);
#5877=ORIENTED_EDGE('',*,*,#4375,.T.);
#5878=ORIENTED_EDGE('',*,*,#4376,.F.);
#5879=ORIENTED_EDGE('',*,*,#4377,.F.);
#5880=ORIENTED_EDGE('',*,*,#4378,.F.);
#5881=ORIENTED_EDGE('',*,*,#4379,.F.);
#5882=ORIENTED_EDGE('',*,*,#4380,.F.);
#5883=ORIENTED_EDGE('',*,*,#4381,.F.);
#5884=ORIENTED_EDGE('',*,*,#4382,.F.);
#5885=ORIENTED_EDGE('',*,*,#4383,.F.);
#5886=ORIENTED_EDGE('',*,*,#4384,.F.);
#5887=ORIENTED_EDGE('',*,*,#4385,.F.);
#5888=ORIENTED_EDGE('',*,*,#4386,.F.);
#5889=ORIENTED_EDGE('',*,*,#4387,.F.);
#5890=ORIENTED_EDGE('',*,*,#4388,.F.);
#5891=ORIENTED_EDGE('',*,*,#4389,.F.);
#5892=ORIENTED_EDGE('',*,*,#4390,.F.);
#5893=ORIENTED_EDGE('',*,*,#4391,.F.);
#5894=ORIENTED_EDGE('',*,*,#4392,.F.);
#5895=ORIENTED_EDGE('',*,*,#4393,.F.);
#5896=ORIENTED_EDGE('',*,*,#4394,.F.);
#5897=ORIENTED_EDGE('',*,*,#4395,.F.);
#5898=ORIENTED_EDGE('',*,*,#4396,.F.);
#5899=ORIENTED_EDGE('',*,*,#4397,.F.);
#5900=ORIENTED_EDGE('',*,*,#4398,.F.);
#5901=ORIENTED_EDGE('',*,*,#4399,.F.);
#5902=ORIENTED_EDGE('',*,*,#4400,.T.);
#5903=ORIENTED_EDGE('',*,*,#4401,.T.);
#5904=ORIENTED_EDGE('',*,*,#4402,.T.);
#5905=ORIENTED_EDGE('',*,*,#4403,.T.);
#5906=ORIENTED_EDGE('',*,*,#4404,.T.);
#5907=ORIENTED_EDGE('',*,*,#4405,.T.);
#5908=ORIENTED_EDGE('',*,*,#4406,.T.);
#5909=ORIENTED_EDGE('',*,*,#4407,.T.);
#5910=ORIENTED_EDGE('',*,*,#4408,.T.);
#5911=ORIENTED_EDGE('',*,*,#4409,.T.);
#5912=ORIENTED_EDGE('',*,*,#4410,.T.);
#5913=ORIENTED_EDGE('',*,*,#4411,.T.);
#5914=ORIENTED_EDGE('',*,*,#4412,.T.);
#5915=ORIENTED_EDGE('',*,*,#4413,.T.);
#5916=ORIENTED_EDGE('',*,*,#4414,.T.);
#5917=ORIENTED_EDGE('',*,*,#4415,.T.);
#5918=ORIENTED_EDGE('',*,*,#4416,.T.);
#5919=ORIENTED_EDGE('',*,*,#4417,.T.);
#5920=ORIENTED_EDGE('',*,*,#4418,.T.);
#5921=ORIENTED_EDGE('',*,*,#4419,.T.);
#5922=ORIENTED_EDGE('',*,*,#4420,.T.);
#5923=ORIENTED_EDGE('',*,*,#4421,.T.);
#5924=ORIENTED_EDGE('',*,*,#4422,.T.);
#5925=ORIENTED_EDGE('',*,*,#4423,.T.);
#5926=ORIENTED_EDGE('',*,*,#4424,.T.);
#5927=ORIENTED_EDGE('',*,*,#4425,.T.);
#5928=ORIENTED_EDGE('',*,*,#4426,.T.);
#5929=ORIENTED_EDGE('',*,*,#4427,.T.);
#5930=ORIENTED_EDGE('',*,*,#4428,.T.);
#5931=ORIENTED_EDGE('',*,*,#4429,.T.);
#5932=ORIENTED_EDGE('',*,*,#4430,.T.);
#5933=ORIENTED_EDGE('',*,*,#4431,.F.);
#5934=ORIENTED_EDGE('',*,*,#4432,.F.);
#5935=ORIENTED_EDGE('',*,*,#4433,.F.);
#5936=ORIENTED_EDGE('',*,*,#4434,.F.);
#5937=ORIENTED_EDGE('',*,*,#4435,.F.);
#5938=ORIENTED_EDGE('',*,*,#4436,.F.);
#5939=ORIENTED_EDGE('',*,*,#4437,.F.);
#5940=ORIENTED_EDGE('',*,*,#4438,.F.);
#5941=ORIENTED_EDGE('',*,*,#4439,.F.);
#5942=ORIENTED_EDGE('',*,*,#4440,.F.);
#5943=ORIENTED_EDGE('',*,*,#4441,.F.);
#5944=ORIENTED_EDGE('',*,*,#4442,.F.);
#5945=ORIENTED_EDGE('',*,*,#4443,.F.);
#5946=ORIENTED_EDGE('',*,*,#4444,.F.);
#5947=ORIENTED_EDGE('',*,*,#4445,.F.);
#5948=ORIENTED_EDGE('',*,*,#4446,.F.);
#5949=ORIENTED_EDGE('',*,*,#4447,.F.);
#5950=ORIENTED_EDGE('',*,*,#4448,.F.);
#5951=ORIENTED_EDGE('',*,*,#4449,.F.);
#5952=ORIENTED_EDGE('',*,*,#4450,.F.);
#5953=ORIENTED_EDGE('',*,*,#4451,.F.);
#5954=ORIENTED_EDGE('',*,*,#4452,.F.);
#5955=ORIENTED_EDGE('',*,*,#4453,.F.);
#5956=ORIENTED_EDGE('',*,*,#4454,.F.);
#5957=ORIENTED_EDGE('',*,*,#4455,.F.);
#5958=ORIENTED_EDGE('',*,*,#4456,.F.);
#5959=ORIENTED_EDGE('',*,*,#4457,.F.);
#5960=ORIENTED_EDGE('',*,*,#4458,.F.);
#5961=ORIENTED_EDGE('',*,*,#4459,.F.);
#5962=ORIENTED_EDGE('',*,*,#4460,.F.);
#5963=ORIENTED_EDGE('',*,*,#4461,.F.);
#5964=ORIENTED_EDGE('',*,*,#4462,.F.);
#5965=ORIENTED_EDGE('',*,*,#4463,.F.);
#5966=ORIENTED_EDGE('',*,*,#4464,.F.);
#5967=ORIENTED_EDGE('',*,*,#4465,.F.);
#5968=ORIENTED_EDGE('',*,*,#4466,.F.);
#5969=ORIENTED_EDGE('',*,*,#4467,.F.);
#5970=ORIENTED_EDGE('',*,*,#4468,.F.);
#5971=ORIENTED_EDGE('',*,*,#4469,.T.);
#5972=ORIENTED_EDGE('',*,*,#4470,.T.);
#5973=ORIENTED_EDGE('',*,*,#4471,.T.);
#5974=ORIENTED_EDGE('',*,*,#4472,.T.);
#5975=ORIENTED_EDGE('',*,*,#4473,.T.);
#5976=ORIENTED_EDGE('',*,*,#4474,.T.);
#5977=ORIENTED_EDGE('',*,*,#4475,.T.);
#5978=ORIENTED_EDGE('',*,*,#4476,.T.);
#5979=ORIENTED_EDGE('',*,*,#4477,.T.);
#5980=ORIENTED_EDGE('',*,*,#4478,.T.);
#5981=ORIENTED_EDGE('',*,*,#4479,.T.);
#5982=ORIENTED_EDGE('',*,*,#4480,.T.);
#5983=ORIENTED_EDGE('',*,*,#4481,.T.);
#5984=ORIENTED_EDGE('',*,*,#4482,.T.);
#5985=ORIENTED_EDGE('',*,*,#4483,.T.);
#5986=ORIENTED_EDGE('',*,*,#4484,.T.);
#5987=ORIENTED_EDGE('',*,*,#4485,.T.);
#5988=ORIENTED_EDGE('',*,*,#4486,.T.);
#5989=ORIENTED_EDGE('',*,*,#4487,.T.);
#5990=ORIENTED_EDGE('',*,*,#4488,.T.);
#5991=ORIENTED_EDGE('',*,*,#4489,.T.);
#5992=ORIENTED_EDGE('',*,*,#4490,.T.);
#5993=ORIENTED_EDGE('',*,*,#4491,.T.);
#5994=ORIENTED_EDGE('',*,*,#4492,.T.);
#5995=ORIENTED_EDGE('',*,*,#4493,.T.);
#5996=ORIENTED_EDGE('',*,*,#4494,.T.);
#5997=ORIENTED_EDGE('',*,*,#4495,.T.);
#5998=ORIENTED_EDGE('',*,*,#4496,.T.);
#5999=ORIENTED_EDGE('',*,*,#4497,.T.);
#6000=ORIENTED_EDGE('',*,*,#4498,.T.);
#6001=ORIENTED_EDGE('',*,*,#4499,.T.);
#6002=ORIENTED_EDGE('',*,*,#4500,.F.);
#6003=ORIENTED_EDGE('',*,*,#4501,.F.);
#6004=ORIENTED_EDGE('',*,*,#4502,.F.);
#6005=ORIENTED_EDGE('',*,*,#4503,.F.);
#6006=ORIENTED_EDGE('',*,*,#4504,.F.);
#6007=ORIENTED_EDGE('',*,*,#4505,.F.);
#6008=ORIENTED_EDGE('',*,*,#4506,.F.);
#6009=ORIENTED_EDGE('',*,*,#4507,.F.);
#6010=ORIENTED_EDGE('',*,*,#4508,.F.);
#6011=ORIENTED_EDGE('',*,*,#4509,.F.);
#6012=ORIENTED_EDGE('',*,*,#4510,.F.);
#6013=ORIENTED_EDGE('',*,*,#4511,.F.);
#6014=ORIENTED_EDGE('',*,*,#4512,.F.);
#6015=ORIENTED_EDGE('',*,*,#4513,.F.);
#6016=ORIENTED_EDGE('',*,*,#4514,.F.);
#6017=ORIENTED_EDGE('',*,*,#4515,.F.);
#6018=ORIENTED_EDGE('',*,*,#4516,.F.);
#6019=ORIENTED_EDGE('',*,*,#4517,.F.);
#6020=ORIENTED_EDGE('',*,*,#4518,.F.);
#6021=ORIENTED_EDGE('',*,*,#4519,.F.);
#6022=ORIENTED_EDGE('',*,*,#4520,.F.);
#6023=ORIENTED_EDGE('',*,*,#4521,.F.);
#6024=ORIENTED_EDGE('',*,*,#4522,.F.);
#6025=ORIENTED_EDGE('',*,*,#4523,.F.);
#6026=ORIENTED_EDGE('',*,*,#4524,.F.);
#6027=ORIENTED_EDGE('',*,*,#4525,.F.);
#6028=ORIENTED_EDGE('',*,*,#4526,.F.);
#6029=ORIENTED_EDGE('',*,*,#4527,.F.);
#6030=ORIENTED_EDGE('',*,*,#4528,.F.);
#6031=ORIENTED_EDGE('',*,*,#4529,.F.);
#6032=ORIENTED_EDGE('',*,*,#4530,.F.);
#6033=ORIENTED_EDGE('',*,*,#4531,.F.);
#6034=ORIENTED_EDGE('',*,*,#4532,.F.);
#6035=ORIENTED_EDGE('',*,*,#4533,.F.);
#6036=ORIENTED_EDGE('',*,*,#4534,.F.);
#6037=ORIENTED_EDGE('',*,*,#4535,.F.);
#6038=ORIENTED_EDGE('',*,*,#4536,.F.);
#6039=ORIENTED_EDGE('',*,*,#4537,.F.);
#6040=ORIENTED_EDGE('',*,*,#4538,.F.);
#6041=ORIENTED_EDGE('',*,*,#4539,.F.);
#6042=ORIENTED_EDGE('',*,*,#4540,.F.);
#6043=ORIENTED_EDGE('',*,*,#4541,.F.);
#6044=ORIENTED_EDGE('',*,*,#4542,.T.);
#6045=ORIENTED_EDGE('',*,*,#4543,.T.);
#6046=ORIENTED_EDGE('',*,*,#4544,.T.);
#6047=ORIENTED_EDGE('',*,*,#4545,.T.);
#6048=ORIENTED_EDGE('',*,*,#4546,.T.);
#6049=ORIENTED_EDGE('',*,*,#4547,.T.);
#6050=ORIENTED_EDGE('',*,*,#4548,.T.);
#6051=ORIENTED_EDGE('',*,*,#4549,.T.);
#6052=ORIENTED_EDGE('',*,*,#4550,.T.);
#6053=ORIENTED_EDGE('',*,*,#4551,.T.);
#6054=ORIENTED_EDGE('',*,*,#4552,.T.);
#6055=ORIENTED_EDGE('',*,*,#4553,.T.);
#6056=ORIENTED_EDGE('',*,*,#4554,.T.);
#6057=ORIENTED_EDGE('',*,*,#4555,.T.);
#6058=ORIENTED_EDGE('',*,*,#4556,.T.);
#6059=ORIENTED_EDGE('',*,*,#4557,.T.);
#6060=ORIENTED_EDGE('',*,*,#4558,.T.);
#6061=ORIENTED_EDGE('',*,*,#4559,.T.);
#6062=ORIENTED_EDGE('',*,*,#4560,.F.);
#6063=ORIENTED_EDGE('',*,*,#4561,.F.);
#6064=ORIENTED_EDGE('',*,*,#4562,.F.);
#6065=ORIENTED_EDGE('',*,*,#4563,.F.);
#6066=ORIENTED_EDGE('',*,*,#4564,.F.);
#6067=ORIENTED_EDGE('',*,*,#4565,.F.);
#6068=ORIENTED_EDGE('',*,*,#4566,.F.);
#6069=ORIENTED_EDGE('',*,*,#4567,.F.);
#6070=ORIENTED_EDGE('',*,*,#4568,.F.);
#6071=ORIENTED_EDGE('',*,*,#4569,.F.);
#6072=ORIENTED_EDGE('',*,*,#4570,.F.);
#6073=ORIENTED_EDGE('',*,*,#4571,.F.);
#6074=ORIENTED_EDGE('',*,*,#4572,.F.);
#6075=ORIENTED_EDGE('',*,*,#4573,.F.);
#6076=ORIENTED_EDGE('',*,*,#4574,.F.);
#6077=ORIENTED_EDGE('',*,*,#4575,.F.);
#6078=ORIENTED_EDGE('',*,*,#4576,.F.);
#6079=ORIENTED_EDGE('',*,*,#4577,.F.);
#6080=ORIENTED_EDGE('',*,*,#4578,.F.);
#6081=ORIENTED_EDGE('',*,*,#4579,.F.);
#6082=ORIENTED_EDGE('',*,*,#4580,.F.);
#6083=ORIENTED_EDGE('',*,*,#4581,.T.);
#6084=ORIENTED_EDGE('',*,*,#4582,.T.);
#6085=ORIENTED_EDGE('',*,*,#4583,.T.);
#6086=ORIENTED_EDGE('',*,*,#4584,.T.);
#6087=ORIENTED_EDGE('',*,*,#4585,.T.);
#6088=ORIENTED_EDGE('',*,*,#4586,.T.);
#6089=ORIENTED_EDGE('',*,*,#4587,.T.);
#6090=ORIENTED_EDGE('',*,*,#4588,.T.);
#6091=ORIENTED_EDGE('',*,*,#4589,.T.);
#6092=ORIENTED_EDGE('',*,*,#4590,.T.);
#6093=ORIENTED_EDGE('',*,*,#4591,.T.);
#6094=ORIENTED_EDGE('',*,*,#4592,.T.);
#6095=ORIENTED_EDGE('',*,*,#4593,.T.);
#6096=ORIENTED_EDGE('',*,*,#4594,.T.);
#6097=ORIENTED_EDGE('',*,*,#4595,.T.);
#6098=ORIENTED_EDGE('',*,*,#4596,.T.);
#6099=ORIENTED_EDGE('',*,*,#4597,.T.);
#6100=ORIENTED_EDGE('',*,*,#4598,.T.);
#6101=ORIENTED_EDGE('',*,*,#4599,.T.);
#6102=ORIENTED_EDGE('',*,*,#4600,.T.);
#6103=ORIENTED_EDGE('',*,*,#4601,.T.);
#6104=ORIENTED_EDGE('',*,*,#4602,.T.);
#6105=ORIENTED_EDGE('',*,*,#4603,.T.);
#6106=ORIENTED_EDGE('',*,*,#4604,.T.);
#6107=ORIENTED_EDGE('',*,*,#4605,.T.);
#6108=ORIENTED_EDGE('',*,*,#4606,.T.);
#6109=ORIENTED_EDGE('',*,*,#4607,.T.);
#6110=ORIENTED_EDGE('',*,*,#4608,.T.);
#6111=ORIENTED_EDGE('',*,*,#4609,.T.);
#6112=ORIENTED_EDGE('',*,*,#4610,.T.);
#6113=ORIENTED_EDGE('',*,*,#4611,.T.);
#6114=ORIENTED_EDGE('',*,*,#4612,.T.);
#6115=ORIENTED_EDGE('',*,*,#4613,.F.);
#6116=ORIENTED_EDGE('',*,*,#4614,.F.);
#6117=ORIENTED_EDGE('',*,*,#4615,.F.);
#6118=ORIENTED_EDGE('',*,*,#4616,.F.);
#6119=ORIENTED_EDGE('',*,*,#4617,.F.);
#6120=ORIENTED_EDGE('',*,*,#4618,.F.);
#6121=ORIENTED_EDGE('',*,*,#4619,.F.);
#6122=ORIENTED_EDGE('',*,*,#4620,.F.);
#6123=ORIENTED_EDGE('',*,*,#4621,.F.);
#6124=ORIENTED_EDGE('',*,*,#4622,.F.);
#6125=ORIENTED_EDGE('',*,*,#4623,.F.);
#6126=ORIENTED_EDGE('',*,*,#4624,.F.);
#6127=ORIENTED_EDGE('',*,*,#4625,.F.);
#6128=ORIENTED_EDGE('',*,*,#4626,.F.);
#6129=ORIENTED_EDGE('',*,*,#4627,.F.);
#6130=ORIENTED_EDGE('',*,*,#4628,.F.);
#6131=ORIENTED_EDGE('',*,*,#4629,.F.);
#6132=ORIENTED_EDGE('',*,*,#4630,.F.);
#6133=ORIENTED_EDGE('',*,*,#4631,.F.);
#6134=ORIENTED_EDGE('',*,*,#4632,.F.);
#6135=ORIENTED_EDGE('',*,*,#4633,.F.);
#6136=ORIENTED_EDGE('',*,*,#4634,.F.);
#6137=ORIENTED_EDGE('',*,*,#4635,.F.);
#6138=ORIENTED_EDGE('',*,*,#4636,.F.);
#6139=ORIENTED_EDGE('',*,*,#4637,.F.);
#6140=ORIENTED_EDGE('',*,*,#4638,.F.);
#6141=ORIENTED_EDGE('',*,*,#4639,.F.);
#6142=ORIENTED_EDGE('',*,*,#4640,.F.);
#6143=ORIENTED_EDGE('',*,*,#4641,.F.);
#6144=ORIENTED_EDGE('',*,*,#4642,.F.);
#6145=ORIENTED_EDGE('',*,*,#4643,.F.);
#6146=ORIENTED_EDGE('',*,*,#4644,.T.);
#6147=ORIENTED_EDGE('',*,*,#4645,.T.);
#6148=ORIENTED_EDGE('',*,*,#4646,.T.);
#6149=ORIENTED_EDGE('',*,*,#4647,.T.);
#6150=ORIENTED_EDGE('',*,*,#4648,.T.);
#6151=ORIENTED_EDGE('',*,*,#4649,.T.);
#6152=ORIENTED_EDGE('',*,*,#4650,.T.);
#6153=ORIENTED_EDGE('',*,*,#4651,.T.);
#6154=ORIENTED_EDGE('',*,*,#4652,.T.);
#6155=ORIENTED_EDGE('',*,*,#4653,.T.);
#6156=ORIENTED_EDGE('',*,*,#4654,.T.);
#6157=ORIENTED_EDGE('',*,*,#4655,.T.);
#6158=ORIENTED_EDGE('',*,*,#4656,.T.);
#6159=ORIENTED_EDGE('',*,*,#4657,.T.);
#6160=ORIENTED_EDGE('',*,*,#4658,.T.);
#6161=ORIENTED_EDGE('',*,*,#4659,.T.);
#6162=ORIENTED_EDGE('',*,*,#4660,.T.);
#6163=ORIENTED_EDGE('',*,*,#4661,.T.);
#6164=ORIENTED_EDGE('',*,*,#4662,.T.);
#6165=ORIENTED_EDGE('',*,*,#4663,.T.);
#6166=ORIENTED_EDGE('',*,*,#4664,.T.);
#6167=ORIENTED_EDGE('',*,*,#4665,.T.);
#6168=ORIENTED_EDGE('',*,*,#4666,.T.);
#6169=ORIENTED_EDGE('',*,*,#4667,.T.);
#6170=ORIENTED_EDGE('',*,*,#4668,.T.);
#6171=ORIENTED_EDGE('',*,*,#4669,.T.);
#6172=ORIENTED_EDGE('',*,*,#4670,.T.);
#6173=ORIENTED_EDGE('',*,*,#4671,.F.);
#6174=ORIENTED_EDGE('',*,*,#4672,.F.);
#6175=ORIENTED_EDGE('',*,*,#4673,.F.);
#6176=ORIENTED_EDGE('',*,*,#4674,.F.);
#6177=ORIENTED_EDGE('',*,*,#4675,.F.);
#6178=ORIENTED_EDGE('',*,*,#4676,.F.);
#6179=ORIENTED_EDGE('',*,*,#4677,.F.);
#6180=ORIENTED_EDGE('',*,*,#4678,.F.);
#6181=ORIENTED_EDGE('',*,*,#4679,.F.);
#6182=ORIENTED_EDGE('',*,*,#4680,.F.);
#6183=ORIENTED_EDGE('',*,*,#4681,.F.);
#6184=ORIENTED_EDGE('',*,*,#4682,.F.);
#6185=ORIENTED_EDGE('',*,*,#4683,.F.);
#6186=ORIENTED_EDGE('',*,*,#4684,.F.);
#6187=ORIENTED_EDGE('',*,*,#4685,.F.);
#6188=ORIENTED_EDGE('',*,*,#4686,.F.);
#6189=ORIENTED_EDGE('',*,*,#4687,.F.);
#6190=ORIENTED_EDGE('',*,*,#4688,.F.);
#6191=ORIENTED_EDGE('',*,*,#4689,.F.);
#6192=ORIENTED_EDGE('',*,*,#4690,.F.);
#6193=ORIENTED_EDGE('',*,*,#4691,.F.);
#6194=ORIENTED_EDGE('',*,*,#4692,.F.);
#6195=ORIENTED_EDGE('',*,*,#4693,.F.);
#6196=ORIENTED_EDGE('',*,*,#4694,.F.);
#6197=ORIENTED_EDGE('',*,*,#4695,.F.);
#6198=ORIENTED_EDGE('',*,*,#4696,.F.);
#6199=ORIENTED_EDGE('',*,*,#4214,.F.);
#6200=ORIENTED_EDGE('',*,*,#4697,.F.);
#6201=ORIENTED_EDGE('',*,*,#4698,.F.);
#6202=ORIENTED_EDGE('',*,*,#4699,.F.);
#6203=ORIENTED_EDGE('',*,*,#4700,.F.);
#6204=ORIENTED_EDGE('',*,*,#4701,.F.);
#6205=ORIENTED_EDGE('',*,*,#4702,.T.);
#6206=ORIENTED_EDGE('',*,*,#4703,.F.);
#6207=ORIENTED_EDGE('',*,*,#4204,.T.);
#6208=ORIENTED_EDGE('',*,*,#4704,.F.);
#6209=ORIENTED_EDGE('',*,*,#4206,.F.);
#6210=ORIENTED_EDGE('',*,*,#4705,.F.);
#6211=ORIENTED_EDGE('',*,*,#4706,.F.);
#6212=ORIENTED_EDGE('',*,*,#4707,.F.);
#6213=ORIENTED_EDGE('',*,*,#4207,.F.);
#6214=ORIENTED_EDGE('',*,*,#4708,.F.);
#6215=ORIENTED_EDGE('',*,*,#4709,.F.);
#6216=ORIENTED_EDGE('',*,*,#4710,.F.);
#6217=ORIENTED_EDGE('',*,*,#4711,.T.);
#6218=ORIENTED_EDGE('',*,*,#4712,.F.);
#6219=ORIENTED_EDGE('',*,*,#4713,.F.);
#6220=ORIENTED_EDGE('',*,*,#4210,.F.);
#6221=ORIENTED_EDGE('',*,*,#4714,.F.);
#6222=ORIENTED_EDGE('',*,*,#4715,.F.);
#6223=ORIENTED_EDGE('',*,*,#4212,.T.);
#6224=ORIENTED_EDGE('',*,*,#4716,.F.);
#6225=ORIENTED_EDGE('',*,*,#4717,.F.);
#6226=ORIENTED_EDGE('',*,*,#4718,.F.);
#6227=ORIENTED_EDGE('',*,*,#4719,.F.);
#6228=ORIENTED_EDGE('',*,*,#4720,.F.);
#6229=ORIENTED_EDGE('',*,*,#4721,.F.);
#6230=ORIENTED_EDGE('',*,*,#4722,.F.);
#6231=ORIENTED_EDGE('',*,*,#4723,.F.);
#6232=ORIENTED_EDGE('',*,*,#4724,.F.);
#6233=ORIENTED_EDGE('',*,*,#4725,.F.);
#6234=ORIENTED_EDGE('',*,*,#4726,.F.);
#6235=ORIENTED_EDGE('',*,*,#4727,.F.);
#6236=ORIENTED_EDGE('',*,*,#4728,.F.);
#6237=ORIENTED_EDGE('',*,*,#4729,.F.);
#6238=ORIENTED_EDGE('',*,*,#4730,.F.);
#6239=ORIENTED_EDGE('',*,*,#4731,.F.);
#6240=ORIENTED_EDGE('',*,*,#4732,.F.);
#6241=ORIENTED_EDGE('',*,*,#4733,.F.);
#6242=ORIENTED_EDGE('',*,*,#4734,.T.);
#6243=ORIENTED_EDGE('',*,*,#4735,.T.);
#6244=ORIENTED_EDGE('',*,*,#4736,.T.);
#6245=ORIENTED_EDGE('',*,*,#4737,.T.);
#6246=ORIENTED_EDGE('',*,*,#4738,.T.);
#6247=ORIENTED_EDGE('',*,*,#4739,.T.);
#6248=ORIENTED_EDGE('',*,*,#4740,.T.);
#6249=ORIENTED_EDGE('',*,*,#4741,.T.);
#6250=ORIENTED_EDGE('',*,*,#4742,.T.);
#6251=ORIENTED_EDGE('',*,*,#4743,.T.);
#6252=ORIENTED_EDGE('',*,*,#4744,.T.);
#6253=ORIENTED_EDGE('',*,*,#4745,.T.);
#6254=ORIENTED_EDGE('',*,*,#4746,.T.);
#6255=ORIENTED_EDGE('',*,*,#4747,.T.);
#6256=ORIENTED_EDGE('',*,*,#4748,.T.);
#6257=ORIENTED_EDGE('',*,*,#4749,.T.);
#6258=ORIENTED_EDGE('',*,*,#4750,.T.);
#6259=ORIENTED_EDGE('',*,*,#4751,.T.);
#6260=ORIENTED_EDGE('',*,*,#4752,.T.);
#6261=ORIENTED_EDGE('',*,*,#4753,.T.);
#6262=ORIENTED_EDGE('',*,*,#4754,.T.);
#6263=ORIENTED_EDGE('',*,*,#4755,.T.);
#6264=ORIENTED_EDGE('',*,*,#4756,.T.);
#6265=ORIENTED_EDGE('',*,*,#4757,.T.);
#6266=ORIENTED_EDGE('',*,*,#4758,.T.);
#6267=ORIENTED_EDGE('',*,*,#4759,.T.);
#6268=ORIENTED_EDGE('',*,*,#4760,.T.);
#6269=ORIENTED_EDGE('',*,*,#4761,.T.);
#6270=ORIENTED_EDGE('',*,*,#4762,.T.);
#6271=ORIENTED_EDGE('',*,*,#4763,.T.);
#6272=ORIENTED_EDGE('',*,*,#4764,.F.);
#6273=ORIENTED_EDGE('',*,*,#4765,.F.);
#6274=ORIENTED_EDGE('',*,*,#4766,.F.);
#6275=ORIENTED_EDGE('',*,*,#4767,.F.);
#6276=ORIENTED_EDGE('',*,*,#4768,.F.);
#6277=ORIENTED_EDGE('',*,*,#4769,.F.);
#6278=ORIENTED_EDGE('',*,*,#4770,.F.);
#6279=ORIENTED_EDGE('',*,*,#4771,.F.);
#6280=ORIENTED_EDGE('',*,*,#4772,.F.);
#6281=ORIENTED_EDGE('',*,*,#4773,.F.);
#6282=ORIENTED_EDGE('',*,*,#4774,.F.);
#6283=ORIENTED_EDGE('',*,*,#4775,.F.);
#6284=ORIENTED_EDGE('',*,*,#4776,.F.);
#6285=ORIENTED_EDGE('',*,*,#4777,.F.);
#6286=ORIENTED_EDGE('',*,*,#4778,.F.);
#6287=ORIENTED_EDGE('',*,*,#4779,.F.);
#6288=ORIENTED_EDGE('',*,*,#4780,.F.);
#6289=ORIENTED_EDGE('',*,*,#4781,.F.);
#6290=ORIENTED_EDGE('',*,*,#4782,.F.);
#6291=ORIENTED_EDGE('',*,*,#4783,.F.);
#6292=ORIENTED_EDGE('',*,*,#4784,.F.);
#6293=ORIENTED_EDGE('',*,*,#4785,.F.);
#6294=ORIENTED_EDGE('',*,*,#4786,.F.);
#6295=ORIENTED_EDGE('',*,*,#4787,.F.);
#6296=ORIENTED_EDGE('',*,*,#4788,.F.);
#6297=ORIENTED_EDGE('',*,*,#4789,.F.);
#6298=ORIENTED_EDGE('',*,*,#4790,.F.);
#6299=ORIENTED_EDGE('',*,*,#4791,.F.);
#6300=ORIENTED_EDGE('',*,*,#4792,.F.);
#6301=ORIENTED_EDGE('',*,*,#4793,.F.);
#6302=ORIENTED_EDGE('',*,*,#4794,.F.);
#6303=ORIENTED_EDGE('',*,*,#4795,.F.);
#6304=ORIENTED_EDGE('',*,*,#4796,.F.);
#6305=ORIENTED_EDGE('',*,*,#4797,.F.);
#6306=ORIENTED_EDGE('',*,*,#4798,.F.);
#6307=ORIENTED_EDGE('',*,*,#4799,.F.);
#6308=ORIENTED_EDGE('',*,*,#4800,.F.);
#6309=ORIENTED_EDGE('',*,*,#4801,.F.);
#6310=ORIENTED_EDGE('',*,*,#4802,.F.);
#6311=ORIENTED_EDGE('',*,*,#4803,.F.);
#6312=ORIENTED_EDGE('',*,*,#4804,.F.);
#6313=ORIENTED_EDGE('',*,*,#4805,.F.);
#6314=ORIENTED_EDGE('',*,*,#4806,.F.);
#6315=ORIENTED_EDGE('',*,*,#4807,.F.);
#6316=ORIENTED_EDGE('',*,*,#4808,.F.);
#6317=ORIENTED_EDGE('',*,*,#4809,.F.);
#6318=ORIENTED_EDGE('',*,*,#4810,.F.);
#6319=ORIENTED_EDGE('',*,*,#4811,.F.);
#6320=ORIENTED_EDGE('',*,*,#4812,.F.);
#6321=ORIENTED_EDGE('',*,*,#4813,.F.);
#6322=ORIENTED_EDGE('',*,*,#4814,.F.);
#6323=ORIENTED_EDGE('',*,*,#4815,.F.);
#6324=ORIENTED_EDGE('',*,*,#4816,.F.);
#6325=ORIENTED_EDGE('',*,*,#4817,.F.);
#6326=ORIENTED_EDGE('',*,*,#4818,.F.);
#6327=ORIENTED_EDGE('',*,*,#4819,.F.);
#6328=ORIENTED_EDGE('',*,*,#4820,.F.);
#6329=ORIENTED_EDGE('',*,*,#4821,.F.);
#6330=ORIENTED_EDGE('',*,*,#4822,.F.);
#6331=ORIENTED_EDGE('',*,*,#4823,.F.);
#6332=ORIENTED_EDGE('',*,*,#4824,.F.);
#6333=ORIENTED_EDGE('',*,*,#4825,.F.);
#6334=ORIENTED_EDGE('',*,*,#4826,.F.);
#6335=ORIENTED_EDGE('',*,*,#4827,.F.);
#6336=ORIENTED_EDGE('',*,*,#4828,.F.);
#6337=ORIENTED_EDGE('',*,*,#4829,.F.);
#6338=ORIENTED_EDGE('',*,*,#4830,.F.);
#6339=ORIENTED_EDGE('',*,*,#4831,.F.);
#6340=ORIENTED_EDGE('',*,*,#4832,.F.);
#6341=ORIENTED_EDGE('',*,*,#4833,.F.);
#6342=ORIENTED_EDGE('',*,*,#4834,.F.);
#6343=ORIENTED_EDGE('',*,*,#4835,.F.);
#6344=ORIENTED_EDGE('',*,*,#4836,.F.);
#6345=ORIENTED_EDGE('',*,*,#4837,.F.);
#6346=ORIENTED_EDGE('',*,*,#4216,.F.);
#6347=ORIENTED_EDGE('',*,*,#4218,.F.);
#6348=ORIENTED_EDGE('',*,*,#4838,.F.);
#6349=ORIENTED_EDGE('',*,*,#4839,.F.);
#6350=ORIENTED_EDGE('',*,*,#4840,.F.);
#6351=ORIENTED_EDGE('',*,*,#4841,.F.);
#6352=ORIENTED_EDGE('',*,*,#4842,.F.);
#6353=ORIENTED_EDGE('',*,*,#4843,.F.);
#6354=ORIENTED_EDGE('',*,*,#4844,.F.);
#6355=ORIENTED_EDGE('',*,*,#4845,.F.);
#6356=ORIENTED_EDGE('',*,*,#4846,.F.);
#6357=ORIENTED_EDGE('',*,*,#4847,.F.);
#6358=ORIENTED_EDGE('',*,*,#4848,.F.);
#6359=ORIENTED_EDGE('',*,*,#4849,.F.);
#6360=ORIENTED_EDGE('',*,*,#4850,.F.);
#6361=ORIENTED_EDGE('',*,*,#4851,.F.);
#6362=ORIENTED_EDGE('',*,*,#4852,.F.);
#6363=ORIENTED_EDGE('',*,*,#4853,.F.);
#6364=ORIENTED_EDGE('',*,*,#4854,.F.);
#6365=ORIENTED_EDGE('',*,*,#4855,.F.);
#6366=ORIENTED_EDGE('',*,*,#4856,.F.);
#6367=ORIENTED_EDGE('',*,*,#4857,.F.);
#6368=ORIENTED_EDGE('',*,*,#4858,.F.);
#6369=ORIENTED_EDGE('',*,*,#4859,.F.);
#6370=ORIENTED_EDGE('',*,*,#4860,.F.);
#6371=ORIENTED_EDGE('',*,*,#4861,.F.);
#6372=ORIENTED_EDGE('',*,*,#4862,.F.);
#6373=ORIENTED_EDGE('',*,*,#4863,.F.);
#6374=ORIENTED_EDGE('',*,*,#4864,.F.);
#6375=ORIENTED_EDGE('',*,*,#4865,.F.);
#6376=ORIENTED_EDGE('',*,*,#4866,.F.);
#6377=ORIENTED_EDGE('',*,*,#4867,.F.);
#6378=ORIENTED_EDGE('',*,*,#4868,.F.);
#6379=ORIENTED_EDGE('',*,*,#4869,.F.);
#6380=ORIENTED_EDGE('',*,*,#4870,.F.);
#6381=ORIENTED_EDGE('',*,*,#4871,.F.);
#6382=ORIENTED_EDGE('',*,*,#4872,.F.);
#6383=ORIENTED_EDGE('',*,*,#4873,.F.);
#6384=ORIENTED_EDGE('',*,*,#4874,.F.);
#6385=ORIENTED_EDGE('',*,*,#4875,.F.);
#6386=ORIENTED_EDGE('',*,*,#4876,.F.);
#6387=ORIENTED_EDGE('',*,*,#4877,.F.);
#6388=ORIENTED_EDGE('',*,*,#4878,.F.);
#6389=ORIENTED_EDGE('',*,*,#4879,.F.);
#6390=ORIENTED_EDGE('',*,*,#4880,.F.);
#6391=ORIENTED_EDGE('',*,*,#4881,.F.);
#6392=ORIENTED_EDGE('',*,*,#4882,.F.);
#6393=ORIENTED_EDGE('',*,*,#4883,.F.);
#6394=ORIENTED_EDGE('',*,*,#4884,.F.);
#6395=ORIENTED_EDGE('',*,*,#4885,.F.);
#6396=ORIENTED_EDGE('',*,*,#4886,.F.);
#6397=ORIENTED_EDGE('',*,*,#4887,.F.);
#6398=ORIENTED_EDGE('',*,*,#4888,.F.);
#6399=ORIENTED_EDGE('',*,*,#4889,.F.);
#6400=ORIENTED_EDGE('',*,*,#4890,.F.);
#6401=ORIENTED_EDGE('',*,*,#4891,.F.);
#6402=ORIENTED_EDGE('',*,*,#4892,.F.);
#6403=ORIENTED_EDGE('',*,*,#4893,.F.);
#6404=ORIENTED_EDGE('',*,*,#4894,.F.);
#6405=ORIENTED_EDGE('',*,*,#4895,.F.);
#6406=ORIENTED_EDGE('',*,*,#4896,.F.);
#6407=ORIENTED_EDGE('',*,*,#4897,.F.);
#6408=ORIENTED_EDGE('',*,*,#4898,.F.);
#6409=ORIENTED_EDGE('',*,*,#4899,.F.);
#6410=ORIENTED_EDGE('',*,*,#4900,.F.);
#6411=ORIENTED_EDGE('',*,*,#4901,.F.);
#6412=ORIENTED_EDGE('',*,*,#4902,.F.);
#6413=ORIENTED_EDGE('',*,*,#4903,.F.);
#6414=ORIENTED_EDGE('',*,*,#4904,.F.);
#6415=ORIENTED_EDGE('',*,*,#4905,.F.);
#6416=ORIENTED_EDGE('',*,*,#4906,.F.);
#6417=ORIENTED_EDGE('',*,*,#4907,.F.);
#6418=ORIENTED_EDGE('',*,*,#4908,.F.);
#6419=ORIENTED_EDGE('',*,*,#4909,.F.);
#6420=ORIENTED_EDGE('',*,*,#4910,.F.);
#6421=ORIENTED_EDGE('',*,*,#4911,.F.);
#6422=ORIENTED_EDGE('',*,*,#4912,.F.);
#6423=ORIENTED_EDGE('',*,*,#4913,.F.);
#6424=ORIENTED_EDGE('',*,*,#4914,.F.);
#6425=ORIENTED_EDGE('',*,*,#4915,.F.);
#6426=ORIENTED_EDGE('',*,*,#4916,.F.);
#6427=ORIENTED_EDGE('',*,*,#4917,.F.);
#6428=ORIENTED_EDGE('',*,*,#4918,.F.);
#6429=ORIENTED_EDGE('',*,*,#4919,.F.);
#6430=ORIENTED_EDGE('',*,*,#4920,.F.);
#6431=ORIENTED_EDGE('',*,*,#4921,.F.);
#6432=ORIENTED_EDGE('',*,*,#4922,.F.);
#6433=ORIENTED_EDGE('',*,*,#4923,.F.);
#6434=ORIENTED_EDGE('',*,*,#4924,.F.);
#6435=ORIENTED_EDGE('',*,*,#4925,.F.);
#6436=ORIENTED_EDGE('',*,*,#4926,.F.);
#6437=ORIENTED_EDGE('',*,*,#4927,.F.);
#6438=ORIENTED_EDGE('',*,*,#4928,.F.);
#6439=ORIENTED_EDGE('',*,*,#4929,.F.);
#6440=ORIENTED_EDGE('',*,*,#4930,.F.);
#6441=ORIENTED_EDGE('',*,*,#4931,.F.);
#6442=ORIENTED_EDGE('',*,*,#4932,.F.);
#6443=ORIENTED_EDGE('',*,*,#4933,.F.);
#6444=ORIENTED_EDGE('',*,*,#4934,.F.);
#6445=ORIENTED_EDGE('',*,*,#4935,.F.);
#6446=ORIENTED_EDGE('',*,*,#4936,.F.);
#6447=ORIENTED_EDGE('',*,*,#4937,.F.);
#6448=ORIENTED_EDGE('',*,*,#4938,.F.);
#6449=ORIENTED_EDGE('',*,*,#4939,.F.);
#6450=ORIENTED_EDGE('',*,*,#4940,.F.);
#6451=ORIENTED_EDGE('',*,*,#4941,.F.);
#6452=ORIENTED_EDGE('',*,*,#4942,.F.);
#6453=ORIENTED_EDGE('',*,*,#4943,.F.);
#6454=ORIENTED_EDGE('',*,*,#4944,.F.);
#6455=ORIENTED_EDGE('',*,*,#4945,.F.);
#6456=ORIENTED_EDGE('',*,*,#4946,.F.);
#6457=ORIENTED_EDGE('',*,*,#4947,.F.);
#6458=ORIENTED_EDGE('',*,*,#4948,.F.);
#6459=ORIENTED_EDGE('',*,*,#4949,.F.);
#6460=ORIENTED_EDGE('',*,*,#4950,.F.);
#6461=ORIENTED_EDGE('',*,*,#4951,.F.);
#6462=ORIENTED_EDGE('',*,*,#4952,.F.);
#6463=ORIENTED_EDGE('',*,*,#4953,.F.);
#6464=ORIENTED_EDGE('',*,*,#4954,.F.);
#6465=ORIENTED_EDGE('',*,*,#4222,.F.);
#6466=ORIENTED_EDGE('',*,*,#4955,.F.);
#6467=ORIENTED_EDGE('',*,*,#4219,.T.);
#6468=ORIENTED_EDGE('',*,*,#4956,.F.);
#6469=ORIENTED_EDGE('',*,*,#4228,.F.);
#6470=ORIENTED_EDGE('',*,*,#4957,.F.);
#6471=ORIENTED_EDGE('',*,*,#4223,.T.);
#6472=ORIENTED_EDGE('',*,*,#4958,.F.);
#6473=ORIENTED_EDGE('',*,*,#4226,.F.);
#6474=ORIENTED_EDGE('',*,*,#4959,.F.);
#6475=ORIENTED_EDGE('',*,*,#4960,.F.);
#6476=ORIENTED_EDGE('',*,*,#4961,.F.);
#6477=ORIENTED_EDGE('',*,*,#4962,.T.);
#6478=ORIENTED_EDGE('',*,*,#4963,.T.);
#6479=ORIENTED_EDGE('',*,*,#4964,.F.);
#6480=ORIENTED_EDGE('',*,*,#4965,.F.);
#6481=ORIENTED_EDGE('',*,*,#4966,.T.);
#6482=ORIENTED_EDGE('',*,*,#4967,.T.);
#6483=ORIENTED_EDGE('',*,*,#4968,.T.);
#6484=ORIENTED_EDGE('',*,*,#4239,.F.);
#6485=ORIENTED_EDGE('',*,*,#4337,.F.);
#6486=ORIENTED_EDGE('',*,*,#4969,.T.);
#6487=ORIENTED_EDGE('',*,*,#4970,.T.);
#6488=ORIENTED_EDGE('',*,*,#4285,.T.);
#6489=ORIENTED_EDGE('',*,*,#4971,.F.);
#6490=ORIENTED_EDGE('',*,*,#4289,.F.);
#6491=ORIENTED_EDGE('',*,*,#4972,.F.);
#6492=ORIENTED_EDGE('',*,*,#4279,.F.);
#6493=ORIENTED_EDGE('',*,*,#4973,.F.);
#6494=ORIENTED_EDGE('',*,*,#4283,.T.);
#6495=ORIENTED_EDGE('',*,*,#4974,.T.);
#6496=ORIENTED_EDGE('',*,*,#4975,.F.);
#6497=ORIENTED_EDGE('',*,*,#4323,.F.);
#6498=ORIENTED_EDGE('',*,*,#4233,.F.);
#6499=ORIENTED_EDGE('',*,*,#4976,.T.);
#6500=ORIENTED_EDGE('',*,*,#4229,.T.);
#6501=ORIENTED_EDGE('',*,*,#4977,.T.);
#6502=ORIENTED_EDGE('',*,*,#4243,.T.);
#6503=ORIENTED_EDGE('',*,*,#4978,.T.);
#6504=ORIENTED_EDGE('',*,*,#4979,.T.);
#6505=ORIENTED_EDGE('',*,*,#4263,.T.);
#6506=ORIENTED_EDGE('',*,*,#4980,.F.);
#6507=ORIENTED_EDGE('',*,*,#4267,.F.);
#6508=ORIENTED_EDGE('',*,*,#4981,.F.);
#6509=ORIENTED_EDGE('',*,*,#4269,.F.);
#6510=ORIENTED_EDGE('',*,*,#4982,.F.);
#6511=ORIENTED_EDGE('',*,*,#4273,.T.);
#6512=ORIENTED_EDGE('',*,*,#4983,.T.);
#6513=ORIENTED_EDGE('',*,*,#4984,.F.);
#6514=ORIENTED_EDGE('',*,*,#4331,.F.);
#6515=ORIENTED_EDGE('',*,*,#4259,.F.);
#6516=ORIENTED_EDGE('',*,*,#4985,.T.);
#6517=ORIENTED_EDGE('',*,*,#4255,.T.);
#6518=ORIENTED_EDGE('',*,*,#4986,.T.);
#6519=ORIENTED_EDGE('',*,*,#4249,.T.);
#6520=ORIENTED_EDGE('',*,*,#4987,.T.);
#6521=ORIENTED_EDGE('',*,*,#4245,.F.);
#6522=ORIENTED_EDGE('',*,*,#4329,.F.);
#6523=ORIENTED_EDGE('',*,*,#4322,.T.);
#6524=ORIENTED_EDGE('',*,*,#4307,.T.);
#6525=ORIENTED_EDGE('',*,*,#4988,.F.);
#6526=ORIENTED_EDGE('',*,*,#4989,.F.);
#6527=ORIENTED_EDGE('',*,*,#4990,.F.);
#6528=ORIENTED_EDGE('',*,*,#4991,.F.);
#6529=ORIENTED_EDGE('',*,*,#4992,.F.);
#6530=ORIENTED_EDGE('',*,*,#4993,.F.);
#6531=ORIENTED_EDGE('',*,*,#4994,.F.);
#6532=ORIENTED_EDGE('',*,*,#4995,.F.);
#6533=ORIENTED_EDGE('',*,*,#4996,.F.);
#6534=ORIENTED_EDGE('',*,*,#4997,.F.);
#6535=ORIENTED_EDGE('',*,*,#4998,.F.);
#6536=ORIENTED_EDGE('',*,*,#4999,.F.);
#6537=ORIENTED_EDGE('',*,*,#5000,.F.);
#6538=ORIENTED_EDGE('',*,*,#5001,.F.);
#6539=ORIENTED_EDGE('',*,*,#5002,.F.);
#6540=ORIENTED_EDGE('',*,*,#5003,.F.);
#6541=ORIENTED_EDGE('',*,*,#5004,.F.);
#6542=ORIENTED_EDGE('',*,*,#5005,.F.);
#6543=ORIENTED_EDGE('',*,*,#5006,.F.);
#6544=ORIENTED_EDGE('',*,*,#5007,.F.);
#6545=ORIENTED_EDGE('',*,*,#5008,.F.);
#6546=ORIENTED_EDGE('',*,*,#5009,.F.);
#6547=ORIENTED_EDGE('',*,*,#5010,.F.);
#6548=ORIENTED_EDGE('',*,*,#5011,.F.);
#6549=ORIENTED_EDGE('',*,*,#5012,.F.);
#6550=ORIENTED_EDGE('',*,*,#5013,.F.);
#6551=ORIENTED_EDGE('',*,*,#5014,.F.);
#6552=ORIENTED_EDGE('',*,*,#5015,.F.);
#6553=ORIENTED_EDGE('',*,*,#5016,.F.);
#6554=ORIENTED_EDGE('',*,*,#5017,.F.);
#6555=ORIENTED_EDGE('',*,*,#5018,.F.);
#6556=ORIENTED_EDGE('',*,*,#5019,.F.);
#6557=ORIENTED_EDGE('',*,*,#5020,.F.);
#6558=ORIENTED_EDGE('',*,*,#5021,.F.);
#6559=ORIENTED_EDGE('',*,*,#4962,.F.);
#6560=ORIENTED_EDGE('',*,*,#5022,.F.);
#6561=ORIENTED_EDGE('',*,*,#5001,.T.);
#6562=ORIENTED_EDGE('',*,*,#5023,.T.);
#6563=ORIENTED_EDGE('',*,*,#5024,.F.);
#6564=ORIENTED_EDGE('',*,*,#5025,.F.);
#6565=ORIENTED_EDGE('',*,*,#5026,.F.);
#6566=ORIENTED_EDGE('',*,*,#5027,.T.);
#6567=ORIENTED_EDGE('',*,*,#5028,.F.);
#6568=ORIENTED_EDGE('',*,*,#5029,.T.);
#6569=ORIENTED_EDGE('',*,*,#5030,.F.);
#6570=ORIENTED_EDGE('',*,*,#5031,.T.);
#6571=ORIENTED_EDGE('',*,*,#5022,.T.);
#6572=ORIENTED_EDGE('',*,*,#4961,.T.);
#6573=ORIENTED_EDGE('',*,*,#5032,.F.);
#6574=ORIENTED_EDGE('',*,*,#4963,.F.);
#6575=ORIENTED_EDGE('',*,*,#5021,.T.);
#6576=ORIENTED_EDGE('',*,*,#5033,.T.);
#6577=ORIENTED_EDGE('',*,*,#5034,.F.);
#6578=ORIENTED_EDGE('',*,*,#5035,.F.);
#6579=ORIENTED_EDGE('',*,*,#5036,.F.);
#6580=ORIENTED_EDGE('',*,*,#5037,.T.);
#6581=ORIENTED_EDGE('',*,*,#5038,.F.);
#6582=ORIENTED_EDGE('',*,*,#5039,.T.);
#6583=ORIENTED_EDGE('',*,*,#4999,.T.);
#6584=ORIENTED_EDGE('',*,*,#5040,.T.);
#6585=ORIENTED_EDGE('',*,*,#5041,.F.);
#6586=ORIENTED_EDGE('',*,*,#5042,.T.);
#6587=ORIENTED_EDGE('',*,*,#5043,.F.);
#6588=ORIENTED_EDGE('',*,*,#5044,.F.);
#6589=ORIENTED_EDGE('',*,*,#5045,.T.);
#6590=ORIENTED_EDGE('',*,*,#5046,.T.);
#6591=ORIENTED_EDGE('',*,*,#5047,.F.);
#6592=ORIENTED_EDGE('',*,*,#5048,.F.);
#6593=ORIENTED_EDGE('',*,*,#4993,.T.);
#6594=ORIENTED_EDGE('',*,*,#5049,.F.);
#6595=ORIENTED_EDGE('',*,*,#5050,.F.);
#6596=ORIENTED_EDGE('',*,*,#5051,.F.);
#6597=ORIENTED_EDGE('',*,*,#5052,.F.);
#6598=ORIENTED_EDGE('',*,*,#5053,.F.);
#6599=ORIENTED_EDGE('',*,*,#5054,.F.);
#6600=ORIENTED_EDGE('',*,*,#5055,.F.);
#6601=ORIENTED_EDGE('',*,*,#5056,.T.);
#6602=ORIENTED_EDGE('',*,*,#5057,.T.);
#6603=ORIENTED_EDGE('',*,*,#5058,.T.);
#6604=ORIENTED_EDGE('',*,*,#5059,.T.);
#6605=ORIENTED_EDGE('',*,*,#5060,.T.);
#6606=ORIENTED_EDGE('',*,*,#5061,.T.);
#6607=ORIENTED_EDGE('',*,*,#5062,.T.);
#6608=ORIENTED_EDGE('',*,*,#4991,.T.);
#6609=ORIENTED_EDGE('',*,*,#5063,.T.);
#6610=ORIENTED_EDGE('',*,*,#5064,.T.);
#6611=ORIENTED_EDGE('',*,*,#5065,.F.);
#6612=ORIENTED_EDGE('',*,*,#5066,.F.);
#6613=ORIENTED_EDGE('',*,*,#5067,.T.);
#6614=ORIENTED_EDGE('',*,*,#5068,.T.);
#6615=ORIENTED_EDGE('',*,*,#5056,.F.);
#6616=ORIENTED_EDGE('',*,*,#5069,.T.);
#6617=ORIENTED_EDGE('',*,*,#5041,.T.);
#6618=ORIENTED_EDGE('',*,*,#5070,.T.);
#6619=ORIENTED_EDGE('',*,*,#5071,.F.);
#6620=ORIENTED_EDGE('',*,*,#5072,.T.);
#6621=ORIENTED_EDGE('',*,*,#5073,.F.);
#6622=ORIENTED_EDGE('',*,*,#5074,.F.);
#6623=ORIENTED_EDGE('',*,*,#5075,.T.);
#6624=ORIENTED_EDGE('',*,*,#5076,.T.);
#6625=ORIENTED_EDGE('',*,*,#5077,.F.);
#6626=ORIENTED_EDGE('',*,*,#5078,.F.);
#6627=ORIENTED_EDGE('',*,*,#5009,.T.);
#6628=ORIENTED_EDGE('',*,*,#5079,.F.);
#6629=ORIENTED_EDGE('',*,*,#5080,.F.);
#6630=ORIENTED_EDGE('',*,*,#5081,.F.);
#6631=ORIENTED_EDGE('',*,*,#5082,.F.);
#6632=ORIENTED_EDGE('',*,*,#5083,.F.);
#6633=ORIENTED_EDGE('',*,*,#5084,.F.);
#6634=ORIENTED_EDGE('',*,*,#5085,.F.);
#6635=ORIENTED_EDGE('',*,*,#5086,.T.);
#6636=ORIENTED_EDGE('',*,*,#5087,.T.);
#6637=ORIENTED_EDGE('',*,*,#5088,.T.);
#6638=ORIENTED_EDGE('',*,*,#5089,.T.);
#6639=ORIENTED_EDGE('',*,*,#5090,.T.);
#6640=ORIENTED_EDGE('',*,*,#5091,.T.);
#6641=ORIENTED_EDGE('',*,*,#5092,.T.);
#6642=ORIENTED_EDGE('',*,*,#5007,.T.);
#6643=ORIENTED_EDGE('',*,*,#5093,.T.);
#6644=ORIENTED_EDGE('',*,*,#5094,.T.);
#6645=ORIENTED_EDGE('',*,*,#5095,.F.);
#6646=ORIENTED_EDGE('',*,*,#5096,.F.);
#6647=ORIENTED_EDGE('',*,*,#5097,.T.);
#6648=ORIENTED_EDGE('',*,*,#5098,.T.);
#6649=ORIENTED_EDGE('',*,*,#5086,.F.);
#6650=ORIENTED_EDGE('',*,*,#5099,.T.);
#6651=ORIENTED_EDGE('',*,*,#5071,.T.);
#6652=ORIENTED_EDGE('',*,*,#5100,.T.);
#6653=ORIENTED_EDGE('',*,*,#5060,.F.);
#6654=ORIENTED_EDGE('',*,*,#5101,.T.);
#6655=ORIENTED_EDGE('',*,*,#5081,.T.);
#6656=ORIENTED_EDGE('',*,*,#5102,.F.);
#6657=ORIENTED_EDGE('',*,*,#5061,.F.);
#6658=ORIENTED_EDGE('',*,*,#5102,.T.);
#6659=ORIENTED_EDGE('',*,*,#5080,.T.);
#6660=ORIENTED_EDGE('',*,*,#5103,.F.);
#6661=ORIENTED_EDGE('',*,*,#5090,.F.);
#6662=ORIENTED_EDGE('',*,*,#5104,.T.);
#6663=ORIENTED_EDGE('',*,*,#5105,.T.);
#6664=ORIENTED_EDGE('',*,*,#5106,.F.);
#6665=ORIENTED_EDGE('',*,*,#5091,.F.);
#6666=ORIENTED_EDGE('',*,*,#5106,.T.);
#6667=ORIENTED_EDGE('',*,*,#5107,.T.);
#6668=ORIENTED_EDGE('',*,*,#5108,.F.);
#6669=ORIENTED_EDGE('',*,*,#5109,.T.);
#6670=ORIENTED_EDGE('',*,*,#5110,.F.);
#6671=ORIENTED_EDGE('',*,*,#4335,.F.);
#6672=ORIENTED_EDGE('',*,*,#5111,.T.);
#6673=ORIENTED_EDGE('',*,*,#5112,.T.);
#6674=ORIENTED_EDGE('',*,*,#4969,.F.);
#6675=ORIENTED_EDGE('',*,*,#4336,.F.);
#6676=ORIENTED_EDGE('',*,*,#5110,.T.);
#6677=ORIENTED_EDGE('',*,*,#5113,.F.);
#6678=ORIENTED_EDGE('',*,*,#5114,.F.);
#6679=ORIENTED_EDGE('',*,*,#5115,.F.);
#6680=ORIENTED_EDGE('',*,*,#5116,.F.);
#6681=ORIENTED_EDGE('',*,*,#5117,.F.);
#6682=ORIENTED_EDGE('',*,*,#5118,.F.);
#6683=ORIENTED_EDGE('',*,*,#5119,.F.);
#6684=ORIENTED_EDGE('',*,*,#5120,.F.);
#6685=ORIENTED_EDGE('',*,*,#5121,.F.);
#6686=ORIENTED_EDGE('',*,*,#5052,.T.);
#6687=ORIENTED_EDGE('',*,*,#5122,.F.);
#6688=ORIENTED_EDGE('',*,*,#4324,.F.);
#6689=ORIENTED_EDGE('',*,*,#4975,.T.);
#6690=ORIENTED_EDGE('',*,*,#5123,.T.);
#6691=ORIENTED_EDGE('',*,*,#5104,.F.);
#6692=ORIENTED_EDGE('',*,*,#5089,.F.);
#6693=ORIENTED_EDGE('',*,*,#5124,.F.);
#6694=ORIENTED_EDGE('',*,*,#5082,.T.);
#6695=ORIENTED_EDGE('',*,*,#5101,.F.);
#6696=ORIENTED_EDGE('',*,*,#5059,.F.);
#6697=ORIENTED_EDGE('',*,*,#5122,.T.);
#6698=ORIENTED_EDGE('',*,*,#5051,.T.);
#6699=ORIENTED_EDGE('',*,*,#5125,.F.);
#6700=ORIENTED_EDGE('',*,*,#4325,.F.);
#6701=ORIENTED_EDGE('',*,*,#5125,.T.);
#6702=ORIENTED_EDGE('',*,*,#5050,.T.);
#6703=ORIENTED_EDGE('',*,*,#5126,.F.);
#6704=ORIENTED_EDGE('',*,*,#4326,.F.);
#6705=ORIENTED_EDGE('',*,*,#5049,.T.);
#6706=ORIENTED_EDGE('',*,*,#4992,.T.);
#6707=ORIENTED_EDGE('',*,*,#5062,.F.);
#6708=ORIENTED_EDGE('',*,*,#5103,.T.);
#6709=ORIENTED_EDGE('',*,*,#5079,.T.);
#6710=ORIENTED_EDGE('',*,*,#5008,.T.);
#6711=ORIENTED_EDGE('',*,*,#5092,.F.);
#6712=ORIENTED_EDGE('',*,*,#5108,.T.);
#6713=ORIENTED_EDGE('',*,*,#5127,.T.);
#6714=ORIENTED_EDGE('',*,*,#5128,.F.);
#6715=ORIENTED_EDGE('',*,*,#4327,.F.);
#6716=ORIENTED_EDGE('',*,*,#5126,.T.);
#6717=ORIENTED_EDGE('',*,*,#4978,.F.);
#6718=ORIENTED_EDGE('',*,*,#4328,.F.);
#6719=ORIENTED_EDGE('',*,*,#5128,.T.);
#6720=ORIENTED_EDGE('',*,*,#5129,.T.);
#6721=ORIENTED_EDGE('',*,*,#5130,.T.);
#6722=ORIENTED_EDGE('',*,*,#5131,.F.);
#6723=ORIENTED_EDGE('',*,*,#4332,.F.);
#6724=ORIENTED_EDGE('',*,*,#4984,.T.);
#6725=ORIENTED_EDGE('',*,*,#5132,.T.);
#6726=ORIENTED_EDGE('',*,*,#5133,.F.);
#6727=ORIENTED_EDGE('',*,*,#4333,.F.);
#6728=ORIENTED_EDGE('',*,*,#5131,.T.);
#6729=ORIENTED_EDGE('',*,*,#5134,.T.);
#6730=ORIENTED_EDGE('',*,*,#5111,.F.);
#6731=ORIENTED_EDGE('',*,*,#4334,.F.);
#6732=ORIENTED_EDGE('',*,*,#5133,.T.);
#6733=ORIENTED_EDGE('',*,*,#4979,.F.);
#6734=ORIENTED_EDGE('',*,*,#5129,.F.);
#6735=ORIENTED_EDGE('',*,*,#5127,.F.);
#6736=ORIENTED_EDGE('',*,*,#5107,.F.);
#6737=ORIENTED_EDGE('',*,*,#5105,.F.);
#6738=ORIENTED_EDGE('',*,*,#5123,.F.);
#6739=ORIENTED_EDGE('',*,*,#4974,.F.);
#6740=ORIENTED_EDGE('',*,*,#4282,.F.);
#6741=ORIENTED_EDGE('',*,*,#5135,.T.);
#6742=ORIENTED_EDGE('',*,*,#4286,.T.);
#6743=ORIENTED_EDGE('',*,*,#4970,.F.);
#6744=ORIENTED_EDGE('',*,*,#5112,.F.);
#6745=ORIENTED_EDGE('',*,*,#5109,.F.);
#6746=ORIENTED_EDGE('',*,*,#5134,.F.);
#6747=ORIENTED_EDGE('',*,*,#5132,.F.);
#6748=ORIENTED_EDGE('',*,*,#5130,.F.);
#6749=ORIENTED_EDGE('',*,*,#4983,.F.);
#6750=ORIENTED_EDGE('',*,*,#4276,.F.);
#6751=ORIENTED_EDGE('',*,*,#5136,.F.);
#6752=ORIENTED_EDGE('',*,*,#4264,.T.);
#6753=ORIENTED_EDGE('',*,*,#4313,.T.);
#6754=ORIENTED_EDGE('',*,*,#4314,.F.);
#6755=ORIENTED_EDGE('',*,*,#4311,.F.);
#6756=ORIENTED_EDGE('',*,*,#4310,.T.);
#6757=ORIENTED_EDGE('',*,*,#4298,.T.);
#6758=ORIENTED_EDGE('',*,*,#4299,.F.);
#6759=ORIENTED_EDGE('',*,*,#4296,.F.);
#6760=ORIENTED_EDGE('',*,*,#4295,.T.);
#6761=ORIENTED_EDGE('',*,*,#5137,.T.);
#6762=ORIENTED_EDGE('',*,*,#5138,.T.);
#6763=ORIENTED_EDGE('',*,*,#5077,.T.);
#6764=ORIENTED_EDGE('',*,*,#5139,.T.);
#6765=ORIENTED_EDGE('',*,*,#5140,.T.);
#6766=ORIENTED_EDGE('',*,*,#5141,.T.);
#6767=ORIENTED_EDGE('',*,*,#5073,.T.);
#6768=ORIENTED_EDGE('',*,*,#5142,.T.);
#6769=ORIENTED_EDGE('',*,*,#5098,.F.);
#6770=ORIENTED_EDGE('',*,*,#5143,.T.);
#6771=ORIENTED_EDGE('',*,*,#5144,.T.);
#6772=ORIENTED_EDGE('',*,*,#5145,.T.);
#6773=ORIENTED_EDGE('',*,*,#5094,.F.);
#6774=ORIENTED_EDGE('',*,*,#5146,.T.);
#6775=ORIENTED_EDGE('',*,*,#5147,.T.);
#6776=ORIENTED_EDGE('',*,*,#5148,.T.);
#6777=ORIENTED_EDGE('',*,*,#5149,.T.);
#6778=ORIENTED_EDGE('',*,*,#5150,.T.);
#6779=ORIENTED_EDGE('',*,*,#5151,.T.);
#6780=ORIENTED_EDGE('',*,*,#5152,.T.);
#6781=ORIENTED_EDGE('',*,*,#5153,.T.);
#6782=ORIENTED_EDGE('',*,*,#5154,.T.);
#6783=ORIENTED_EDGE('',*,*,#5087,.F.);
#6784=ORIENTED_EDGE('',*,*,#5100,.F.);
#6785=ORIENTED_EDGE('',*,*,#5084,.T.);
#6786=ORIENTED_EDGE('',*,*,#5155,.T.);
#6787=ORIENTED_EDGE('',*,*,#5088,.F.);
#6788=ORIENTED_EDGE('',*,*,#5155,.F.);
#6789=ORIENTED_EDGE('',*,*,#5083,.T.);
#6790=ORIENTED_EDGE('',*,*,#5124,.T.);
#6791=ORIENTED_EDGE('',*,*,#5156,.T.);
#6792=ORIENTED_EDGE('',*,*,#5157,.T.);
#6793=ORIENTED_EDGE('',*,*,#5047,.T.);
#6794=ORIENTED_EDGE('',*,*,#5158,.T.);
#6795=ORIENTED_EDGE('',*,*,#5159,.T.);
#6796=ORIENTED_EDGE('',*,*,#5160,.T.);
#6797=ORIENTED_EDGE('',*,*,#5043,.T.);
#6798=ORIENTED_EDGE('',*,*,#5161,.T.);
#6799=ORIENTED_EDGE('',*,*,#5068,.F.);
#6800=ORIENTED_EDGE('',*,*,#5162,.T.);
#6801=ORIENTED_EDGE('',*,*,#5163,.T.);
#6802=ORIENTED_EDGE('',*,*,#5164,.T.);
#6803=ORIENTED_EDGE('',*,*,#5064,.F.);
#6804=ORIENTED_EDGE('',*,*,#5165,.T.);
#6805=ORIENTED_EDGE('',*,*,#5166,.T.);
#6806=ORIENTED_EDGE('',*,*,#5167,.T.);
#6807=ORIENTED_EDGE('',*,*,#5024,.T.);
#6808=ORIENTED_EDGE('',*,*,#5168,.T.);
#6809=ORIENTED_EDGE('',*,*,#5169,.T.);
#6810=ORIENTED_EDGE('',*,*,#5030,.T.);
#6811=ORIENTED_EDGE('',*,*,#5170,.T.);
#6812=ORIENTED_EDGE('',*,*,#5034,.T.);
#6813=ORIENTED_EDGE('',*,*,#5171,.T.);
#6814=ORIENTED_EDGE('',*,*,#5172,.T.);
#6815=ORIENTED_EDGE('',*,*,#5038,.T.);
#6816=ORIENTED_EDGE('',*,*,#5173,.T.);
#6817=ORIENTED_EDGE('',*,*,#5057,.F.);
#6818=ORIENTED_EDGE('',*,*,#5070,.F.);
#6819=ORIENTED_EDGE('',*,*,#5054,.T.);
#6820=ORIENTED_EDGE('',*,*,#5174,.T.);
#6821=ORIENTED_EDGE('',*,*,#5058,.F.);
#6822=ORIENTED_EDGE('',*,*,#5174,.F.);
#6823=ORIENTED_EDGE('',*,*,#5053,.T.);
#6824=ORIENTED_EDGE('',*,*,#5121,.T.);
#6825=ORIENTED_EDGE('',*,*,#5140,.F.);
#6826=ORIENTED_EDGE('',*,*,#5175,.F.);
#6827=ORIENTED_EDGE('',*,*,#5176,.T.);
#6828=ORIENTED_EDGE('',*,*,#5177,.T.);
#6829=ORIENTED_EDGE('',*,*,#5144,.F.);
#6830=ORIENTED_EDGE('',*,*,#5178,.F.);
#6831=ORIENTED_EDGE('',*,*,#5179,.T.);
#6832=ORIENTED_EDGE('',*,*,#5180,.T.);
#6833=ORIENTED_EDGE('',*,*,#5181,.F.);
#6834=ORIENTED_EDGE('',*,*,#5176,.F.);
#6835=ORIENTED_EDGE('',*,*,#5182,.F.);
#6836=ORIENTED_EDGE('',*,*,#5075,.F.);
#6837=ORIENTED_EDGE('',*,*,#5085,.T.);
#6838=ORIENTED_EDGE('',*,*,#5142,.F.);
#6839=ORIENTED_EDGE('',*,*,#5072,.F.);
#6840=ORIENTED_EDGE('',*,*,#5099,.F.);
#6841=ORIENTED_EDGE('',*,*,#5096,.T.);
#6842=ORIENTED_EDGE('',*,*,#5183,.F.);
#6843=ORIENTED_EDGE('',*,*,#5179,.F.);
#6844=ORIENTED_EDGE('',*,*,#5184,.F.);
#6845=ORIENTED_EDGE('',*,*,#5145,.F.);
#6846=ORIENTED_EDGE('',*,*,#5180,.F.);
#6847=ORIENTED_EDGE('',*,*,#5183,.T.);
#6848=ORIENTED_EDGE('',*,*,#5095,.T.);
#6849=ORIENTED_EDGE('',*,*,#5143,.F.);
#6850=ORIENTED_EDGE('',*,*,#5097,.F.);
#6851=ORIENTED_EDGE('',*,*,#5184,.T.);
#6852=ORIENTED_EDGE('',*,*,#5178,.T.);
#6853=ORIENTED_EDGE('',*,*,#5141,.F.);
#6854=ORIENTED_EDGE('',*,*,#5177,.F.);
#6855=ORIENTED_EDGE('',*,*,#5181,.T.);
#6856=ORIENTED_EDGE('',*,*,#5074,.T.);
#6857=ORIENTED_EDGE('',*,*,#5139,.F.);
#6858=ORIENTED_EDGE('',*,*,#5076,.F.);
#6859=ORIENTED_EDGE('',*,*,#5182,.T.);
#6860=ORIENTED_EDGE('',*,*,#5175,.T.);
#6861=ORIENTED_EDGE('',*,*,#5185,.T.);
#6862=ORIENTED_EDGE('',*,*,#5147,.F.);
#6863=ORIENTED_EDGE('',*,*,#5186,.F.);
#6864=ORIENTED_EDGE('',*,*,#5005,.T.);
#6865=ORIENTED_EDGE('',*,*,#5187,.F.);
#6866=ORIENTED_EDGE('',*,*,#5188,.T.);
#6867=ORIENTED_EDGE('',*,*,#5189,.T.);
#6868=ORIENTED_EDGE('',*,*,#5019,.T.);
#6869=ORIENTED_EDGE('',*,*,#5148,.F.);
#6870=ORIENTED_EDGE('',*,*,#5185,.F.);
#6871=ORIENTED_EDGE('',*,*,#5018,.T.);
#6872=ORIENTED_EDGE('',*,*,#5190,.T.);
#6873=ORIENTED_EDGE('',*,*,#5149,.F.);
#6874=ORIENTED_EDGE('',*,*,#5190,.F.);
#6875=ORIENTED_EDGE('',*,*,#5017,.T.);
#6876=ORIENTED_EDGE('',*,*,#5191,.T.);
#6877=ORIENTED_EDGE('',*,*,#5192,.F.);
#6878=ORIENTED_EDGE('',*,*,#5193,.T.);
#6879=ORIENTED_EDGE('',*,*,#5194,.F.);
#6880=ORIENTED_EDGE('',*,*,#5195,.T.);
#6881=ORIENTED_EDGE('',*,*,#5150,.F.);
#6882=ORIENTED_EDGE('',*,*,#5191,.F.);
#6883=ORIENTED_EDGE('',*,*,#5196,.F.);
#6884=ORIENTED_EDGE('',*,*,#5197,.T.);
#6885=ORIENTED_EDGE('',*,*,#4965,.T.);
#6886=ORIENTED_EDGE('',*,*,#5198,.F.);
#6887=ORIENTED_EDGE('',*,*,#5199,.T.);
#6888=ORIENTED_EDGE('',*,*,#5151,.F.);
#6889=ORIENTED_EDGE('',*,*,#5195,.F.);
#6890=ORIENTED_EDGE('',*,*,#5200,.F.);
#6891=ORIENTED_EDGE('',*,*,#4967,.F.);
#6892=ORIENTED_EDGE('',*,*,#5201,.T.);
#6893=ORIENTED_EDGE('',*,*,#5202,.T.);
#6894=ORIENTED_EDGE('',*,*,#5203,.T.);
#6895=ORIENTED_EDGE('',*,*,#5152,.F.);
#6896=ORIENTED_EDGE('',*,*,#5199,.F.);
#6897=ORIENTED_EDGE('',*,*,#5204,.F.);
#6898=ORIENTED_EDGE('',*,*,#5205,.T.);
#6899=ORIENTED_EDGE('',*,*,#5153,.F.);
#6900=ORIENTED_EDGE('',*,*,#5203,.F.);
#6901=ORIENTED_EDGE('',*,*,#5015,.T.);
#6902=ORIENTED_EDGE('',*,*,#5206,.T.);
#6903=ORIENTED_EDGE('',*,*,#5154,.F.);
#6904=ORIENTED_EDGE('',*,*,#5206,.F.);
#6905=ORIENTED_EDGE('',*,*,#5014,.T.);
#6906=ORIENTED_EDGE('',*,*,#5207,.T.);
#6907=ORIENTED_EDGE('',*,*,#5013,.T.);
#6908=ORIENTED_EDGE('',*,*,#5208,.F.);
#6909=ORIENTED_EDGE('',*,*,#5209,.T.);
#6910=ORIENTED_EDGE('',*,*,#5210,.T.);
#6911=ORIENTED_EDGE('',*,*,#5011,.T.);
#6912=ORIENTED_EDGE('',*,*,#5211,.T.);
#6913=ORIENTED_EDGE('',*,*,#5137,.F.);
#6914=ORIENTED_EDGE('',*,*,#5207,.F.);
#6915=ORIENTED_EDGE('',*,*,#5138,.F.);
#6916=ORIENTED_EDGE('',*,*,#5211,.F.);
#6917=ORIENTED_EDGE('',*,*,#5010,.T.);
#6918=ORIENTED_EDGE('',*,*,#5078,.T.);
#6919=ORIENTED_EDGE('',*,*,#5146,.F.);
#6920=ORIENTED_EDGE('',*,*,#5093,.F.);
#6921=ORIENTED_EDGE('',*,*,#5006,.T.);
#6922=ORIENTED_EDGE('',*,*,#5186,.T.);
#6923=ORIENTED_EDGE('',*,*,#5159,.F.);
#6924=ORIENTED_EDGE('',*,*,#5212,.F.);
#6925=ORIENTED_EDGE('',*,*,#5213,.T.);
#6926=ORIENTED_EDGE('',*,*,#5214,.T.);
#6927=ORIENTED_EDGE('',*,*,#5163,.F.);
#6928=ORIENTED_EDGE('',*,*,#5215,.F.);
#6929=ORIENTED_EDGE('',*,*,#5216,.T.);
#6930=ORIENTED_EDGE('',*,*,#5217,.T.);
#6931=ORIENTED_EDGE('',*,*,#5218,.F.);
#6932=ORIENTED_EDGE('',*,*,#5213,.F.);
#6933=ORIENTED_EDGE('',*,*,#5219,.F.);
#6934=ORIENTED_EDGE('',*,*,#5045,.F.);
#6935=ORIENTED_EDGE('',*,*,#5055,.T.);
#6936=ORIENTED_EDGE('',*,*,#5161,.F.);
#6937=ORIENTED_EDGE('',*,*,#5042,.F.);
#6938=ORIENTED_EDGE('',*,*,#5069,.F.);
#6939=ORIENTED_EDGE('',*,*,#5066,.T.);
#6940=ORIENTED_EDGE('',*,*,#5220,.F.);
#6941=ORIENTED_EDGE('',*,*,#5216,.F.);
#6942=ORIENTED_EDGE('',*,*,#5221,.F.);
#6943=ORIENTED_EDGE('',*,*,#5164,.F.);
#6944=ORIENTED_EDGE('',*,*,#5217,.F.);
#6945=ORIENTED_EDGE('',*,*,#5220,.T.);
#6946=ORIENTED_EDGE('',*,*,#5065,.T.);
#6947=ORIENTED_EDGE('',*,*,#5162,.F.);
#6948=ORIENTED_EDGE('',*,*,#5067,.F.);
#6949=ORIENTED_EDGE('',*,*,#5221,.T.);
#6950=ORIENTED_EDGE('',*,*,#5215,.T.);
#6951=ORIENTED_EDGE('',*,*,#5160,.F.);
#6952=ORIENTED_EDGE('',*,*,#5214,.F.);
#6953=ORIENTED_EDGE('',*,*,#5218,.T.);
#6954=ORIENTED_EDGE('',*,*,#5044,.T.);
#6955=ORIENTED_EDGE('',*,*,#5158,.F.);
#6956=ORIENTED_EDGE('',*,*,#5046,.F.);
#6957=ORIENTED_EDGE('',*,*,#5219,.T.);
#6958=ORIENTED_EDGE('',*,*,#5212,.T.);
#6959=ORIENTED_EDGE('',*,*,#5222,.T.);
#6960=ORIENTED_EDGE('',*,*,#5166,.F.);
#6961=ORIENTED_EDGE('',*,*,#5223,.F.);
#6962=ORIENTED_EDGE('',*,*,#4989,.T.);
#6963=ORIENTED_EDGE('',*,*,#5224,.F.);
#6964=ORIENTED_EDGE('',*,*,#5225,.T.);
#6965=ORIENTED_EDGE('',*,*,#5226,.T.);
#6966=ORIENTED_EDGE('',*,*,#5003,.T.);
#6967=ORIENTED_EDGE('',*,*,#5167,.F.);
#6968=ORIENTED_EDGE('',*,*,#5222,.F.);
#6969=ORIENTED_EDGE('',*,*,#5002,.T.);
#6970=ORIENTED_EDGE('',*,*,#5025,.T.);
#6971=ORIENTED_EDGE('',*,*,#5227,.F.);
#6972=ORIENTED_EDGE('',*,*,#5035,.T.);
#6973=ORIENTED_EDGE('',*,*,#5170,.F.);
#6974=ORIENTED_EDGE('',*,*,#5029,.F.);
#6975=ORIENTED_EDGE('',*,*,#5173,.F.);
#6976=ORIENTED_EDGE('',*,*,#5040,.F.);
#6977=ORIENTED_EDGE('',*,*,#4998,.T.);
#6978=ORIENTED_EDGE('',*,*,#5228,.T.);
#6979=ORIENTED_EDGE('',*,*,#4997,.T.);
#6980=ORIENTED_EDGE('',*,*,#5229,.F.);
#6981=ORIENTED_EDGE('',*,*,#5230,.T.);
#6982=ORIENTED_EDGE('',*,*,#5231,.T.);
#6983=ORIENTED_EDGE('',*,*,#4995,.T.);
#6984=ORIENTED_EDGE('',*,*,#5232,.T.);
#6985=ORIENTED_EDGE('',*,*,#5156,.F.);
#6986=ORIENTED_EDGE('',*,*,#5228,.F.);
#6987=ORIENTED_EDGE('',*,*,#5157,.F.);
#6988=ORIENTED_EDGE('',*,*,#5232,.F.);
#6989=ORIENTED_EDGE('',*,*,#4994,.T.);
#6990=ORIENTED_EDGE('',*,*,#5048,.T.);
#6991=ORIENTED_EDGE('',*,*,#5165,.F.);
#6992=ORIENTED_EDGE('',*,*,#5063,.F.);
#6993=ORIENTED_EDGE('',*,*,#4990,.T.);
#6994=ORIENTED_EDGE('',*,*,#5223,.T.);
#6995=ORIENTED_EDGE('',*,*,#5016,.T.);
#6996=ORIENTED_EDGE('',*,*,#5202,.F.);
#6997=ORIENTED_EDGE('',*,*,#5233,.T.);
#6998=ORIENTED_EDGE('',*,*,#5196,.T.);
#6999=ORIENTED_EDGE('',*,*,#5197,.F.);
#7000=ORIENTED_EDGE('',*,*,#5233,.F.);
#7001=ORIENTED_EDGE('',*,*,#5201,.F.);
#7002=ORIENTED_EDGE('',*,*,#4966,.F.);
#7003=ORIENTED_EDGE('',*,*,#5000,.T.);
#7004=ORIENTED_EDGE('',*,*,#5234,.F.);
#7005=ORIENTED_EDGE('',*,*,#5235,.T.);
#7006=ORIENTED_EDGE('',*,*,#5236,.T.);
#7007=ORIENTED_EDGE('',*,*,#5168,.F.);
#7008=ORIENTED_EDGE('',*,*,#5023,.F.);
#7009=ORIENTED_EDGE('',*,*,#5236,.F.);
#7010=ORIENTED_EDGE('',*,*,#5237,.T.);
#7011=ORIENTED_EDGE('',*,*,#5238,.T.);
#7012=ORIENTED_EDGE('',*,*,#5169,.F.);
#7013=ORIENTED_EDGE('',*,*,#5238,.F.);
#7014=ORIENTED_EDGE('',*,*,#5239,.T.);
#7015=ORIENTED_EDGE('',*,*,#5240,.T.);
#7016=ORIENTED_EDGE('',*,*,#5171,.F.);
#7017=ORIENTED_EDGE('',*,*,#5033,.F.);
#7018=ORIENTED_EDGE('',*,*,#5020,.T.);
#7019=ORIENTED_EDGE('',*,*,#5031,.F.);
#7020=ORIENTED_EDGE('',*,*,#5172,.F.);
#7021=ORIENTED_EDGE('',*,*,#5240,.F.);
#7022=ORIENTED_EDGE('',*,*,#5241,.T.);
#7023=ORIENTED_EDGE('',*,*,#5234,.T.);
#7024=ORIENTED_EDGE('',*,*,#5039,.F.);
#7025=ORIENTED_EDGE('',*,*,#5237,.F.);
#7026=ORIENTED_EDGE('',*,*,#5235,.F.);
#7027=ORIENTED_EDGE('',*,*,#5241,.F.);
#7028=ORIENTED_EDGE('',*,*,#5239,.F.);
#7029=ORIENTED_EDGE('',*,*,#5004,.T.);
#7030=ORIENTED_EDGE('',*,*,#5210,.F.);
#7031=ORIENTED_EDGE('',*,*,#5242,.T.);
#7032=ORIENTED_EDGE('',*,*,#5187,.T.);
#7033=ORIENTED_EDGE('',*,*,#5012,.T.);
#7034=ORIENTED_EDGE('',*,*,#5189,.F.);
#7035=ORIENTED_EDGE('',*,*,#5243,.T.);
#7036=ORIENTED_EDGE('',*,*,#5208,.T.);
#7037=ORIENTED_EDGE('',*,*,#5242,.F.);
#7038=ORIENTED_EDGE('',*,*,#5209,.F.);
#7039=ORIENTED_EDGE('',*,*,#5243,.F.);
#7040=ORIENTED_EDGE('',*,*,#5188,.F.);
#7041=ORIENTED_EDGE('',*,*,#4308,.T.);
#7042=ORIENTED_EDGE('',*,*,#4988,.T.);
#7043=ORIENTED_EDGE('',*,*,#5231,.F.);
#7044=ORIENTED_EDGE('',*,*,#5244,.T.);
#7045=ORIENTED_EDGE('',*,*,#5224,.T.);
#7046=ORIENTED_EDGE('',*,*,#4996,.T.);
#7047=ORIENTED_EDGE('',*,*,#5226,.F.);
#7048=ORIENTED_EDGE('',*,*,#5245,.T.);
#7049=ORIENTED_EDGE('',*,*,#5229,.T.);
#7050=ORIENTED_EDGE('',*,*,#5244,.F.);
#7051=ORIENTED_EDGE('',*,*,#5230,.F.);
#7052=ORIENTED_EDGE('',*,*,#5245,.F.);
#7053=ORIENTED_EDGE('',*,*,#5225,.F.);
#7054=ORIENTED_EDGE('',*,*,#4293,.T.);
#7055=ORIENTED_EDGE('',*,*,#5135,.F.);
#7056=ORIENTED_EDGE('',*,*,#4281,.F.);
#7057=ORIENTED_EDGE('',*,*,#5246,.T.);
#7058=ORIENTED_EDGE('',*,*,#4277,.T.);
#7059=ORIENTED_EDGE('',*,*,#5247,.T.);
#7060=ORIENTED_EDGE('',*,*,#4291,.T.);
#7061=ORIENTED_EDGE('',*,*,#5248,.T.);
#7062=ORIENTED_EDGE('',*,*,#4287,.F.);
#7063=ORIENTED_EDGE('',*,*,#4972,.T.);
#7064=ORIENTED_EDGE('',*,*,#4292,.F.);
#7065=ORIENTED_EDGE('',*,*,#5247,.F.);
#7066=ORIENTED_EDGE('',*,*,#4280,.T.);
#7067=ORIENTED_EDGE('',*,*,#4971,.T.);
#7068=ORIENTED_EDGE('',*,*,#4288,.F.);
#7069=ORIENTED_EDGE('',*,*,#5248,.F.);
#7070=ORIENTED_EDGE('',*,*,#4290,.T.);
#7071=ORIENTED_EDGE('',*,*,#4973,.T.);
#7072=ORIENTED_EDGE('',*,*,#4278,.F.);
#7073=ORIENTED_EDGE('',*,*,#5246,.F.);
#7074=ORIENTED_EDGE('',*,*,#4284,.T.);
#7075=ORIENTED_EDGE('',*,*,#5136,.T.);
#7076=ORIENTED_EDGE('',*,*,#4275,.F.);
#7077=ORIENTED_EDGE('',*,*,#5249,.T.);
#7078=ORIENTED_EDGE('',*,*,#4271,.T.);
#7079=ORIENTED_EDGE('',*,*,#5250,.T.);
#7080=ORIENTED_EDGE('',*,*,#4265,.T.);
#7081=ORIENTED_EDGE('',*,*,#5251,.T.);
#7082=ORIENTED_EDGE('',*,*,#4261,.F.);
#7083=ORIENTED_EDGE('',*,*,#4982,.T.);
#7084=ORIENTED_EDGE('',*,*,#4272,.F.);
#7085=ORIENTED_EDGE('',*,*,#5249,.F.);
#7086=ORIENTED_EDGE('',*,*,#4274,.T.);
#7087=ORIENTED_EDGE('',*,*,#4981,.T.);
#7088=ORIENTED_EDGE('',*,*,#4266,.F.);
#7089=ORIENTED_EDGE('',*,*,#5250,.F.);
#7090=ORIENTED_EDGE('',*,*,#4270,.T.);
#7091=ORIENTED_EDGE('',*,*,#4980,.T.);
#7092=ORIENTED_EDGE('',*,*,#4262,.F.);
#7093=ORIENTED_EDGE('',*,*,#5251,.F.);
#7094=ORIENTED_EDGE('',*,*,#4268,.T.);
#7095=ORIENTED_EDGE('',*,*,#4985,.F.);
#7096=ORIENTED_EDGE('',*,*,#4258,.F.);
#7097=ORIENTED_EDGE('',*,*,#5252,.T.);
#7098=ORIENTED_EDGE('',*,*,#4256,.T.);
#7099=ORIENTED_EDGE('',*,*,#4986,.F.);
#7100=ORIENTED_EDGE('',*,*,#4254,.F.);
#7101=ORIENTED_EDGE('',*,*,#5253,.T.);
#7102=ORIENTED_EDGE('',*,*,#4250,.T.);
#7103=ORIENTED_EDGE('',*,*,#4987,.F.);
#7104=ORIENTED_EDGE('',*,*,#4252,.F.);
#7105=ORIENTED_EDGE('',*,*,#5254,.T.);
#7106=ORIENTED_EDGE('',*,*,#4246,.T.);
#7107=ORIENTED_EDGE('',*,*,#4330,.F.);
#7108=ORIENTED_EDGE('',*,*,#4247,.T.);
#7109=ORIENTED_EDGE('',*,*,#5254,.F.);
#7110=ORIENTED_EDGE('',*,*,#4251,.F.);
#7111=ORIENTED_EDGE('',*,*,#5253,.F.);
#7112=ORIENTED_EDGE('',*,*,#4253,.F.);
#7113=ORIENTED_EDGE('',*,*,#5252,.F.);
#7114=ORIENTED_EDGE('',*,*,#4257,.T.);
#7115=ORIENTED_EDGE('',*,*,#4977,.F.);
#7116=ORIENTED_EDGE('',*,*,#4232,.F.);
#7117=ORIENTED_EDGE('',*,*,#5255,.T.);
#7118=ORIENTED_EDGE('',*,*,#4244,.T.);
#7119=ORIENTED_EDGE('',*,*,#4968,.F.);
#7120=ORIENTED_EDGE('',*,*,#4242,.F.);
#7121=ORIENTED_EDGE('',*,*,#5256,.T.);
#7122=ORIENTED_EDGE('',*,*,#4240,.T.);
#7123=ORIENTED_EDGE('',*,*,#4976,.F.);
#7124=ORIENTED_EDGE('',*,*,#4236,.F.);
#7125=ORIENTED_EDGE('',*,*,#5257,.T.);
#7126=ORIENTED_EDGE('',*,*,#4230,.T.);
#7127=ORIENTED_EDGE('',*,*,#4338,.T.);
#7128=ORIENTED_EDGE('',*,*,#4237,.T.);
#7129=ORIENTED_EDGE('',*,*,#5256,.F.);
#7130=ORIENTED_EDGE('',*,*,#4241,.F.);
#7131=ORIENTED_EDGE('',*,*,#5255,.F.);
#7132=ORIENTED_EDGE('',*,*,#4231,.F.);
#7133=ORIENTED_EDGE('',*,*,#5257,.F.);
#7134=ORIENTED_EDGE('',*,*,#4235,.T.);
#7135=ORIENTED_EDGE('',*,*,#5258,.F.);
#7136=ORIENTED_EDGE('',*,*,#5259,.F.);
#7137=ORIENTED_EDGE('',*,*,#5260,.T.);
#7138=ORIENTED_EDGE('',*,*,#5261,.T.);
#7139=ORIENTED_EDGE('',*,*,#5117,.T.);
#7140=ORIENTED_EDGE('',*,*,#5262,.F.);
#7141=ORIENTED_EDGE('',*,*,#5192,.T.);
#7142=ORIENTED_EDGE('',*,*,#5260,.F.);
#7143=ORIENTED_EDGE('',*,*,#5263,.F.);
#7144=ORIENTED_EDGE('',*,*,#4964,.T.);
#7145=ORIENTED_EDGE('',*,*,#5264,.T.);
#7146=ORIENTED_EDGE('',*,*,#5118,.T.);
#7147=ORIENTED_EDGE('',*,*,#5261,.F.);
#7148=ORIENTED_EDGE('',*,*,#5194,.T.);
#7149=ORIENTED_EDGE('',*,*,#5265,.F.);
#7150=ORIENTED_EDGE('',*,*,#5258,.T.);
#7151=ORIENTED_EDGE('',*,*,#5198,.T.);
#7152=ORIENTED_EDGE('',*,*,#5262,.T.);
#7153=ORIENTED_EDGE('',*,*,#5120,.T.);
#7154=ORIENTED_EDGE('',*,*,#5266,.F.);
#7155=ORIENTED_EDGE('',*,*,#5266,.T.);
#7156=ORIENTED_EDGE('',*,*,#5119,.T.);
#7157=ORIENTED_EDGE('',*,*,#5264,.F.);
#7158=ORIENTED_EDGE('',*,*,#5267,.F.);
#7159=ORIENTED_EDGE('',*,*,#5268,.F.);
#7160=ORIENTED_EDGE('',*,*,#5269,.T.);
#7161=ORIENTED_EDGE('',*,*,#5263,.T.);
#7162=ORIENTED_EDGE('',*,*,#5259,.T.);
#7163=ORIENTED_EDGE('',*,*,#5265,.T.);
#7164=ORIENTED_EDGE('',*,*,#5193,.F.);
#7165=ORIENTED_EDGE('',*,*,#5200,.T.);
#7166=ORIENTED_EDGE('',*,*,#5270,.F.);
#7167=ORIENTED_EDGE('',*,*,#5267,.T.);
#7168=ORIENTED_EDGE('',*,*,#5204,.T.);
#7169=ORIENTED_EDGE('',*,*,#5269,.F.);
#7170=ORIENTED_EDGE('',*,*,#5271,.F.);
#7171=ORIENTED_EDGE('',*,*,#5271,.T.);
#7172=ORIENTED_EDGE('',*,*,#5268,.T.);
#7173=ORIENTED_EDGE('',*,*,#5270,.T.);
#7174=ORIENTED_EDGE('',*,*,#5205,.F.);
#7175=ORIENTED_EDGE('',*,*,#5272,.T.);
#7176=ORIENTED_EDGE('',*,*,#5273,.T.);
#7177=ORIENTED_EDGE('',*,*,#5274,.T.);
#7178=ORIENTED_EDGE('',*,*,#5027,.F.);
#7179=ORIENTED_EDGE('',*,*,#5026,.T.);
#7180=ORIENTED_EDGE('',*,*,#5275,.F.);
#7181=ORIENTED_EDGE('',*,*,#5272,.F.);
#7182=ORIENTED_EDGE('',*,*,#5032,.T.);
#7183=ORIENTED_EDGE('',*,*,#5276,.F.);
#7184=ORIENTED_EDGE('',*,*,#5277,.T.);
#7185=ORIENTED_EDGE('',*,*,#5278,.F.);
#7186=ORIENTED_EDGE('',*,*,#5273,.F.);
#7187=ORIENTED_EDGE('',*,*,#5275,.T.);
#7188=ORIENTED_EDGE('',*,*,#5279,.T.);
#7189=ORIENTED_EDGE('',*,*,#5113,.T.);
#7190=ORIENTED_EDGE('',*,*,#5280,.F.);
#7191=ORIENTED_EDGE('',*,*,#5028,.T.);
#7192=ORIENTED_EDGE('',*,*,#5274,.F.);
#7193=ORIENTED_EDGE('',*,*,#5278,.T.);
#7194=ORIENTED_EDGE('',*,*,#5036,.T.);
#7195=ORIENTED_EDGE('',*,*,#5281,.F.);
#7196=ORIENTED_EDGE('',*,*,#5282,.F.);
#7197=ORIENTED_EDGE('',*,*,#5277,.F.);
#7198=ORIENTED_EDGE('',*,*,#5283,.F.);
#7199=ORIENTED_EDGE('',*,*,#5281,.T.);
#7200=ORIENTED_EDGE('',*,*,#5284,.T.);
#7201=ORIENTED_EDGE('',*,*,#5115,.T.);
#7202=ORIENTED_EDGE('',*,*,#5285,.F.);
#7203=ORIENTED_EDGE('',*,*,#4960,.T.);
#7204=ORIENTED_EDGE('',*,*,#5285,.T.);
#7205=ORIENTED_EDGE('',*,*,#5114,.T.);
#7206=ORIENTED_EDGE('',*,*,#5279,.F.);
#7207=ORIENTED_EDGE('',*,*,#5227,.T.);
#7208=ORIENTED_EDGE('',*,*,#5280,.T.);
#7209=ORIENTED_EDGE('',*,*,#5116,.T.);
#7210=ORIENTED_EDGE('',*,*,#5284,.F.);
#7211=ORIENTED_EDGE('',*,*,#5282,.T.);
#7212=ORIENTED_EDGE('',*,*,#5283,.T.);
#7213=ORIENTED_EDGE('',*,*,#5276,.T.);
#7214=ORIENTED_EDGE('',*,*,#5037,.F.);
#7215=ORIENTED_EDGE('',*,*,#4957,.T.);
#7216=ORIENTED_EDGE('',*,*,#4227,.T.);
#7217=ORIENTED_EDGE('',*,*,#4959,.T.);
#7218=ORIENTED_EDGE('',*,*,#4225,.T.);
#7219=ORIENTED_EDGE('',*,*,#4958,.T.);
#7220=ORIENTED_EDGE('',*,*,#4224,.F.);
#7221=ORIENTED_EDGE('',*,*,#4955,.T.);
#7222=ORIENTED_EDGE('',*,*,#4221,.T.);
#7223=ORIENTED_EDGE('',*,*,#4956,.T.);
#7224=ORIENTED_EDGE('',*,*,#4220,.F.);
#7225=ORIENTED_EDGE('',*,*,#4340,.T.);
#7226=ORIENTED_EDGE('',*,*,#4339,.T.);
#7227=ORIENTED_EDGE('',*,*,#4346,.T.);
#7228=ORIENTED_EDGE('',*,*,#4345,.T.);
#7229=ORIENTED_EDGE('',*,*,#4344,.T.);
#7230=ORIENTED_EDGE('',*,*,#4343,.T.);
#7231=ORIENTED_EDGE('',*,*,#4342,.T.);
#7232=ORIENTED_EDGE('',*,*,#4341,.T.);
#7233=ORIENTED_EDGE('',*,*,#4348,.T.);
#7234=ORIENTED_EDGE('',*,*,#4347,.T.);
#7235=ORIENTED_EDGE('',*,*,#4354,.T.);
#7236=ORIENTED_EDGE('',*,*,#4353,.T.);
#7237=ORIENTED_EDGE('',*,*,#4352,.T.);
#7238=ORIENTED_EDGE('',*,*,#4351,.T.);
#7239=ORIENTED_EDGE('',*,*,#4350,.T.);
#7240=ORIENTED_EDGE('',*,*,#4349,.T.);
#7241=ORIENTED_EDGE('',*,*,#4919,.T.);
#7242=ORIENTED_EDGE('',*,*,#4918,.T.);
#7243=ORIENTED_EDGE('',*,*,#4954,.T.);
#7244=ORIENTED_EDGE('',*,*,#4953,.T.);
#7245=ORIENTED_EDGE('',*,*,#4952,.T.);
#7246=ORIENTED_EDGE('',*,*,#4951,.T.);
#7247=ORIENTED_EDGE('',*,*,#4950,.T.);
#7248=ORIENTED_EDGE('',*,*,#4949,.T.);
#7249=ORIENTED_EDGE('',*,*,#4948,.T.);
#7250=ORIENTED_EDGE('',*,*,#4947,.T.);
#7251=ORIENTED_EDGE('',*,*,#4946,.T.);
#7252=ORIENTED_EDGE('',*,*,#4945,.T.);
#7253=ORIENTED_EDGE('',*,*,#4944,.T.);
#7254=ORIENTED_EDGE('',*,*,#4943,.T.);
#7255=ORIENTED_EDGE('',*,*,#4942,.T.);
#7256=ORIENTED_EDGE('',*,*,#4941,.T.);
#7257=ORIENTED_EDGE('',*,*,#4940,.T.);
#7258=ORIENTED_EDGE('',*,*,#4939,.T.);
#7259=ORIENTED_EDGE('',*,*,#4938,.T.);
#7260=ORIENTED_EDGE('',*,*,#4937,.T.);
#7261=ORIENTED_EDGE('',*,*,#4936,.T.);
#7262=ORIENTED_EDGE('',*,*,#4935,.T.);
#7263=ORIENTED_EDGE('',*,*,#4934,.T.);
#7264=ORIENTED_EDGE('',*,*,#4933,.T.);
#7265=ORIENTED_EDGE('',*,*,#4932,.T.);
#7266=ORIENTED_EDGE('',*,*,#4931,.T.);
#7267=ORIENTED_EDGE('',*,*,#4930,.T.);
#7268=ORIENTED_EDGE('',*,*,#4929,.T.);
#7269=ORIENTED_EDGE('',*,*,#4928,.T.);
#7270=ORIENTED_EDGE('',*,*,#4927,.T.);
#7271=ORIENTED_EDGE('',*,*,#4926,.T.);
#7272=ORIENTED_EDGE('',*,*,#4925,.T.);
#7273=ORIENTED_EDGE('',*,*,#4924,.T.);
#7274=ORIENTED_EDGE('',*,*,#4923,.T.);
#7275=ORIENTED_EDGE('',*,*,#4922,.T.);
#7276=ORIENTED_EDGE('',*,*,#4921,.T.);
#7277=ORIENTED_EDGE('',*,*,#4920,.T.);
#7278=ORIENTED_EDGE('',*,*,#5286,.F.);
#7279=ORIENTED_EDGE('',*,*,#5287,.F.);
#7280=ORIENTED_EDGE('',*,*,#5288,.F.);
#7281=ORIENTED_EDGE('',*,*,#5289,.F.);
#7282=ORIENTED_EDGE('',*,*,#5290,.F.);
#7283=ORIENTED_EDGE('',*,*,#5291,.F.);
#7284=ORIENTED_EDGE('',*,*,#5292,.F.);
#7285=ORIENTED_EDGE('',*,*,#5293,.F.);
#7286=ORIENTED_EDGE('',*,*,#5294,.F.);
#7287=ORIENTED_EDGE('',*,*,#5295,.F.);
#7288=ORIENTED_EDGE('',*,*,#5296,.F.);
#7289=ORIENTED_EDGE('',*,*,#5297,.F.);
#7290=ORIENTED_EDGE('',*,*,#5298,.F.);
#7291=ORIENTED_EDGE('',*,*,#5299,.F.);
#7292=ORIENTED_EDGE('',*,*,#5300,.F.);
#7293=ORIENTED_EDGE('',*,*,#5301,.F.);
#7294=ORIENTED_EDGE('',*,*,#5302,.F.);
#7295=ORIENTED_EDGE('',*,*,#5303,.F.);
#7296=ORIENTED_EDGE('',*,*,#5304,.F.);
#7297=ORIENTED_EDGE('',*,*,#5305,.F.);
#7298=ORIENTED_EDGE('',*,*,#5306,.F.);
#7299=ORIENTED_EDGE('',*,*,#5307,.F.);
#7300=ORIENTED_EDGE('',*,*,#5308,.F.);
#7301=ORIENTED_EDGE('',*,*,#5309,.F.);
#7302=ORIENTED_EDGE('',*,*,#5310,.F.);
#7303=ORIENTED_EDGE('',*,*,#5311,.F.);
#7304=ORIENTED_EDGE('',*,*,#5312,.F.);
#7305=ORIENTED_EDGE('',*,*,#5313,.F.);
#7306=ORIENTED_EDGE('',*,*,#5314,.F.);
#7307=ORIENTED_EDGE('',*,*,#5315,.F.);
#7308=ORIENTED_EDGE('',*,*,#5316,.F.);
#7309=ORIENTED_EDGE('',*,*,#5317,.F.);
#7310=ORIENTED_EDGE('',*,*,#5318,.F.);
#7311=ORIENTED_EDGE('',*,*,#5319,.F.);
#7312=ORIENTED_EDGE('',*,*,#5320,.F.);
#7313=ORIENTED_EDGE('',*,*,#5321,.F.);
#7314=ORIENTED_EDGE('',*,*,#5322,.F.);
#7315=ORIENTED_EDGE('',*,*,#5323,.F.);
#7316=ORIENTED_EDGE('',*,*,#5324,.F.);
#7317=ORIENTED_EDGE('',*,*,#5325,.F.);
#7318=ORIENTED_EDGE('',*,*,#5326,.F.);
#7319=ORIENTED_EDGE('',*,*,#5327,.F.);
#7320=ORIENTED_EDGE('',*,*,#5328,.F.);
#7321=ORIENTED_EDGE('',*,*,#5329,.F.);
#7322=ORIENTED_EDGE('',*,*,#5330,.F.);
#7323=ORIENTED_EDGE('',*,*,#5331,.F.);
#7324=ORIENTED_EDGE('',*,*,#5286,.T.);
#7325=ORIENTED_EDGE('',*,*,#5308,.T.);
#7326=ORIENTED_EDGE('',*,*,#5307,.T.);
#7327=ORIENTED_EDGE('',*,*,#5306,.T.);
#7328=ORIENTED_EDGE('',*,*,#5305,.T.);
#7329=ORIENTED_EDGE('',*,*,#5304,.T.);
#7330=ORIENTED_EDGE('',*,*,#5303,.T.);
#7331=ORIENTED_EDGE('',*,*,#5302,.T.);
#7332=ORIENTED_EDGE('',*,*,#5301,.T.);
#7333=ORIENTED_EDGE('',*,*,#5300,.T.);
#7334=ORIENTED_EDGE('',*,*,#5299,.T.);
#7335=ORIENTED_EDGE('',*,*,#5298,.T.);
#7336=ORIENTED_EDGE('',*,*,#5297,.T.);
#7337=ORIENTED_EDGE('',*,*,#5296,.T.);
#7338=ORIENTED_EDGE('',*,*,#5295,.T.);
#7339=ORIENTED_EDGE('',*,*,#5294,.T.);
#7340=ORIENTED_EDGE('',*,*,#5293,.T.);
#7341=ORIENTED_EDGE('',*,*,#5292,.T.);
#7342=ORIENTED_EDGE('',*,*,#5291,.T.);
#7343=ORIENTED_EDGE('',*,*,#5290,.T.);
#7344=ORIENTED_EDGE('',*,*,#5289,.T.);
#7345=ORIENTED_EDGE('',*,*,#5288,.T.);
#7346=ORIENTED_EDGE('',*,*,#5287,.T.);
#7347=ORIENTED_EDGE('',*,*,#5309,.T.);
#7348=ORIENTED_EDGE('',*,*,#5331,.T.);
#7349=ORIENTED_EDGE('',*,*,#5330,.T.);
#7350=ORIENTED_EDGE('',*,*,#5329,.T.);
#7351=ORIENTED_EDGE('',*,*,#5328,.T.);
#7352=ORIENTED_EDGE('',*,*,#5327,.T.);
#7353=ORIENTED_EDGE('',*,*,#5326,.T.);
#7354=ORIENTED_EDGE('',*,*,#5325,.T.);
#7355=ORIENTED_EDGE('',*,*,#5324,.T.);
#7356=ORIENTED_EDGE('',*,*,#5323,.T.);
#7357=ORIENTED_EDGE('',*,*,#5322,.T.);
#7358=ORIENTED_EDGE('',*,*,#5321,.T.);
#7359=ORIENTED_EDGE('',*,*,#5320,.T.);
#7360=ORIENTED_EDGE('',*,*,#5319,.T.);
#7361=ORIENTED_EDGE('',*,*,#5318,.T.);
#7362=ORIENTED_EDGE('',*,*,#5317,.T.);
#7363=ORIENTED_EDGE('',*,*,#5316,.T.);
#7364=ORIENTED_EDGE('',*,*,#5315,.T.);
#7365=ORIENTED_EDGE('',*,*,#5314,.T.);
#7366=ORIENTED_EDGE('',*,*,#5313,.T.);
#7367=ORIENTED_EDGE('',*,*,#5312,.T.);
#7368=ORIENTED_EDGE('',*,*,#5311,.T.);
#7369=ORIENTED_EDGE('',*,*,#5310,.T.);
#7370=ORIENTED_EDGE('',*,*,#4356,.T.);
#7371=ORIENTED_EDGE('',*,*,#4355,.T.);
#7372=ORIENTED_EDGE('',*,*,#4396,.T.);
#7373=ORIENTED_EDGE('',*,*,#4395,.T.);
#7374=ORIENTED_EDGE('',*,*,#4394,.T.);
#7375=ORIENTED_EDGE('',*,*,#4393,.T.);
#7376=ORIENTED_EDGE('',*,*,#4392,.T.);
#7377=ORIENTED_EDGE('',*,*,#4391,.T.);
#7378=ORIENTED_EDGE('',*,*,#4390,.T.);
#7379=ORIENTED_EDGE('',*,*,#4389,.T.);
#7380=ORIENTED_EDGE('',*,*,#4388,.T.);
#7381=ORIENTED_EDGE('',*,*,#4387,.T.);
#7382=ORIENTED_EDGE('',*,*,#4386,.T.);
#7383=ORIENTED_EDGE('',*,*,#4385,.T.);
#7384=ORIENTED_EDGE('',*,*,#4384,.T.);
#7385=ORIENTED_EDGE('',*,*,#4383,.T.);
#7386=ORIENTED_EDGE('',*,*,#4382,.T.);
#7387=ORIENTED_EDGE('',*,*,#4381,.T.);
#7388=ORIENTED_EDGE('',*,*,#4380,.T.);
#7389=ORIENTED_EDGE('',*,*,#4379,.T.);
#7390=ORIENTED_EDGE('',*,*,#4378,.T.);
#7391=ORIENTED_EDGE('',*,*,#4377,.T.);
#7392=ORIENTED_EDGE('',*,*,#4376,.T.);
#7393=ORIENTED_EDGE('',*,*,#4375,.F.);
#7394=ORIENTED_EDGE('',*,*,#4374,.F.);
#7395=ORIENTED_EDGE('',*,*,#4373,.F.);
#7396=ORIENTED_EDGE('',*,*,#4372,.F.);
#7397=ORIENTED_EDGE('',*,*,#4371,.F.);
#7398=ORIENTED_EDGE('',*,*,#4370,.F.);
#7399=ORIENTED_EDGE('',*,*,#4369,.F.);
#7400=ORIENTED_EDGE('',*,*,#4368,.F.);
#7401=ORIENTED_EDGE('',*,*,#4367,.F.);
#7402=ORIENTED_EDGE('',*,*,#4366,.F.);
#7403=ORIENTED_EDGE('',*,*,#4365,.F.);
#7404=ORIENTED_EDGE('',*,*,#4364,.F.);
#7405=ORIENTED_EDGE('',*,*,#4363,.F.);
#7406=ORIENTED_EDGE('',*,*,#4362,.F.);
#7407=ORIENTED_EDGE('',*,*,#4361,.F.);
#7408=ORIENTED_EDGE('',*,*,#4360,.F.);
#7409=ORIENTED_EDGE('',*,*,#4359,.F.);
#7410=ORIENTED_EDGE('',*,*,#4358,.T.);
#7411=ORIENTED_EDGE('',*,*,#4357,.T.);
#7412=ORIENTED_EDGE('',*,*,#4883,.T.);
#7413=ORIENTED_EDGE('',*,*,#4882,.T.);
#7414=ORIENTED_EDGE('',*,*,#4917,.T.);
#7415=ORIENTED_EDGE('',*,*,#4916,.T.);
#7416=ORIENTED_EDGE('',*,*,#4915,.T.);
#7417=ORIENTED_EDGE('',*,*,#4914,.T.);
#7418=ORIENTED_EDGE('',*,*,#4913,.T.);
#7419=ORIENTED_EDGE('',*,*,#4912,.T.);
#7420=ORIENTED_EDGE('',*,*,#4911,.T.);
#7421=ORIENTED_EDGE('',*,*,#4910,.T.);
#7422=ORIENTED_EDGE('',*,*,#4909,.T.);
#7423=ORIENTED_EDGE('',*,*,#4908,.T.);
#7424=ORIENTED_EDGE('',*,*,#4907,.T.);
#7425=ORIENTED_EDGE('',*,*,#4906,.T.);
#7426=ORIENTED_EDGE('',*,*,#4905,.T.);
#7427=ORIENTED_EDGE('',*,*,#4904,.T.);
#7428=ORIENTED_EDGE('',*,*,#4903,.T.);
#7429=ORIENTED_EDGE('',*,*,#4902,.T.);
#7430=ORIENTED_EDGE('',*,*,#4901,.T.);
#7431=ORIENTED_EDGE('',*,*,#4900,.T.);
#7432=ORIENTED_EDGE('',*,*,#4899,.T.);
#7433=ORIENTED_EDGE('',*,*,#4898,.T.);
#7434=ORIENTED_EDGE('',*,*,#4897,.T.);
#7435=ORIENTED_EDGE('',*,*,#4896,.T.);
#7436=ORIENTED_EDGE('',*,*,#4895,.T.);
#7437=ORIENTED_EDGE('',*,*,#4894,.T.);
#7438=ORIENTED_EDGE('',*,*,#4893,.T.);
#7439=ORIENTED_EDGE('',*,*,#4892,.T.);
#7440=ORIENTED_EDGE('',*,*,#4891,.T.);
#7441=ORIENTED_EDGE('',*,*,#4890,.T.);
#7442=ORIENTED_EDGE('',*,*,#4889,.T.);
#7443=ORIENTED_EDGE('',*,*,#4888,.T.);
#7444=ORIENTED_EDGE('',*,*,#4887,.T.);
#7445=ORIENTED_EDGE('',*,*,#4886,.T.);
#7446=ORIENTED_EDGE('',*,*,#4885,.T.);
#7447=ORIENTED_EDGE('',*,*,#4884,.T.);
#7448=ORIENTED_EDGE('',*,*,#5332,.F.);
#7449=ORIENTED_EDGE('',*,*,#5333,.F.);
#7450=ORIENTED_EDGE('',*,*,#5334,.F.);
#7451=ORIENTED_EDGE('',*,*,#5335,.F.);
#7452=ORIENTED_EDGE('',*,*,#5336,.F.);
#7453=ORIENTED_EDGE('',*,*,#5337,.F.);
#7454=ORIENTED_EDGE('',*,*,#5338,.F.);
#7455=ORIENTED_EDGE('',*,*,#5339,.F.);
#7456=ORIENTED_EDGE('',*,*,#5340,.F.);
#7457=ORIENTED_EDGE('',*,*,#5341,.F.);
#7458=ORIENTED_EDGE('',*,*,#5342,.F.);
#7459=ORIENTED_EDGE('',*,*,#5343,.F.);
#7460=ORIENTED_EDGE('',*,*,#5344,.F.);
#7461=ORIENTED_EDGE('',*,*,#5345,.F.);
#7462=ORIENTED_EDGE('',*,*,#5346,.F.);
#7463=ORIENTED_EDGE('',*,*,#5347,.F.);
#7464=ORIENTED_EDGE('',*,*,#5348,.F.);
#7465=ORIENTED_EDGE('',*,*,#5349,.F.);
#7466=ORIENTED_EDGE('',*,*,#5350,.F.);
#7467=ORIENTED_EDGE('',*,*,#5351,.F.);
#7468=ORIENTED_EDGE('',*,*,#5352,.F.);
#7469=ORIENTED_EDGE('',*,*,#5353,.F.);
#7470=ORIENTED_EDGE('',*,*,#5354,.F.);
#7471=ORIENTED_EDGE('',*,*,#5355,.F.);
#7472=ORIENTED_EDGE('',*,*,#5356,.F.);
#7473=ORIENTED_EDGE('',*,*,#5357,.F.);
#7474=ORIENTED_EDGE('',*,*,#5358,.F.);
#7475=ORIENTED_EDGE('',*,*,#5359,.F.);
#7476=ORIENTED_EDGE('',*,*,#5360,.F.);
#7477=ORIENTED_EDGE('',*,*,#5361,.F.);
#7478=ORIENTED_EDGE('',*,*,#5362,.F.);
#7479=ORIENTED_EDGE('',*,*,#5363,.F.);
#7480=ORIENTED_EDGE('',*,*,#5364,.F.);
#7481=ORIENTED_EDGE('',*,*,#5365,.F.);
#7482=ORIENTED_EDGE('',*,*,#5366,.F.);
#7483=ORIENTED_EDGE('',*,*,#5367,.F.);
#7484=ORIENTED_EDGE('',*,*,#5368,.F.);
#7485=ORIENTED_EDGE('',*,*,#5369,.F.);
#7486=ORIENTED_EDGE('',*,*,#5370,.F.);
#7487=ORIENTED_EDGE('',*,*,#5371,.F.);
#7488=ORIENTED_EDGE('',*,*,#5332,.T.);
#7489=ORIENTED_EDGE('',*,*,#5371,.T.);
#7490=ORIENTED_EDGE('',*,*,#5370,.T.);
#7491=ORIENTED_EDGE('',*,*,#5369,.T.);
#7492=ORIENTED_EDGE('',*,*,#5368,.T.);
#7493=ORIENTED_EDGE('',*,*,#5367,.T.);
#7494=ORIENTED_EDGE('',*,*,#5366,.T.);
#7495=ORIENTED_EDGE('',*,*,#5365,.T.);
#7496=ORIENTED_EDGE('',*,*,#5364,.T.);
#7497=ORIENTED_EDGE('',*,*,#5363,.T.);
#7498=ORIENTED_EDGE('',*,*,#5362,.T.);
#7499=ORIENTED_EDGE('',*,*,#5361,.T.);
#7500=ORIENTED_EDGE('',*,*,#5360,.T.);
#7501=ORIENTED_EDGE('',*,*,#5359,.T.);
#7502=ORIENTED_EDGE('',*,*,#5358,.T.);
#7503=ORIENTED_EDGE('',*,*,#5357,.T.);
#7504=ORIENTED_EDGE('',*,*,#5356,.T.);
#7505=ORIENTED_EDGE('',*,*,#5355,.T.);
#7506=ORIENTED_EDGE('',*,*,#5354,.T.);
#7507=ORIENTED_EDGE('',*,*,#5353,.T.);
#7508=ORIENTED_EDGE('',*,*,#5352,.T.);
#7509=ORIENTED_EDGE('',*,*,#5351,.T.);
#7510=ORIENTED_EDGE('',*,*,#5350,.T.);
#7511=ORIENTED_EDGE('',*,*,#5349,.T.);
#7512=ORIENTED_EDGE('',*,*,#5348,.T.);
#7513=ORIENTED_EDGE('',*,*,#5347,.T.);
#7514=ORIENTED_EDGE('',*,*,#5346,.T.);
#7515=ORIENTED_EDGE('',*,*,#5345,.T.);
#7516=ORIENTED_EDGE('',*,*,#5344,.T.);
#7517=ORIENTED_EDGE('',*,*,#5343,.T.);
#7518=ORIENTED_EDGE('',*,*,#5342,.T.);
#7519=ORIENTED_EDGE('',*,*,#5341,.T.);
#7520=ORIENTED_EDGE('',*,*,#5340,.T.);
#7521=ORIENTED_EDGE('',*,*,#5339,.T.);
#7522=ORIENTED_EDGE('',*,*,#5338,.T.);
#7523=ORIENTED_EDGE('',*,*,#5337,.T.);
#7524=ORIENTED_EDGE('',*,*,#5336,.T.);
#7525=ORIENTED_EDGE('',*,*,#5335,.T.);
#7526=ORIENTED_EDGE('',*,*,#5334,.T.);
#7527=ORIENTED_EDGE('',*,*,#5333,.T.);
#7528=ORIENTED_EDGE('',*,*,#4398,.T.);
#7529=ORIENTED_EDGE('',*,*,#4397,.T.);
#7530=ORIENTED_EDGE('',*,*,#4465,.T.);
#7531=ORIENTED_EDGE('',*,*,#4464,.T.);
#7532=ORIENTED_EDGE('',*,*,#4463,.T.);
#7533=ORIENTED_EDGE('',*,*,#4462,.T.);
#7534=ORIENTED_EDGE('',*,*,#4461,.T.);
#7535=ORIENTED_EDGE('',*,*,#4460,.T.);
#7536=ORIENTED_EDGE('',*,*,#4459,.T.);
#7537=ORIENTED_EDGE('',*,*,#4458,.T.);
#7538=ORIENTED_EDGE('',*,*,#4457,.T.);
#7539=ORIENTED_EDGE('',*,*,#4456,.T.);
#7540=ORIENTED_EDGE('',*,*,#4455,.T.);
#7541=ORIENTED_EDGE('',*,*,#4454,.T.);
#7542=ORIENTED_EDGE('',*,*,#4453,.T.);
#7543=ORIENTED_EDGE('',*,*,#4452,.T.);
#7544=ORIENTED_EDGE('',*,*,#4451,.T.);
#7545=ORIENTED_EDGE('',*,*,#4450,.T.);
#7546=ORIENTED_EDGE('',*,*,#4449,.T.);
#7547=ORIENTED_EDGE('',*,*,#4448,.T.);
#7548=ORIENTED_EDGE('',*,*,#4447,.T.);
#7549=ORIENTED_EDGE('',*,*,#4446,.T.);
#7550=ORIENTED_EDGE('',*,*,#4445,.T.);
#7551=ORIENTED_EDGE('',*,*,#4444,.T.);
#7552=ORIENTED_EDGE('',*,*,#4443,.T.);
#7553=ORIENTED_EDGE('',*,*,#4442,.T.);
#7554=ORIENTED_EDGE('',*,*,#4441,.T.);
#7555=ORIENTED_EDGE('',*,*,#4440,.T.);
#7556=ORIENTED_EDGE('',*,*,#4439,.T.);
#7557=ORIENTED_EDGE('',*,*,#4438,.T.);
#7558=ORIENTED_EDGE('',*,*,#4437,.T.);
#7559=ORIENTED_EDGE('',*,*,#4436,.T.);
#7560=ORIENTED_EDGE('',*,*,#4435,.T.);
#7561=ORIENTED_EDGE('',*,*,#4434,.T.);
#7562=ORIENTED_EDGE('',*,*,#4433,.T.);
#7563=ORIENTED_EDGE('',*,*,#4432,.T.);
#7564=ORIENTED_EDGE('',*,*,#4431,.T.);
#7565=ORIENTED_EDGE('',*,*,#4430,.F.);
#7566=ORIENTED_EDGE('',*,*,#4429,.F.);
#7567=ORIENTED_EDGE('',*,*,#4428,.F.);
#7568=ORIENTED_EDGE('',*,*,#4427,.F.);
#7569=ORIENTED_EDGE('',*,*,#4426,.F.);
#7570=ORIENTED_EDGE('',*,*,#4425,.F.);
#7571=ORIENTED_EDGE('',*,*,#4424,.F.);
#7572=ORIENTED_EDGE('',*,*,#4423,.F.);
#7573=ORIENTED_EDGE('',*,*,#4422,.F.);
#7574=ORIENTED_EDGE('',*,*,#4421,.F.);
#7575=ORIENTED_EDGE('',*,*,#4420,.F.);
#7576=ORIENTED_EDGE('',*,*,#4419,.F.);
#7577=ORIENTED_EDGE('',*,*,#4418,.F.);
#7578=ORIENTED_EDGE('',*,*,#4417,.F.);
#7579=ORIENTED_EDGE('',*,*,#4416,.F.);
#7580=ORIENTED_EDGE('',*,*,#4415,.F.);
#7581=ORIENTED_EDGE('',*,*,#4414,.F.);
#7582=ORIENTED_EDGE('',*,*,#4413,.F.);
#7583=ORIENTED_EDGE('',*,*,#4412,.F.);
#7584=ORIENTED_EDGE('',*,*,#4411,.F.);
#7585=ORIENTED_EDGE('',*,*,#4410,.F.);
#7586=ORIENTED_EDGE('',*,*,#4409,.F.);
#7587=ORIENTED_EDGE('',*,*,#4408,.F.);
#7588=ORIENTED_EDGE('',*,*,#4407,.F.);
#7589=ORIENTED_EDGE('',*,*,#4406,.F.);
#7590=ORIENTED_EDGE('',*,*,#4405,.F.);
#7591=ORIENTED_EDGE('',*,*,#4404,.F.);
#7592=ORIENTED_EDGE('',*,*,#4403,.F.);
#7593=ORIENTED_EDGE('',*,*,#4402,.F.);
#7594=ORIENTED_EDGE('',*,*,#4401,.F.);
#7595=ORIENTED_EDGE('',*,*,#4400,.F.);
#7596=ORIENTED_EDGE('',*,*,#4399,.T.);
#7597=ORIENTED_EDGE('',*,*,#4467,.T.);
#7598=ORIENTED_EDGE('',*,*,#4466,.T.);
#7599=ORIENTED_EDGE('',*,*,#4534,.T.);
#7600=ORIENTED_EDGE('',*,*,#4533,.T.);
#7601=ORIENTED_EDGE('',*,*,#4532,.T.);
#7602=ORIENTED_EDGE('',*,*,#4531,.T.);
#7603=ORIENTED_EDGE('',*,*,#4530,.T.);
#7604=ORIENTED_EDGE('',*,*,#4529,.T.);
#7605=ORIENTED_EDGE('',*,*,#4528,.T.);
#7606=ORIENTED_EDGE('',*,*,#4527,.T.);
#7607=ORIENTED_EDGE('',*,*,#4526,.T.);
#7608=ORIENTED_EDGE('',*,*,#4525,.T.);
#7609=ORIENTED_EDGE('',*,*,#4524,.T.);
#7610=ORIENTED_EDGE('',*,*,#4523,.T.);
#7611=ORIENTED_EDGE('',*,*,#4522,.T.);
#7612=ORIENTED_EDGE('',*,*,#4521,.T.);
#7613=ORIENTED_EDGE('',*,*,#4520,.T.);
#7614=ORIENTED_EDGE('',*,*,#4519,.T.);
#7615=ORIENTED_EDGE('',*,*,#4518,.T.);
#7616=ORIENTED_EDGE('',*,*,#4517,.T.);
#7617=ORIENTED_EDGE('',*,*,#4516,.T.);
#7618=ORIENTED_EDGE('',*,*,#4515,.T.);
#7619=ORIENTED_EDGE('',*,*,#4514,.T.);
#7620=ORIENTED_EDGE('',*,*,#4513,.T.);
#7621=ORIENTED_EDGE('',*,*,#4512,.T.);
#7622=ORIENTED_EDGE('',*,*,#4511,.T.);
#7623=ORIENTED_EDGE('',*,*,#4510,.T.);
#7624=ORIENTED_EDGE('',*,*,#4509,.T.);
#7625=ORIENTED_EDGE('',*,*,#4508,.T.);
#7626=ORIENTED_EDGE('',*,*,#4507,.T.);
#7627=ORIENTED_EDGE('',*,*,#4506,.T.);
#7628=ORIENTED_EDGE('',*,*,#4505,.T.);
#7629=ORIENTED_EDGE('',*,*,#4504,.T.);
#7630=ORIENTED_EDGE('',*,*,#4503,.T.);
#7631=ORIENTED_EDGE('',*,*,#4502,.T.);
#7632=ORIENTED_EDGE('',*,*,#4501,.T.);
#7633=ORIENTED_EDGE('',*,*,#4500,.T.);
#7634=ORIENTED_EDGE('',*,*,#4499,.F.);
#7635=ORIENTED_EDGE('',*,*,#4498,.F.);
#7636=ORIENTED_EDGE('',*,*,#4497,.F.);
#7637=ORIENTED_EDGE('',*,*,#4496,.F.);
#7638=ORIENTED_EDGE('',*,*,#4495,.F.);
#7639=ORIENTED_EDGE('',*,*,#4494,.F.);
#7640=ORIENTED_EDGE('',*,*,#4493,.F.);
#7641=ORIENTED_EDGE('',*,*,#4492,.F.);
#7642=ORIENTED_EDGE('',*,*,#4491,.F.);
#7643=ORIENTED_EDGE('',*,*,#4490,.F.);
#7644=ORIENTED_EDGE('',*,*,#4489,.F.);
#7645=ORIENTED_EDGE('',*,*,#4488,.F.);
#7646=ORIENTED_EDGE('',*,*,#4487,.F.);
#7647=ORIENTED_EDGE('',*,*,#4486,.F.);
#7648=ORIENTED_EDGE('',*,*,#4485,.F.);
#7649=ORIENTED_EDGE('',*,*,#4484,.F.);
#7650=ORIENTED_EDGE('',*,*,#4483,.F.);
#7651=ORIENTED_EDGE('',*,*,#4482,.F.);
#7652=ORIENTED_EDGE('',*,*,#4481,.F.);
#7653=ORIENTED_EDGE('',*,*,#4480,.F.);
#7654=ORIENTED_EDGE('',*,*,#4479,.F.);
#7655=ORIENTED_EDGE('',*,*,#4478,.F.);
#7656=ORIENTED_EDGE('',*,*,#4477,.F.);
#7657=ORIENTED_EDGE('',*,*,#4476,.F.);
#7658=ORIENTED_EDGE('',*,*,#4475,.F.);
#7659=ORIENTED_EDGE('',*,*,#4474,.F.);
#7660=ORIENTED_EDGE('',*,*,#4473,.F.);
#7661=ORIENTED_EDGE('',*,*,#4472,.F.);
#7662=ORIENTED_EDGE('',*,*,#4471,.F.);
#7663=ORIENTED_EDGE('',*,*,#4470,.F.);
#7664=ORIENTED_EDGE('',*,*,#4469,.F.);
#7665=ORIENTED_EDGE('',*,*,#4468,.T.);
#7666=ORIENTED_EDGE('',*,*,#4536,.T.);
#7667=ORIENTED_EDGE('',*,*,#4535,.T.);
#7668=ORIENTED_EDGE('',*,*,#4538,.T.);
#7669=ORIENTED_EDGE('',*,*,#4537,.T.);
#7670=ORIENTED_EDGE('',*,*,#4217,.T.);
#7671=ORIENTED_EDGE('',*,*,#4215,.T.);
#7672=ORIENTED_EDGE('',*,*,#4881,.T.);
#7673=ORIENTED_EDGE('',*,*,#4880,.T.);
#7674=ORIENTED_EDGE('',*,*,#4879,.T.);
#7675=ORIENTED_EDGE('',*,*,#4878,.T.);
#7676=ORIENTED_EDGE('',*,*,#4877,.T.);
#7677=ORIENTED_EDGE('',*,*,#4876,.T.);
#7678=ORIENTED_EDGE('',*,*,#4875,.T.);
#7679=ORIENTED_EDGE('',*,*,#4874,.T.);
#7680=ORIENTED_EDGE('',*,*,#4873,.T.);
#7681=ORIENTED_EDGE('',*,*,#4872,.T.);
#7682=ORIENTED_EDGE('',*,*,#4871,.T.);
#7683=ORIENTED_EDGE('',*,*,#4870,.T.);
#7684=ORIENTED_EDGE('',*,*,#4869,.T.);
#7685=ORIENTED_EDGE('',*,*,#4868,.T.);
#7686=ORIENTED_EDGE('',*,*,#4867,.T.);
#7687=ORIENTED_EDGE('',*,*,#4866,.T.);
#7688=ORIENTED_EDGE('',*,*,#4865,.T.);
#7689=ORIENTED_EDGE('',*,*,#4864,.T.);
#7690=ORIENTED_EDGE('',*,*,#4863,.T.);
#7691=ORIENTED_EDGE('',*,*,#4862,.T.);
#7692=ORIENTED_EDGE('',*,*,#4861,.T.);
#7693=ORIENTED_EDGE('',*,*,#4860,.T.);
#7694=ORIENTED_EDGE('',*,*,#4859,.T.);
#7695=ORIENTED_EDGE('',*,*,#4858,.T.);
#7696=ORIENTED_EDGE('',*,*,#4857,.T.);
#7697=ORIENTED_EDGE('',*,*,#4856,.T.);
#7698=ORIENTED_EDGE('',*,*,#4855,.T.);
#7699=ORIENTED_EDGE('',*,*,#4854,.T.);
#7700=ORIENTED_EDGE('',*,*,#4853,.T.);
#7701=ORIENTED_EDGE('',*,*,#4852,.T.);
#7702=ORIENTED_EDGE('',*,*,#4851,.T.);
#7703=ORIENTED_EDGE('',*,*,#4850,.T.);
#7704=ORIENTED_EDGE('',*,*,#4849,.T.);
#7705=ORIENTED_EDGE('',*,*,#4848,.T.);
#7706=ORIENTED_EDGE('',*,*,#4847,.T.);
#7707=ORIENTED_EDGE('',*,*,#4846,.T.);
#7708=ORIENTED_EDGE('',*,*,#4845,.T.);
#7709=ORIENTED_EDGE('',*,*,#4844,.T.);
#7710=ORIENTED_EDGE('',*,*,#4843,.T.);
#7711=ORIENTED_EDGE('',*,*,#4842,.T.);
#7712=ORIENTED_EDGE('',*,*,#4841,.T.);
#7713=ORIENTED_EDGE('',*,*,#4840,.T.);
#7714=ORIENTED_EDGE('',*,*,#4839,.T.);
#7715=ORIENTED_EDGE('',*,*,#4838,.T.);
#7716=ORIENTED_EDGE('',*,*,#5372,.F.);
#7717=ORIENTED_EDGE('',*,*,#5373,.F.);
#7718=ORIENTED_EDGE('',*,*,#5374,.F.);
#7719=ORIENTED_EDGE('',*,*,#5375,.F.);
#7720=ORIENTED_EDGE('',*,*,#5376,.F.);
#7721=ORIENTED_EDGE('',*,*,#5377,.F.);
#7722=ORIENTED_EDGE('',*,*,#5378,.F.);
#7723=ORIENTED_EDGE('',*,*,#5379,.F.);
#7724=ORIENTED_EDGE('',*,*,#5380,.F.);
#7725=ORIENTED_EDGE('',*,*,#5381,.F.);
#7726=ORIENTED_EDGE('',*,*,#5382,.F.);
#7727=ORIENTED_EDGE('',*,*,#5383,.F.);
#7728=ORIENTED_EDGE('',*,*,#5384,.F.);
#7729=ORIENTED_EDGE('',*,*,#5385,.F.);
#7730=ORIENTED_EDGE('',*,*,#5386,.F.);
#7731=ORIENTED_EDGE('',*,*,#5387,.F.);
#7732=ORIENTED_EDGE('',*,*,#5388,.F.);
#7733=ORIENTED_EDGE('',*,*,#5389,.F.);
#7734=ORIENTED_EDGE('',*,*,#5390,.F.);
#7735=ORIENTED_EDGE('',*,*,#5391,.F.);
#7736=ORIENTED_EDGE('',*,*,#5392,.F.);
#7737=ORIENTED_EDGE('',*,*,#5393,.F.);
#7738=ORIENTED_EDGE('',*,*,#5394,.F.);
#7739=ORIENTED_EDGE('',*,*,#5395,.F.);
#7740=ORIENTED_EDGE('',*,*,#5396,.F.);
#7741=ORIENTED_EDGE('',*,*,#5397,.F.);
#7742=ORIENTED_EDGE('',*,*,#5398,.F.);
#7743=ORIENTED_EDGE('',*,*,#5399,.F.);
#7744=ORIENTED_EDGE('',*,*,#5400,.F.);
#7745=ORIENTED_EDGE('',*,*,#5401,.F.);
#7746=ORIENTED_EDGE('',*,*,#5402,.F.);
#7747=ORIENTED_EDGE('',*,*,#5403,.F.);
#7748=ORIENTED_EDGE('',*,*,#5404,.F.);
#7749=ORIENTED_EDGE('',*,*,#5405,.F.);
#7750=ORIENTED_EDGE('',*,*,#5406,.F.);
#7751=ORIENTED_EDGE('',*,*,#5407,.F.);
#7752=ORIENTED_EDGE('',*,*,#5408,.F.);
#7753=ORIENTED_EDGE('',*,*,#5409,.F.);
#7754=ORIENTED_EDGE('',*,*,#5410,.F.);
#7755=ORIENTED_EDGE('',*,*,#5411,.F.);
#7756=ORIENTED_EDGE('',*,*,#5412,.F.);
#7757=ORIENTED_EDGE('',*,*,#5372,.T.);
#7758=ORIENTED_EDGE('',*,*,#5412,.T.);
#7759=ORIENTED_EDGE('',*,*,#5411,.T.);
#7760=ORIENTED_EDGE('',*,*,#5410,.T.);
#7761=ORIENTED_EDGE('',*,*,#5409,.T.);
#7762=ORIENTED_EDGE('',*,*,#5408,.T.);
#7763=ORIENTED_EDGE('',*,*,#5407,.T.);
#7764=ORIENTED_EDGE('',*,*,#5406,.T.);
#7765=ORIENTED_EDGE('',*,*,#5405,.T.);
#7766=ORIENTED_EDGE('',*,*,#5404,.T.);
#7767=ORIENTED_EDGE('',*,*,#5403,.T.);
#7768=ORIENTED_EDGE('',*,*,#5402,.T.);
#7769=ORIENTED_EDGE('',*,*,#5401,.T.);
#7770=ORIENTED_EDGE('',*,*,#5400,.T.);
#7771=ORIENTED_EDGE('',*,*,#5399,.T.);
#7772=ORIENTED_EDGE('',*,*,#5398,.T.);
#7773=ORIENTED_EDGE('',*,*,#5397,.T.);
#7774=ORIENTED_EDGE('',*,*,#5396,.T.);
#7775=ORIENTED_EDGE('',*,*,#5395,.T.);
#7776=ORIENTED_EDGE('',*,*,#5394,.T.);
#7777=ORIENTED_EDGE('',*,*,#5393,.T.);
#7778=ORIENTED_EDGE('',*,*,#5392,.T.);
#7779=ORIENTED_EDGE('',*,*,#5391,.T.);
#7780=ORIENTED_EDGE('',*,*,#5390,.T.);
#7781=ORIENTED_EDGE('',*,*,#5389,.T.);
#7782=ORIENTED_EDGE('',*,*,#5388,.T.);
#7783=ORIENTED_EDGE('',*,*,#5387,.T.);
#7784=ORIENTED_EDGE('',*,*,#5386,.T.);
#7785=ORIENTED_EDGE('',*,*,#5385,.T.);
#7786=ORIENTED_EDGE('',*,*,#5384,.T.);
#7787=ORIENTED_EDGE('',*,*,#5383,.T.);
#7788=ORIENTED_EDGE('',*,*,#5382,.T.);
#7789=ORIENTED_EDGE('',*,*,#5381,.T.);
#7790=ORIENTED_EDGE('',*,*,#5380,.T.);
#7791=ORIENTED_EDGE('',*,*,#5379,.T.);
#7792=ORIENTED_EDGE('',*,*,#5378,.T.);
#7793=ORIENTED_EDGE('',*,*,#5377,.T.);
#7794=ORIENTED_EDGE('',*,*,#5376,.T.);
#7795=ORIENTED_EDGE('',*,*,#5375,.T.);
#7796=ORIENTED_EDGE('',*,*,#5374,.T.);
#7797=ORIENTED_EDGE('',*,*,#5373,.T.);
#7798=ORIENTED_EDGE('',*,*,#4778,.T.);
#7799=ORIENTED_EDGE('',*,*,#4777,.T.);
#7800=ORIENTED_EDGE('',*,*,#4837,.T.);
#7801=ORIENTED_EDGE('',*,*,#4836,.T.);
#7802=ORIENTED_EDGE('',*,*,#4835,.T.);
#7803=ORIENTED_EDGE('',*,*,#4834,.T.);
#7804=ORIENTED_EDGE('',*,*,#4833,.T.);
#7805=ORIENTED_EDGE('',*,*,#4832,.T.);
#7806=ORIENTED_EDGE('',*,*,#4831,.T.);
#7807=ORIENTED_EDGE('',*,*,#4830,.T.);
#7808=ORIENTED_EDGE('',*,*,#4829,.T.);
#7809=ORIENTED_EDGE('',*,*,#4828,.T.);
#7810=ORIENTED_EDGE('',*,*,#4827,.T.);
#7811=ORIENTED_EDGE('',*,*,#4826,.T.);
#7812=ORIENTED_EDGE('',*,*,#4825,.T.);
#7813=ORIENTED_EDGE('',*,*,#4824,.T.);
#7814=ORIENTED_EDGE('',*,*,#4823,.T.);
#7815=ORIENTED_EDGE('',*,*,#4822,.T.);
#7816=ORIENTED_EDGE('',*,*,#4821,.T.);
#7817=ORIENTED_EDGE('',*,*,#4820,.T.);
#7818=ORIENTED_EDGE('',*,*,#4819,.T.);
#7819=ORIENTED_EDGE('',*,*,#4818,.T.);
#7820=ORIENTED_EDGE('',*,*,#4817,.T.);
#7821=ORIENTED_EDGE('',*,*,#4816,.T.);
#7822=ORIENTED_EDGE('',*,*,#4815,.T.);
#7823=ORIENTED_EDGE('',*,*,#4814,.T.);
#7824=ORIENTED_EDGE('',*,*,#4813,.T.);
#7825=ORIENTED_EDGE('',*,*,#4812,.T.);
#7826=ORIENTED_EDGE('',*,*,#4811,.T.);
#7827=ORIENTED_EDGE('',*,*,#4810,.T.);
#7828=ORIENTED_EDGE('',*,*,#4809,.T.);
#7829=ORIENTED_EDGE('',*,*,#4808,.T.);
#7830=ORIENTED_EDGE('',*,*,#4807,.T.);
#7831=ORIENTED_EDGE('',*,*,#4806,.T.);
#7832=ORIENTED_EDGE('',*,*,#4805,.T.);
#7833=ORIENTED_EDGE('',*,*,#4804,.T.);
#7834=ORIENTED_EDGE('',*,*,#4803,.T.);
#7835=ORIENTED_EDGE('',*,*,#4802,.T.);
#7836=ORIENTED_EDGE('',*,*,#4801,.T.);
#7837=ORIENTED_EDGE('',*,*,#4800,.T.);
#7838=ORIENTED_EDGE('',*,*,#4799,.T.);
#7839=ORIENTED_EDGE('',*,*,#4798,.T.);
#7840=ORIENTED_EDGE('',*,*,#4797,.T.);
#7841=ORIENTED_EDGE('',*,*,#4796,.T.);
#7842=ORIENTED_EDGE('',*,*,#4795,.T.);
#7843=ORIENTED_EDGE('',*,*,#4794,.T.);
#7844=ORIENTED_EDGE('',*,*,#4793,.T.);
#7845=ORIENTED_EDGE('',*,*,#4792,.T.);
#7846=ORIENTED_EDGE('',*,*,#4791,.T.);
#7847=ORIENTED_EDGE('',*,*,#4790,.T.);
#7848=ORIENTED_EDGE('',*,*,#4789,.T.);
#7849=ORIENTED_EDGE('',*,*,#4788,.T.);
#7850=ORIENTED_EDGE('',*,*,#4787,.T.);
#7851=ORIENTED_EDGE('',*,*,#4786,.T.);
#7852=ORIENTED_EDGE('',*,*,#4785,.T.);
#7853=ORIENTED_EDGE('',*,*,#4784,.T.);
#7854=ORIENTED_EDGE('',*,*,#4783,.T.);
#7855=ORIENTED_EDGE('',*,*,#4782,.T.);
#7856=ORIENTED_EDGE('',*,*,#4781,.T.);
#7857=ORIENTED_EDGE('',*,*,#4780,.T.);
#7858=ORIENTED_EDGE('',*,*,#4779,.T.);
#7859=ORIENTED_EDGE('',*,*,#5413,.F.);
#7860=ORIENTED_EDGE('',*,*,#5414,.F.);
#7861=ORIENTED_EDGE('',*,*,#5415,.F.);
#7862=ORIENTED_EDGE('',*,*,#5416,.F.);
#7863=ORIENTED_EDGE('',*,*,#5417,.F.);
#7864=ORIENTED_EDGE('',*,*,#5418,.F.);
#7865=ORIENTED_EDGE('',*,*,#5419,.F.);
#7866=ORIENTED_EDGE('',*,*,#5420,.F.);
#7867=ORIENTED_EDGE('',*,*,#5421,.F.);
#7868=ORIENTED_EDGE('',*,*,#5422,.F.);
#7869=ORIENTED_EDGE('',*,*,#5423,.F.);
#7870=ORIENTED_EDGE('',*,*,#5424,.F.);
#7871=ORIENTED_EDGE('',*,*,#5425,.F.);
#7872=ORIENTED_EDGE('',*,*,#5426,.F.);
#7873=ORIENTED_EDGE('',*,*,#5427,.F.);
#7874=ORIENTED_EDGE('',*,*,#5428,.F.);
#7875=ORIENTED_EDGE('',*,*,#5429,.F.);
#7876=ORIENTED_EDGE('',*,*,#5430,.F.);
#7877=ORIENTED_EDGE('',*,*,#5431,.F.);
#7878=ORIENTED_EDGE('',*,*,#5432,.F.);
#7879=ORIENTED_EDGE('',*,*,#5433,.F.);
#7880=ORIENTED_EDGE('',*,*,#5434,.F.);
#7881=ORIENTED_EDGE('',*,*,#5435,.F.);
#7882=ORIENTED_EDGE('',*,*,#5436,.F.);
#7883=ORIENTED_EDGE('',*,*,#5437,.F.);
#7884=ORIENTED_EDGE('',*,*,#5438,.F.);
#7885=ORIENTED_EDGE('',*,*,#5439,.F.);
#7886=ORIENTED_EDGE('',*,*,#5440,.F.);
#7887=ORIENTED_EDGE('',*,*,#5441,.F.);
#7888=ORIENTED_EDGE('',*,*,#5442,.F.);
#7889=ORIENTED_EDGE('',*,*,#5443,.F.);
#7890=ORIENTED_EDGE('',*,*,#5444,.F.);
#7891=ORIENTED_EDGE('',*,*,#5445,.F.);
#7892=ORIENTED_EDGE('',*,*,#5446,.F.);
#7893=ORIENTED_EDGE('',*,*,#5447,.F.);
#7894=ORIENTED_EDGE('',*,*,#5448,.F.);
#7895=ORIENTED_EDGE('',*,*,#5449,.F.);
#7896=ORIENTED_EDGE('',*,*,#5450,.F.);
#7897=ORIENTED_EDGE('',*,*,#5451,.F.);
#7898=ORIENTED_EDGE('',*,*,#5452,.F.);
#7899=ORIENTED_EDGE('',*,*,#5453,.F.);
#7900=ORIENTED_EDGE('',*,*,#5454,.F.);
#7901=ORIENTED_EDGE('',*,*,#5455,.F.);
#7902=ORIENTED_EDGE('',*,*,#5456,.F.);
#7903=ORIENTED_EDGE('',*,*,#5457,.F.);
#7904=ORIENTED_EDGE('',*,*,#5458,.F.);
#7905=ORIENTED_EDGE('',*,*,#5459,.F.);
#7906=ORIENTED_EDGE('',*,*,#5460,.F.);
#7907=ORIENTED_EDGE('',*,*,#5461,.F.);
#7908=ORIENTED_EDGE('',*,*,#5462,.F.);
#7909=ORIENTED_EDGE('',*,*,#5463,.F.);
#7910=ORIENTED_EDGE('',*,*,#5464,.F.);
#7911=ORIENTED_EDGE('',*,*,#5465,.F.);
#7912=ORIENTED_EDGE('',*,*,#5466,.F.);
#7913=ORIENTED_EDGE('',*,*,#5467,.F.);
#7914=ORIENTED_EDGE('',*,*,#5468,.F.);
#7915=ORIENTED_EDGE('',*,*,#5469,.F.);
#7916=ORIENTED_EDGE('',*,*,#5470,.F.);
#7917=ORIENTED_EDGE('',*,*,#5471,.F.);
#7918=ORIENTED_EDGE('',*,*,#5472,.F.);
#7919=ORIENTED_EDGE('',*,*,#5473,.F.);
#7920=ORIENTED_EDGE('',*,*,#5474,.F.);
#7921=ORIENTED_EDGE('',*,*,#5475,.F.);
#7922=ORIENTED_EDGE('',*,*,#5476,.F.);
#7923=ORIENTED_EDGE('',*,*,#5477,.F.);
#7924=ORIENTED_EDGE('',*,*,#5478,.F.);
#7925=ORIENTED_EDGE('',*,*,#5479,.F.);
#7926=ORIENTED_EDGE('',*,*,#5480,.F.);
#7927=ORIENTED_EDGE('',*,*,#5481,.F.);
#7928=ORIENTED_EDGE('',*,*,#5482,.F.);
#7929=ORIENTED_EDGE('',*,*,#5483,.F.);
#7930=ORIENTED_EDGE('',*,*,#5484,.F.);
#7931=ORIENTED_EDGE('',*,*,#5485,.F.);
#7932=ORIENTED_EDGE('',*,*,#5486,.F.);
#7933=ORIENTED_EDGE('',*,*,#5487,.F.);
#7934=ORIENTED_EDGE('',*,*,#5488,.F.);
#7935=ORIENTED_EDGE('',*,*,#5489,.F.);
#7936=ORIENTED_EDGE('',*,*,#5490,.F.);
#7937=ORIENTED_EDGE('',*,*,#5491,.F.);
#7938=ORIENTED_EDGE('',*,*,#5492,.F.);
#7939=ORIENTED_EDGE('',*,*,#5413,.T.);
#7940=ORIENTED_EDGE('',*,*,#5448,.T.);
#7941=ORIENTED_EDGE('',*,*,#5447,.T.);
#7942=ORIENTED_EDGE('',*,*,#5446,.T.);
#7943=ORIENTED_EDGE('',*,*,#5445,.T.);
#7944=ORIENTED_EDGE('',*,*,#5444,.T.);
#7945=ORIENTED_EDGE('',*,*,#5443,.T.);
#7946=ORIENTED_EDGE('',*,*,#5442,.T.);
#7947=ORIENTED_EDGE('',*,*,#5441,.T.);
#7948=ORIENTED_EDGE('',*,*,#5440,.T.);
#7949=ORIENTED_EDGE('',*,*,#5439,.T.);
#7950=ORIENTED_EDGE('',*,*,#5438,.T.);
#7951=ORIENTED_EDGE('',*,*,#5437,.T.);
#7952=ORIENTED_EDGE('',*,*,#5436,.T.);
#7953=ORIENTED_EDGE('',*,*,#5435,.T.);
#7954=ORIENTED_EDGE('',*,*,#5434,.T.);
#7955=ORIENTED_EDGE('',*,*,#5433,.T.);
#7956=ORIENTED_EDGE('',*,*,#5432,.T.);
#7957=ORIENTED_EDGE('',*,*,#5431,.T.);
#7958=ORIENTED_EDGE('',*,*,#5430,.T.);
#7959=ORIENTED_EDGE('',*,*,#5429,.T.);
#7960=ORIENTED_EDGE('',*,*,#5428,.T.);
#7961=ORIENTED_EDGE('',*,*,#5427,.T.);
#7962=ORIENTED_EDGE('',*,*,#5426,.T.);
#7963=ORIENTED_EDGE('',*,*,#5425,.T.);
#7964=ORIENTED_EDGE('',*,*,#5424,.T.);
#7965=ORIENTED_EDGE('',*,*,#5423,.T.);
#7966=ORIENTED_EDGE('',*,*,#5422,.T.);
#7967=ORIENTED_EDGE('',*,*,#5421,.T.);
#7968=ORIENTED_EDGE('',*,*,#5420,.T.);
#7969=ORIENTED_EDGE('',*,*,#5419,.T.);
#7970=ORIENTED_EDGE('',*,*,#5418,.T.);
#7971=ORIENTED_EDGE('',*,*,#5417,.T.);
#7972=ORIENTED_EDGE('',*,*,#5416,.T.);
#7973=ORIENTED_EDGE('',*,*,#5415,.T.);
#7974=ORIENTED_EDGE('',*,*,#5414,.T.);
#7975=ORIENTED_EDGE('',*,*,#5449,.T.);
#7976=ORIENTED_EDGE('',*,*,#5492,.T.);
#7977=ORIENTED_EDGE('',*,*,#5491,.T.);
#7978=ORIENTED_EDGE('',*,*,#5490,.T.);
#7979=ORIENTED_EDGE('',*,*,#5489,.T.);
#7980=ORIENTED_EDGE('',*,*,#5488,.T.);
#7981=ORIENTED_EDGE('',*,*,#5487,.T.);
#7982=ORIENTED_EDGE('',*,*,#5486,.T.);
#7983=ORIENTED_EDGE('',*,*,#5485,.T.);
#7984=ORIENTED_EDGE('',*,*,#5484,.T.);
#7985=ORIENTED_EDGE('',*,*,#5483,.T.);
#7986=ORIENTED_EDGE('',*,*,#5482,.T.);
#7987=ORIENTED_EDGE('',*,*,#5481,.T.);
#7988=ORIENTED_EDGE('',*,*,#5480,.T.);
#7989=ORIENTED_EDGE('',*,*,#5479,.T.);
#7990=ORIENTED_EDGE('',*,*,#5478,.T.);
#7991=ORIENTED_EDGE('',*,*,#5477,.T.);
#7992=ORIENTED_EDGE('',*,*,#5476,.T.);
#7993=ORIENTED_EDGE('',*,*,#5475,.T.);
#7994=ORIENTED_EDGE('',*,*,#5474,.T.);
#7995=ORIENTED_EDGE('',*,*,#5473,.T.);
#7996=ORIENTED_EDGE('',*,*,#5472,.T.);
#7997=ORIENTED_EDGE('',*,*,#5471,.T.);
#7998=ORIENTED_EDGE('',*,*,#5470,.T.);
#7999=ORIENTED_EDGE('',*,*,#5469,.T.);
#8000=ORIENTED_EDGE('',*,*,#5468,.T.);
#8001=ORIENTED_EDGE('',*,*,#5467,.T.);
#8002=ORIENTED_EDGE('',*,*,#5466,.T.);
#8003=ORIENTED_EDGE('',*,*,#5465,.T.);
#8004=ORIENTED_EDGE('',*,*,#5464,.T.);
#8005=ORIENTED_EDGE('',*,*,#5463,.T.);
#8006=ORIENTED_EDGE('',*,*,#5462,.T.);
#8007=ORIENTED_EDGE('',*,*,#5461,.T.);
#8008=ORIENTED_EDGE('',*,*,#5460,.T.);
#8009=ORIENTED_EDGE('',*,*,#5459,.T.);
#8010=ORIENTED_EDGE('',*,*,#5458,.T.);
#8011=ORIENTED_EDGE('',*,*,#5457,.T.);
#8012=ORIENTED_EDGE('',*,*,#5456,.T.);
#8013=ORIENTED_EDGE('',*,*,#5455,.T.);
#8014=ORIENTED_EDGE('',*,*,#5454,.T.);
#8015=ORIENTED_EDGE('',*,*,#5453,.T.);
#8016=ORIENTED_EDGE('',*,*,#5452,.T.);
#8017=ORIENTED_EDGE('',*,*,#5451,.T.);
#8018=ORIENTED_EDGE('',*,*,#5450,.T.);
#8019=ORIENTED_EDGE('',*,*,#4720,.T.);
#8020=ORIENTED_EDGE('',*,*,#4719,.T.);
#8021=ORIENTED_EDGE('',*,*,#4776,.T.);
#8022=ORIENTED_EDGE('',*,*,#4775,.T.);
#8023=ORIENTED_EDGE('',*,*,#4774,.T.);
#8024=ORIENTED_EDGE('',*,*,#4773,.T.);
#8025=ORIENTED_EDGE('',*,*,#4772,.T.);
#8026=ORIENTED_EDGE('',*,*,#4771,.T.);
#8027=ORIENTED_EDGE('',*,*,#4770,.T.);
#8028=ORIENTED_EDGE('',*,*,#4769,.T.);
#8029=ORIENTED_EDGE('',*,*,#4768,.T.);
#8030=ORIENTED_EDGE('',*,*,#4767,.T.);
#8031=ORIENTED_EDGE('',*,*,#4766,.T.);
#8032=ORIENTED_EDGE('',*,*,#4765,.T.);
#8033=ORIENTED_EDGE('',*,*,#4764,.T.);
#8034=ORIENTED_EDGE('',*,*,#4763,.F.);
#8035=ORIENTED_EDGE('',*,*,#4762,.F.);
#8036=ORIENTED_EDGE('',*,*,#4761,.F.);
#8037=ORIENTED_EDGE('',*,*,#4760,.F.);
#8038=ORIENTED_EDGE('',*,*,#4759,.F.);
#8039=ORIENTED_EDGE('',*,*,#4758,.F.);
#8040=ORIENTED_EDGE('',*,*,#4757,.F.);
#8041=ORIENTED_EDGE('',*,*,#4756,.F.);
#8042=ORIENTED_EDGE('',*,*,#4755,.F.);
#8043=ORIENTED_EDGE('',*,*,#4754,.F.);
#8044=ORIENTED_EDGE('',*,*,#4753,.F.);
#8045=ORIENTED_EDGE('',*,*,#4752,.F.);
#8046=ORIENTED_EDGE('',*,*,#4751,.F.);
#8047=ORIENTED_EDGE('',*,*,#4750,.F.);
#8048=ORIENTED_EDGE('',*,*,#4749,.F.);
#8049=ORIENTED_EDGE('',*,*,#4748,.F.);
#8050=ORIENTED_EDGE('',*,*,#4747,.F.);
#8051=ORIENTED_EDGE('',*,*,#4746,.F.);
#8052=ORIENTED_EDGE('',*,*,#4745,.F.);
#8053=ORIENTED_EDGE('',*,*,#4744,.F.);
#8054=ORIENTED_EDGE('',*,*,#4743,.F.);
#8055=ORIENTED_EDGE('',*,*,#4742,.F.);
#8056=ORIENTED_EDGE('',*,*,#4741,.F.);
#8057=ORIENTED_EDGE('',*,*,#4740,.F.);
#8058=ORIENTED_EDGE('',*,*,#4739,.F.);
#8059=ORIENTED_EDGE('',*,*,#4738,.F.);
#8060=ORIENTED_EDGE('',*,*,#4737,.F.);
#8061=ORIENTED_EDGE('',*,*,#4736,.F.);
#8062=ORIENTED_EDGE('',*,*,#4735,.F.);
#8063=ORIENTED_EDGE('',*,*,#4734,.F.);
#8064=ORIENTED_EDGE('',*,*,#4733,.T.);
#8065=ORIENTED_EDGE('',*,*,#4732,.T.);
#8066=ORIENTED_EDGE('',*,*,#4731,.T.);
#8067=ORIENTED_EDGE('',*,*,#4730,.T.);
#8068=ORIENTED_EDGE('',*,*,#4729,.T.);
#8069=ORIENTED_EDGE('',*,*,#4728,.T.);
#8070=ORIENTED_EDGE('',*,*,#4727,.T.);
#8071=ORIENTED_EDGE('',*,*,#4726,.T.);
#8072=ORIENTED_EDGE('',*,*,#4725,.T.);
#8073=ORIENTED_EDGE('',*,*,#4724,.T.);
#8074=ORIENTED_EDGE('',*,*,#4723,.T.);
#8075=ORIENTED_EDGE('',*,*,#4722,.T.);
#8076=ORIENTED_EDGE('',*,*,#4721,.T.);
#8077=ORIENTED_EDGE('',*,*,#4697,.T.);
#8078=ORIENTED_EDGE('',*,*,#4213,.T.);
#8079=ORIENTED_EDGE('',*,*,#4718,.T.);
#8080=ORIENTED_EDGE('',*,*,#4717,.T.);
#8081=ORIENTED_EDGE('',*,*,#4716,.T.);
#8082=ORIENTED_EDGE('',*,*,#4211,.F.);
#8083=ORIENTED_EDGE('',*,*,#4715,.T.);
#8084=ORIENTED_EDGE('',*,*,#4714,.T.);
#8085=ORIENTED_EDGE('',*,*,#4209,.T.);
#8086=ORIENTED_EDGE('',*,*,#4713,.T.);
#8087=ORIENTED_EDGE('',*,*,#4712,.T.);
#8088=ORIENTED_EDGE('',*,*,#4711,.F.);
#8089=ORIENTED_EDGE('',*,*,#4710,.T.);
#8090=ORIENTED_EDGE('',*,*,#4709,.T.);
#8091=ORIENTED_EDGE('',*,*,#4708,.T.);
#8092=ORIENTED_EDGE('',*,*,#4208,.T.);
#8093=ORIENTED_EDGE('',*,*,#4707,.T.);
#8094=ORIENTED_EDGE('',*,*,#4706,.T.);
#8095=ORIENTED_EDGE('',*,*,#4705,.T.);
#8096=ORIENTED_EDGE('',*,*,#4205,.T.);
#8097=ORIENTED_EDGE('',*,*,#4704,.T.);
#8098=ORIENTED_EDGE('',*,*,#4203,.F.);
#8099=ORIENTED_EDGE('',*,*,#4703,.T.);
#8100=ORIENTED_EDGE('',*,*,#4702,.F.);
#8101=ORIENTED_EDGE('',*,*,#4701,.T.);
#8102=ORIENTED_EDGE('',*,*,#4700,.T.);
#8103=ORIENTED_EDGE('',*,*,#4699,.T.);
#8104=ORIENTED_EDGE('',*,*,#4698,.T.);
#8105=ORIENTED_EDGE('',*,*,#5493,.F.);
#8106=ORIENTED_EDGE('',*,*,#5494,.F.);
#8107=ORIENTED_EDGE('',*,*,#5495,.F.);
#8108=ORIENTED_EDGE('',*,*,#4201,.F.);
#8109=ORIENTED_EDGE('',*,*,#5496,.F.);
#8110=ORIENTED_EDGE('',*,*,#5497,.F.);
#8111=ORIENTED_EDGE('',*,*,#5498,.F.);
#8112=ORIENTED_EDGE('',*,*,#4200,.F.);
#8113=ORIENTED_EDGE('',*,*,#5493,.T.);
#8114=ORIENTED_EDGE('',*,*,#4199,.T.);
#8115=ORIENTED_EDGE('',*,*,#5498,.T.);
#8116=ORIENTED_EDGE('',*,*,#5497,.T.);
#8117=ORIENTED_EDGE('',*,*,#5496,.T.);
#8118=ORIENTED_EDGE('',*,*,#4202,.T.);
#8119=ORIENTED_EDGE('',*,*,#5495,.T.);
#8120=ORIENTED_EDGE('',*,*,#5494,.T.);
#8121=ORIENTED_EDGE('',*,*,#4540,.T.);
#8122=ORIENTED_EDGE('',*,*,#4539,.T.);
#8123=ORIENTED_EDGE('',*,*,#4578,.T.);
#8124=ORIENTED_EDGE('',*,*,#4577,.T.);
#8125=ORIENTED_EDGE('',*,*,#4576,.T.);
#8126=ORIENTED_EDGE('',*,*,#4575,.T.);
#8127=ORIENTED_EDGE('',*,*,#4574,.T.);
#8128=ORIENTED_EDGE('',*,*,#4573,.T.);
#8129=ORIENTED_EDGE('',*,*,#4572,.T.);
#8130=ORIENTED_EDGE('',*,*,#4571,.T.);
#8131=ORIENTED_EDGE('',*,*,#4570,.T.);
#8132=ORIENTED_EDGE('',*,*,#4569,.T.);
#8133=ORIENTED_EDGE('',*,*,#4568,.T.);
#8134=ORIENTED_EDGE('',*,*,#4567,.T.);
#8135=ORIENTED_EDGE('',*,*,#4566,.T.);
#8136=ORIENTED_EDGE('',*,*,#4565,.T.);
#8137=ORIENTED_EDGE('',*,*,#4564,.T.);
#8138=ORIENTED_EDGE('',*,*,#4563,.T.);
#8139=ORIENTED_EDGE('',*,*,#4562,.T.);
#8140=ORIENTED_EDGE('',*,*,#4561,.T.);
#8141=ORIENTED_EDGE('',*,*,#4560,.T.);
#8142=ORIENTED_EDGE('',*,*,#4559,.F.);
#8143=ORIENTED_EDGE('',*,*,#4558,.F.);
#8144=ORIENTED_EDGE('',*,*,#4557,.F.);
#8145=ORIENTED_EDGE('',*,*,#4556,.F.);
#8146=ORIENTED_EDGE('',*,*,#4555,.F.);
#8147=ORIENTED_EDGE('',*,*,#4554,.F.);
#8148=ORIENTED_EDGE('',*,*,#4553,.F.);
#8149=ORIENTED_EDGE('',*,*,#4552,.F.);
#8150=ORIENTED_EDGE('',*,*,#4551,.F.);
#8151=ORIENTED_EDGE('',*,*,#4550,.F.);
#8152=ORIENTED_EDGE('',*,*,#4549,.F.);
#8153=ORIENTED_EDGE('',*,*,#4548,.F.);
#8154=ORIENTED_EDGE('',*,*,#4547,.F.);
#8155=ORIENTED_EDGE('',*,*,#4546,.F.);
#8156=ORIENTED_EDGE('',*,*,#4545,.F.);
#8157=ORIENTED_EDGE('',*,*,#4544,.F.);
#8158=ORIENTED_EDGE('',*,*,#4543,.F.);
#8159=ORIENTED_EDGE('',*,*,#4542,.F.);
#8160=ORIENTED_EDGE('',*,*,#4541,.T.);
#8161=ORIENTED_EDGE('',*,*,#4580,.T.);
#8162=ORIENTED_EDGE('',*,*,#4579,.T.);
#8163=ORIENTED_EDGE('',*,*,#4696,.T.);
#8164=ORIENTED_EDGE('',*,*,#4695,.T.);
#8165=ORIENTED_EDGE('',*,*,#4694,.T.);
#8166=ORIENTED_EDGE('',*,*,#4693,.T.);
#8167=ORIENTED_EDGE('',*,*,#4692,.T.);
#8168=ORIENTED_EDGE('',*,*,#4691,.T.);
#8169=ORIENTED_EDGE('',*,*,#4690,.T.);
#8170=ORIENTED_EDGE('',*,*,#4689,.T.);
#8171=ORIENTED_EDGE('',*,*,#4688,.T.);
#8172=ORIENTED_EDGE('',*,*,#4687,.T.);
#8173=ORIENTED_EDGE('',*,*,#4686,.T.);
#8174=ORIENTED_EDGE('',*,*,#4685,.T.);
#8175=ORIENTED_EDGE('',*,*,#4684,.T.);
#8176=ORIENTED_EDGE('',*,*,#4683,.T.);
#8177=ORIENTED_EDGE('',*,*,#4682,.T.);
#8178=ORIENTED_EDGE('',*,*,#4681,.T.);
#8179=ORIENTED_EDGE('',*,*,#4680,.T.);
#8180=ORIENTED_EDGE('',*,*,#4679,.T.);
#8181=ORIENTED_EDGE('',*,*,#4678,.T.);
#8182=ORIENTED_EDGE('',*,*,#4677,.T.);
#8183=ORIENTED_EDGE('',*,*,#4676,.T.);
#8184=ORIENTED_EDGE('',*,*,#4675,.T.);
#8185=ORIENTED_EDGE('',*,*,#4674,.T.);
#8186=ORIENTED_EDGE('',*,*,#4673,.T.);
#8187=ORIENTED_EDGE('',*,*,#4672,.T.);
#8188=ORIENTED_EDGE('',*,*,#4671,.T.);
#8189=ORIENTED_EDGE('',*,*,#4670,.F.);
#8190=ORIENTED_EDGE('',*,*,#4669,.F.);
#8191=ORIENTED_EDGE('',*,*,#4668,.F.);
#8192=ORIENTED_EDGE('',*,*,#4667,.F.);
#8193=ORIENTED_EDGE('',*,*,#4666,.F.);
#8194=ORIENTED_EDGE('',*,*,#4665,.F.);
#8195=ORIENTED_EDGE('',*,*,#4664,.F.);
#8196=ORIENTED_EDGE('',*,*,#4663,.F.);
#8197=ORIENTED_EDGE('',*,*,#4662,.F.);
#8198=ORIENTED_EDGE('',*,*,#4661,.F.);
#8199=ORIENTED_EDGE('',*,*,#4660,.F.);
#8200=ORIENTED_EDGE('',*,*,#4659,.F.);
#8201=ORIENTED_EDGE('',*,*,#4658,.F.);
#8202=ORIENTED_EDGE('',*,*,#4657,.F.);
#8203=ORIENTED_EDGE('',*,*,#4656,.F.);
#8204=ORIENTED_EDGE('',*,*,#4655,.F.);
#8205=ORIENTED_EDGE('',*,*,#4654,.F.);
#8206=ORIENTED_EDGE('',*,*,#4653,.F.);
#8207=ORIENTED_EDGE('',*,*,#4652,.F.);
#8208=ORIENTED_EDGE('',*,*,#4651,.F.);
#8209=ORIENTED_EDGE('',*,*,#4650,.F.);
#8210=ORIENTED_EDGE('',*,*,#4649,.F.);
#8211=ORIENTED_EDGE('',*,*,#4648,.F.);
#8212=ORIENTED_EDGE('',*,*,#4647,.F.);
#8213=ORIENTED_EDGE('',*,*,#4646,.F.);
#8214=ORIENTED_EDGE('',*,*,#4645,.F.);
#8215=ORIENTED_EDGE('',*,*,#4644,.F.);
#8216=ORIENTED_EDGE('',*,*,#4643,.T.);
#8217=ORIENTED_EDGE('',*,*,#4642,.T.);
#8218=ORIENTED_EDGE('',*,*,#4641,.T.);
#8219=ORIENTED_EDGE('',*,*,#4640,.T.);
#8220=ORIENTED_EDGE('',*,*,#4639,.T.);
#8221=ORIENTED_EDGE('',*,*,#4638,.T.);
#8222=ORIENTED_EDGE('',*,*,#4637,.T.);
#8223=ORIENTED_EDGE('',*,*,#4636,.T.);
#8224=ORIENTED_EDGE('',*,*,#4635,.T.);
#8225=ORIENTED_EDGE('',*,*,#4634,.T.);
#8226=ORIENTED_EDGE('',*,*,#4633,.T.);
#8227=ORIENTED_EDGE('',*,*,#4632,.T.);
#8228=ORIENTED_EDGE('',*,*,#4631,.T.);
#8229=ORIENTED_EDGE('',*,*,#4630,.T.);
#8230=ORIENTED_EDGE('',*,*,#4629,.T.);
#8231=ORIENTED_EDGE('',*,*,#4628,.T.);
#8232=ORIENTED_EDGE('',*,*,#4627,.T.);
#8233=ORIENTED_EDGE('',*,*,#4626,.T.);
#8234=ORIENTED_EDGE('',*,*,#4625,.T.);
#8235=ORIENTED_EDGE('',*,*,#4624,.T.);
#8236=ORIENTED_EDGE('',*,*,#4623,.T.);
#8237=ORIENTED_EDGE('',*,*,#4622,.T.);
#8238=ORIENTED_EDGE('',*,*,#4621,.T.);
#8239=ORIENTED_EDGE('',*,*,#4620,.T.);
#8240=ORIENTED_EDGE('',*,*,#4619,.T.);
#8241=ORIENTED_EDGE('',*,*,#4618,.T.);
#8242=ORIENTED_EDGE('',*,*,#4617,.T.);
#8243=ORIENTED_EDGE('',*,*,#4616,.T.);
#8244=ORIENTED_EDGE('',*,*,#4615,.T.);
#8245=ORIENTED_EDGE('',*,*,#4614,.T.);
#8246=ORIENTED_EDGE('',*,*,#4613,.T.);
#8247=ORIENTED_EDGE('',*,*,#4612,.F.);
#8248=ORIENTED_EDGE('',*,*,#4611,.F.);
#8249=ORIENTED_EDGE('',*,*,#4610,.F.);
#8250=ORIENTED_EDGE('',*,*,#4609,.F.);
#8251=ORIENTED_EDGE('',*,*,#4608,.F.);
#8252=ORIENTED_EDGE('',*,*,#4607,.F.);
#8253=ORIENTED_EDGE('',*,*,#4606,.F.);
#8254=ORIENTED_EDGE('',*,*,#4605,.F.);
#8255=ORIENTED_EDGE('',*,*,#4604,.F.);
#8256=ORIENTED_EDGE('',*,*,#4603,.F.);
#8257=ORIENTED_EDGE('',*,*,#4602,.F.);
#8258=ORIENTED_EDGE('',*,*,#4601,.F.);
#8259=ORIENTED_EDGE('',*,*,#4600,.F.);
#8260=ORIENTED_EDGE('',*,*,#4599,.F.);
#8261=ORIENTED_EDGE('',*,*,#4598,.F.);
#8262=ORIENTED_EDGE('',*,*,#4597,.F.);
#8263=ORIENTED_EDGE('',*,*,#4596,.F.);
#8264=ORIENTED_EDGE('',*,*,#4595,.F.);
#8265=ORIENTED_EDGE('',*,*,#4594,.F.);
#8266=ORIENTED_EDGE('',*,*,#4593,.F.);
#8267=ORIENTED_EDGE('',*,*,#4592,.F.);
#8268=ORIENTED_EDGE('',*,*,#4591,.F.);
#8269=ORIENTED_EDGE('',*,*,#4590,.F.);
#8270=ORIENTED_EDGE('',*,*,#4589,.F.);
#8271=ORIENTED_EDGE('',*,*,#4588,.F.);
#8272=ORIENTED_EDGE('',*,*,#4587,.F.);
#8273=ORIENTED_EDGE('',*,*,#4586,.F.);
#8274=ORIENTED_EDGE('',*,*,#4585,.F.);
#8275=ORIENTED_EDGE('',*,*,#4584,.F.);
#8276=ORIENTED_EDGE('',*,*,#4583,.F.);
#8277=ORIENTED_EDGE('',*,*,#4582,.F.);
#8278=ORIENTED_EDGE('',*,*,#4581,.F.);
#8279=ORIENTED_EDGE('',*,*,#5499,.T.);
#8280=ORIENTED_EDGE('',*,*,#5500,.T.);
#8281=ORIENTED_EDGE('',*,*,#5501,.T.);
#8282=ORIENTED_EDGE('',*,*,#5500,.F.);
#8283=ORIENTED_EDGE('',*,*,#5502,.F.);
#8284=ORIENTED_EDGE('',*,*,#5503,.T.);
#8285=ORIENTED_EDGE('',*,*,#5504,.T.);
#8286=ORIENTED_EDGE('',*,*,#5505,.T.);
#8287=ORIENTED_EDGE('',*,*,#5506,.F.);
#8288=ORIENTED_EDGE('',*,*,#5507,.T.);
#8289=ORIENTED_EDGE('',*,*,#5508,.T.);
#8290=ORIENTED_EDGE('',*,*,#5509,.T.);
#8291=ORIENTED_EDGE('',*,*,#5510,.F.);
#8292=ORIENTED_EDGE('',*,*,#5511,.T.);
#8293=ORIENTED_EDGE('',*,*,#5512,.F.);
#8294=ORIENTED_EDGE('',*,*,#5511,.F.);
#8295=ORIENTED_EDGE('',*,*,#5513,.F.);
#8296=ORIENTED_EDGE('',*,*,#5514,.F.);
#8297=ORIENTED_EDGE('',*,*,#5515,.F.);
#8298=ORIENTED_EDGE('',*,*,#5516,.F.);
#8299=ORIENTED_EDGE('',*,*,#5517,.F.);
#8300=ORIENTED_EDGE('',*,*,#5518,.F.);
#8301=ORIENTED_EDGE('',*,*,#5519,.F.);
#8302=ORIENTED_EDGE('',*,*,#5520,.T.);
#8303=ORIENTED_EDGE('',*,*,#5521,.F.);
#8304=ORIENTED_EDGE('',*,*,#5504,.F.);
#8305=ORIENTED_EDGE('',*,*,#5522,.T.);
#8306=ORIENTED_EDGE('',*,*,#5523,.F.);
#8307=ORIENTED_EDGE('',*,*,#5524,.F.);
#8308=ORIENTED_EDGE('',*,*,#5525,.T.);
#8309=ORIENTED_EDGE('',*,*,#5501,.F.);
#8310=ORIENTED_EDGE('',*,*,#5526,.T.);
#8311=ORIENTED_EDGE('',*,*,#5527,.F.);
#8312=ORIENTED_EDGE('',*,*,#5528,.F.);
#8313=ORIENTED_EDGE('',*,*,#5523,.T.);
#8314=ORIENTED_EDGE('',*,*,#5529,.T.);
#8315=ORIENTED_EDGE('',*,*,#5530,.F.);
#8316=ORIENTED_EDGE('',*,*,#5531,.F.);
#8317=ORIENTED_EDGE('',*,*,#5527,.T.);
#8318=ORIENTED_EDGE('',*,*,#5532,.T.);
#8319=ORIENTED_EDGE('',*,*,#5533,.T.);
#8320=ORIENTED_EDGE('',*,*,#5534,.F.);
#8321=ORIENTED_EDGE('',*,*,#5535,.F.);
#8322=ORIENTED_EDGE('',*,*,#5536,.F.);
#8323=ORIENTED_EDGE('',*,*,#5537,.F.);
#8324=ORIENTED_EDGE('',*,*,#5538,.T.);
#8325=ORIENTED_EDGE('',*,*,#5539,.T.);
#8326=ORIENTED_EDGE('',*,*,#5540,.F.);
#8327=ORIENTED_EDGE('',*,*,#5541,.F.);
#8328=ORIENTED_EDGE('',*,*,#5542,.T.);
#8329=ORIENTED_EDGE('',*,*,#5537,.T.);
#8330=ORIENTED_EDGE('',*,*,#5543,.F.);
#8331=ORIENTED_EDGE('',*,*,#5544,.F.);
#8332=ORIENTED_EDGE('',*,*,#5545,.T.);
#8333=ORIENTED_EDGE('',*,*,#5541,.T.);
#8334=ORIENTED_EDGE('',*,*,#5546,.F.);
#8335=ORIENTED_EDGE('',*,*,#5539,.F.);
#8336=ORIENTED_EDGE('',*,*,#5547,.T.);
#8337=ORIENTED_EDGE('',*,*,#5544,.T.);
#8338=ORIENTED_EDGE('',*,*,#5548,.T.);
#8339=ORIENTED_EDGE('',*,*,#5525,.F.);
#8340=ORIENTED_EDGE('',*,*,#5549,.F.);
#8341=ORIENTED_EDGE('',*,*,#5530,.T.);
#8342=ORIENTED_EDGE('',*,*,#5524,.T.);
#8343=ORIENTED_EDGE('',*,*,#5528,.T.);
#8344=ORIENTED_EDGE('',*,*,#5531,.T.);
#8345=ORIENTED_EDGE('',*,*,#5549,.T.);
#8346=ORIENTED_EDGE('',*,*,#5538,.F.);
#8347=ORIENTED_EDGE('',*,*,#5542,.F.);
#8348=ORIENTED_EDGE('',*,*,#5545,.F.);
#8349=ORIENTED_EDGE('',*,*,#5547,.F.);
#8350=ORIENTED_EDGE('',*,*,#5522,.F.);
#8351=ORIENTED_EDGE('',*,*,#5548,.F.);
#8352=ORIENTED_EDGE('',*,*,#5529,.F.);
#8353=ORIENTED_EDGE('',*,*,#5526,.F.);
#8354=ORIENTED_EDGE('',*,*,#5536,.T.);
#8355=ORIENTED_EDGE('',*,*,#5546,.T.);
#8356=ORIENTED_EDGE('',*,*,#5543,.T.);
#8357=ORIENTED_EDGE('',*,*,#5540,.T.);
#8358=ORIENTED_EDGE('',*,*,#5520,.F.);
#8359=ORIENTED_EDGE('',*,*,#5550,.F.);
#8360=ORIENTED_EDGE('',*,*,#5551,.F.);
#8361=ORIENTED_EDGE('',*,*,#5552,.F.);
#8362=ORIENTED_EDGE('',*,*,#5553,.F.);
#8363=ORIENTED_EDGE('',*,*,#5554,.F.);
#8364=ORIENTED_EDGE('',*,*,#5555,.F.);
#8365=ORIENTED_EDGE('',*,*,#5508,.F.);
#8366=ORIENTED_EDGE('',*,*,#5556,.F.);
#8367=ORIENTED_EDGE('',*,*,#5517,.T.);
#8368=ORIENTED_EDGE('',*,*,#5512,.T.);
#8369=ORIENTED_EDGE('',*,*,#5499,.F.);
#8370=ORIENTED_EDGE('',*,*,#5506,.T.);
#8371=ORIENTED_EDGE('',*,*,#5557,.T.);
#8372=ORIENTED_EDGE('',*,*,#5558,.T.);
#8373=ORIENTED_EDGE('',*,*,#5559,.T.);
#8374=ORIENTED_EDGE('',*,*,#5560,.T.);
#8375=ORIENTED_EDGE('',*,*,#5561,.T.);
#8376=ORIENTED_EDGE('',*,*,#5502,.T.);
#8377=ORIENTED_EDGE('',*,*,#5510,.T.);
#8378=ORIENTED_EDGE('',*,*,#5562,.T.);
#8379=ORIENTED_EDGE('',*,*,#5563,.T.);
#8380=ORIENTED_EDGE('',*,*,#5564,.T.);
#8381=ORIENTED_EDGE('',*,*,#5565,.T.);
#8382=ORIENTED_EDGE('',*,*,#5566,.T.);
#8383=ORIENTED_EDGE('',*,*,#5553,.T.);
#8384=ORIENTED_EDGE('',*,*,#5567,.F.);
#8385=ORIENTED_EDGE('',*,*,#5558,.F.);
#8386=ORIENTED_EDGE('',*,*,#5568,.T.);
#8387=ORIENTED_EDGE('',*,*,#5552,.T.);
#8388=ORIENTED_EDGE('',*,*,#5569,.F.);
#8389=ORIENTED_EDGE('',*,*,#5559,.F.);
#8390=ORIENTED_EDGE('',*,*,#5567,.T.);
#8391=ORIENTED_EDGE('',*,*,#5551,.T.);
#8392=ORIENTED_EDGE('',*,*,#5570,.F.);
#8393=ORIENTED_EDGE('',*,*,#5560,.F.);
#8394=ORIENTED_EDGE('',*,*,#5569,.T.);
#8395=ORIENTED_EDGE('',*,*,#5519,.T.);
#8396=ORIENTED_EDGE('',*,*,#5503,.F.);
#8397=ORIENTED_EDGE('',*,*,#5561,.F.);
#8398=ORIENTED_EDGE('',*,*,#5570,.T.);
#8399=ORIENTED_EDGE('',*,*,#5550,.T.);
#8400=ORIENTED_EDGE('',*,*,#5555,.T.);
#8401=ORIENTED_EDGE('',*,*,#5516,.T.);
#8402=ORIENTED_EDGE('',*,*,#5571,.F.);
#8403=ORIENTED_EDGE('',*,*,#5562,.F.);
#8404=ORIENTED_EDGE('',*,*,#5509,.F.);
#8405=ORIENTED_EDGE('',*,*,#5515,.T.);
#8406=ORIENTED_EDGE('',*,*,#5572,.F.);
#8407=ORIENTED_EDGE('',*,*,#5563,.F.);
#8408=ORIENTED_EDGE('',*,*,#5571,.T.);
#8409=ORIENTED_EDGE('',*,*,#5514,.T.);
#8410=ORIENTED_EDGE('',*,*,#5573,.F.);
#8411=ORIENTED_EDGE('',*,*,#5564,.F.);
#8412=ORIENTED_EDGE('',*,*,#5572,.T.);
#8413=ORIENTED_EDGE('',*,*,#5513,.T.);
#8414=ORIENTED_EDGE('',*,*,#5574,.F.);
#8415=ORIENTED_EDGE('',*,*,#5565,.F.);
#8416=ORIENTED_EDGE('',*,*,#5573,.T.);
#8417=ORIENTED_EDGE('',*,*,#5556,.T.);
#8418=ORIENTED_EDGE('',*,*,#5507,.F.);
#8419=ORIENTED_EDGE('',*,*,#5566,.F.);
#8420=ORIENTED_EDGE('',*,*,#5574,.T.);
#8421=ORIENTED_EDGE('',*,*,#5518,.T.);
#8422=ORIENTED_EDGE('',*,*,#5521,.T.);
#8423=ORIENTED_EDGE('',*,*,#5554,.T.);
#8424=ORIENTED_EDGE('',*,*,#5568,.F.);
#8425=ORIENTED_EDGE('',*,*,#5557,.F.);
#8426=ORIENTED_EDGE('',*,*,#5505,.F.);
#8427=ORIENTED_EDGE('',*,*,#5575,.T.);
#8428=ORIENTED_EDGE('',*,*,#5576,.F.);
#8429=ORIENTED_EDGE('',*,*,#5577,.F.);
#8430=ORIENTED_EDGE('',*,*,#5534,.T.);
#8431=ORIENTED_EDGE('',*,*,#5578,.T.);
#8432=ORIENTED_EDGE('',*,*,#5579,.F.);
#8433=ORIENTED_EDGE('',*,*,#5580,.F.);
#8434=ORIENTED_EDGE('',*,*,#5576,.T.);
#8435=ORIENTED_EDGE('',*,*,#5581,.T.);
#8436=ORIENTED_EDGE('',*,*,#5582,.F.);
#8437=ORIENTED_EDGE('',*,*,#5583,.F.);
#8438=ORIENTED_EDGE('',*,*,#5579,.T.);
#8439=ORIENTED_EDGE('',*,*,#5584,.T.);
#8440=ORIENTED_EDGE('',*,*,#5585,.F.);
#8441=ORIENTED_EDGE('',*,*,#5586,.F.);
#8442=ORIENTED_EDGE('',*,*,#5582,.T.);
#8443=ORIENTED_EDGE('',*,*,#5587,.T.);
#8444=ORIENTED_EDGE('',*,*,#5532,.F.);
#8445=ORIENTED_EDGE('',*,*,#5588,.F.);
#8446=ORIENTED_EDGE('',*,*,#5585,.T.);
#8447=ORIENTED_EDGE('',*,*,#5577,.T.);
#8448=ORIENTED_EDGE('',*,*,#5580,.T.);
#8449=ORIENTED_EDGE('',*,*,#5583,.T.);
#8450=ORIENTED_EDGE('',*,*,#5586,.T.);
#8451=ORIENTED_EDGE('',*,*,#5588,.T.);
#8452=ORIENTED_EDGE('',*,*,#5535,.T.);
#8453=ORIENTED_EDGE('',*,*,#5575,.F.);
#8454=ORIENTED_EDGE('',*,*,#5533,.F.);
#8455=ORIENTED_EDGE('',*,*,#5587,.F.);
#8456=ORIENTED_EDGE('',*,*,#5584,.F.);
#8457=ORIENTED_EDGE('',*,*,#5581,.F.);
#8458=ORIENTED_EDGE('',*,*,#5578,.F.);
#8459=ORIENTED_EDGE('',*,*,#5589,.T.);
#8460=ORIENTED_EDGE('',*,*,#5590,.T.);
#8461=ORIENTED_EDGE('',*,*,#5591,.T.);
#8462=ORIENTED_EDGE('',*,*,#5590,.F.);
#8463=ORIENTED_EDGE('',*,*,#5592,.F.);
#8464=ORIENTED_EDGE('',*,*,#5593,.T.);
#8465=ORIENTED_EDGE('',*,*,#5594,.T.);
#8466=ORIENTED_EDGE('',*,*,#5595,.T.);
#8467=ORIENTED_EDGE('',*,*,#5596,.F.);
#8468=ORIENTED_EDGE('',*,*,#5597,.T.);
#8469=ORIENTED_EDGE('',*,*,#5598,.T.);
#8470=ORIENTED_EDGE('',*,*,#5599,.T.);
#8471=ORIENTED_EDGE('',*,*,#5600,.F.);
#8472=ORIENTED_EDGE('',*,*,#5601,.T.);
#8473=ORIENTED_EDGE('',*,*,#5602,.F.);
#8474=ORIENTED_EDGE('',*,*,#5601,.F.);
#8475=ORIENTED_EDGE('',*,*,#5603,.F.);
#8476=ORIENTED_EDGE('',*,*,#5604,.F.);
#8477=ORIENTED_EDGE('',*,*,#5605,.F.);
#8478=ORIENTED_EDGE('',*,*,#5606,.F.);
#8479=ORIENTED_EDGE('',*,*,#5607,.F.);
#8480=ORIENTED_EDGE('',*,*,#5608,.F.);
#8481=ORIENTED_EDGE('',*,*,#5609,.F.);
#8482=ORIENTED_EDGE('',*,*,#5610,.T.);
#8483=ORIENTED_EDGE('',*,*,#5611,.F.);
#8484=ORIENTED_EDGE('',*,*,#5594,.F.);
#8485=ORIENTED_EDGE('',*,*,#5612,.T.);
#8486=ORIENTED_EDGE('',*,*,#5613,.F.);
#8487=ORIENTED_EDGE('',*,*,#5614,.F.);
#8488=ORIENTED_EDGE('',*,*,#5615,.T.);
#8489=ORIENTED_EDGE('',*,*,#5591,.F.);
#8490=ORIENTED_EDGE('',*,*,#5616,.T.);
#8491=ORIENTED_EDGE('',*,*,#5617,.F.);
#8492=ORIENTED_EDGE('',*,*,#5618,.F.);
#8493=ORIENTED_EDGE('',*,*,#5613,.T.);
#8494=ORIENTED_EDGE('',*,*,#5619,.T.);
#8495=ORIENTED_EDGE('',*,*,#5620,.F.);
#8496=ORIENTED_EDGE('',*,*,#5621,.F.);
#8497=ORIENTED_EDGE('',*,*,#5617,.T.);
#8498=ORIENTED_EDGE('',*,*,#5622,.T.);
#8499=ORIENTED_EDGE('',*,*,#5623,.T.);
#8500=ORIENTED_EDGE('',*,*,#5624,.F.);
#8501=ORIENTED_EDGE('',*,*,#5625,.F.);
#8502=ORIENTED_EDGE('',*,*,#5626,.F.);
#8503=ORIENTED_EDGE('',*,*,#5627,.F.);
#8504=ORIENTED_EDGE('',*,*,#5628,.T.);
#8505=ORIENTED_EDGE('',*,*,#5629,.T.);
#8506=ORIENTED_EDGE('',*,*,#5630,.F.);
#8507=ORIENTED_EDGE('',*,*,#5631,.F.);
#8508=ORIENTED_EDGE('',*,*,#5632,.T.);
#8509=ORIENTED_EDGE('',*,*,#5627,.T.);
#8510=ORIENTED_EDGE('',*,*,#5633,.F.);
#8511=ORIENTED_EDGE('',*,*,#5634,.F.);
#8512=ORIENTED_EDGE('',*,*,#5635,.T.);
#8513=ORIENTED_EDGE('',*,*,#5631,.T.);
#8514=ORIENTED_EDGE('',*,*,#5636,.F.);
#8515=ORIENTED_EDGE('',*,*,#5629,.F.);
#8516=ORIENTED_EDGE('',*,*,#5637,.T.);
#8517=ORIENTED_EDGE('',*,*,#5634,.T.);
#8518=ORIENTED_EDGE('',*,*,#5638,.T.);
#8519=ORIENTED_EDGE('',*,*,#5615,.F.);
#8520=ORIENTED_EDGE('',*,*,#5639,.F.);
#8521=ORIENTED_EDGE('',*,*,#5620,.T.);
#8522=ORIENTED_EDGE('',*,*,#5614,.T.);
#8523=ORIENTED_EDGE('',*,*,#5618,.T.);
#8524=ORIENTED_EDGE('',*,*,#5621,.T.);
#8525=ORIENTED_EDGE('',*,*,#5639,.T.);
#8526=ORIENTED_EDGE('',*,*,#5628,.F.);
#8527=ORIENTED_EDGE('',*,*,#5632,.F.);
#8528=ORIENTED_EDGE('',*,*,#5635,.F.);
#8529=ORIENTED_EDGE('',*,*,#5637,.F.);
#8530=ORIENTED_EDGE('',*,*,#5612,.F.);
#8531=ORIENTED_EDGE('',*,*,#5638,.F.);
#8532=ORIENTED_EDGE('',*,*,#5619,.F.);
#8533=ORIENTED_EDGE('',*,*,#5616,.F.);
#8534=ORIENTED_EDGE('',*,*,#5626,.T.);
#8535=ORIENTED_EDGE('',*,*,#5636,.T.);
#8536=ORIENTED_EDGE('',*,*,#5633,.T.);
#8537=ORIENTED_EDGE('',*,*,#5630,.T.);
#8538=ORIENTED_EDGE('',*,*,#5610,.F.);
#8539=ORIENTED_EDGE('',*,*,#5640,.F.);
#8540=ORIENTED_EDGE('',*,*,#5641,.F.);
#8541=ORIENTED_EDGE('',*,*,#5642,.F.);
#8542=ORIENTED_EDGE('',*,*,#5643,.F.);
#8543=ORIENTED_EDGE('',*,*,#5644,.F.);
#8544=ORIENTED_EDGE('',*,*,#5645,.F.);
#8545=ORIENTED_EDGE('',*,*,#5598,.F.);
#8546=ORIENTED_EDGE('',*,*,#5646,.F.);
#8547=ORIENTED_EDGE('',*,*,#5607,.T.);
#8548=ORIENTED_EDGE('',*,*,#5602,.T.);
#8549=ORIENTED_EDGE('',*,*,#5589,.F.);
#8550=ORIENTED_EDGE('',*,*,#5596,.T.);
#8551=ORIENTED_EDGE('',*,*,#5647,.T.);
#8552=ORIENTED_EDGE('',*,*,#5648,.T.);
#8553=ORIENTED_EDGE('',*,*,#5649,.T.);
#8554=ORIENTED_EDGE('',*,*,#5650,.T.);
#8555=ORIENTED_EDGE('',*,*,#5651,.T.);
#8556=ORIENTED_EDGE('',*,*,#5592,.T.);
#8557=ORIENTED_EDGE('',*,*,#5600,.T.);
#8558=ORIENTED_EDGE('',*,*,#5652,.T.);
#8559=ORIENTED_EDGE('',*,*,#5653,.T.);
#8560=ORIENTED_EDGE('',*,*,#5654,.T.);
#8561=ORIENTED_EDGE('',*,*,#5655,.T.);
#8562=ORIENTED_EDGE('',*,*,#5656,.T.);
#8563=ORIENTED_EDGE('',*,*,#5643,.T.);
#8564=ORIENTED_EDGE('',*,*,#5657,.F.);
#8565=ORIENTED_EDGE('',*,*,#5648,.F.);
#8566=ORIENTED_EDGE('',*,*,#5658,.T.);
#8567=ORIENTED_EDGE('',*,*,#5642,.T.);
#8568=ORIENTED_EDGE('',*,*,#5659,.F.);
#8569=ORIENTED_EDGE('',*,*,#5649,.F.);
#8570=ORIENTED_EDGE('',*,*,#5657,.T.);
#8571=ORIENTED_EDGE('',*,*,#5641,.T.);
#8572=ORIENTED_EDGE('',*,*,#5660,.F.);
#8573=ORIENTED_EDGE('',*,*,#5650,.F.);
#8574=ORIENTED_EDGE('',*,*,#5659,.T.);
#8575=ORIENTED_EDGE('',*,*,#5609,.T.);
#8576=ORIENTED_EDGE('',*,*,#5593,.F.);
#8577=ORIENTED_EDGE('',*,*,#5651,.F.);
#8578=ORIENTED_EDGE('',*,*,#5660,.T.);
#8579=ORIENTED_EDGE('',*,*,#5640,.T.);
#8580=ORIENTED_EDGE('',*,*,#5645,.T.);
#8581=ORIENTED_EDGE('',*,*,#5606,.T.);
#8582=ORIENTED_EDGE('',*,*,#5661,.F.);
#8583=ORIENTED_EDGE('',*,*,#5652,.F.);
#8584=ORIENTED_EDGE('',*,*,#5599,.F.);
#8585=ORIENTED_EDGE('',*,*,#5605,.T.);
#8586=ORIENTED_EDGE('',*,*,#5662,.F.);
#8587=ORIENTED_EDGE('',*,*,#5653,.F.);
#8588=ORIENTED_EDGE('',*,*,#5661,.T.);
#8589=ORIENTED_EDGE('',*,*,#5604,.T.);
#8590=ORIENTED_EDGE('',*,*,#5663,.F.);
#8591=ORIENTED_EDGE('',*,*,#5654,.F.);
#8592=ORIENTED_EDGE('',*,*,#5662,.T.);
#8593=ORIENTED_EDGE('',*,*,#5603,.T.);
#8594=ORIENTED_EDGE('',*,*,#5664,.F.);
#8595=ORIENTED_EDGE('',*,*,#5655,.F.);
#8596=ORIENTED_EDGE('',*,*,#5663,.T.);
#8597=ORIENTED_EDGE('',*,*,#5646,.T.);
#8598=ORIENTED_EDGE('',*,*,#5597,.F.);
#8599=ORIENTED_EDGE('',*,*,#5656,.F.);
#8600=ORIENTED_EDGE('',*,*,#5664,.T.);
#8601=ORIENTED_EDGE('',*,*,#5608,.T.);
#8602=ORIENTED_EDGE('',*,*,#5611,.T.);
#8603=ORIENTED_EDGE('',*,*,#5644,.T.);
#8604=ORIENTED_EDGE('',*,*,#5658,.F.);
#8605=ORIENTED_EDGE('',*,*,#5647,.F.);
#8606=ORIENTED_EDGE('',*,*,#5595,.F.);
#8607=ORIENTED_EDGE('',*,*,#5665,.T.);
#8608=ORIENTED_EDGE('',*,*,#5666,.F.);
#8609=ORIENTED_EDGE('',*,*,#5667,.F.);
#8610=ORIENTED_EDGE('',*,*,#5624,.T.);
#8611=ORIENTED_EDGE('',*,*,#5668,.T.);
#8612=ORIENTED_EDGE('',*,*,#5669,.F.);
#8613=ORIENTED_EDGE('',*,*,#5670,.F.);
#8614=ORIENTED_EDGE('',*,*,#5666,.T.);
#8615=ORIENTED_EDGE('',*,*,#5671,.T.);
#8616=ORIENTED_EDGE('',*,*,#5672,.F.);
#8617=ORIENTED_EDGE('',*,*,#5673,.F.);
#8618=ORIENTED_EDGE('',*,*,#5669,.T.);
#8619=ORIENTED_EDGE('',*,*,#5674,.T.);
#8620=ORIENTED_EDGE('',*,*,#5675,.F.);
#8621=ORIENTED_EDGE('',*,*,#5676,.F.);
#8622=ORIENTED_EDGE('',*,*,#5672,.T.);
#8623=ORIENTED_EDGE('',*,*,#5677,.T.);
#8624=ORIENTED_EDGE('',*,*,#5622,.F.);
#8625=ORIENTED_EDGE('',*,*,#5678,.F.);
#8626=ORIENTED_EDGE('',*,*,#5675,.T.);
#8627=ORIENTED_EDGE('',*,*,#5667,.T.);
#8628=ORIENTED_EDGE('',*,*,#5670,.T.);
#8629=ORIENTED_EDGE('',*,*,#5673,.T.);
#8630=ORIENTED_EDGE('',*,*,#5676,.T.);
#8631=ORIENTED_EDGE('',*,*,#5678,.T.);
#8632=ORIENTED_EDGE('',*,*,#5625,.T.);
#8633=ORIENTED_EDGE('',*,*,#5665,.F.);
#8634=ORIENTED_EDGE('',*,*,#5623,.F.);
#8635=ORIENTED_EDGE('',*,*,#5677,.F.);
#8636=ORIENTED_EDGE('',*,*,#5674,.F.);
#8637=ORIENTED_EDGE('',*,*,#5671,.F.);
#8638=ORIENTED_EDGE('',*,*,#5668,.F.);
#8639=CYLINDRICAL_SURFACE('',#9248,0.0335818012680662);
#8640=CYLINDRICAL_SURFACE('',#9251,0.033581801268406);
#8641=CYLINDRICAL_SURFACE('',#9254,0.0335818012708099);
#8642=CYLINDRICAL_SURFACE('',#9257,0.0671636025399509);
#8643=CYLINDRICAL_SURFACE('',#9260,0.201490807616427);
#8644=CYLINDRICAL_SURFACE('',#9263,0.0671636025410192);
#8645=CYLINDRICAL_SURFACE('',#9266,0.0335818012706507);
#8646=CYLINDRICAL_SURFACE('',#9269,0.134327205078006);
#8647=CYLINDRICAL_SURFACE('',#9272,3.3438627675405);
#8648=CYLINDRICAL_SURFACE('',#9275,2.84011431221291);
#8649=CYLINDRICAL_SURFACE('',#9278,0.733638142842943);
#8650=CYLINDRICAL_SURFACE('',#9281,1.11011408694832);
#8651=CYLINDRICAL_SURFACE('',#9284,0.733573676925051);
#8652=CYLINDRICAL_SURFACE('',#9287,0.290064681337252);
#8653=CYLINDRICAL_SURFACE('',#9290,1.11224249025963);
#8654=CYLINDRICAL_SURFACE('',#9293,0.0799999999999996);
#8655=CYLINDRICAL_SURFACE('',#9296,0.0500000000000014);
#8656=CYLINDRICAL_SURFACE('',#9299,0.0500000000000016);
#8657=CYLINDRICAL_SURFACE('',#9302,0.0800000000000019);
#8658=CYLINDRICAL_SURFACE('',#9305,0.0499999999999986);
#8659=CYLINDRICAL_SURFACE('',#9308,0.0800000000000019);
#8660=CYLINDRICAL_SURFACE('',#9311,0.0800000000000013);
#8661=CYLINDRICAL_SURFACE('',#9314,0.0499999999999997);
#8662=CYLINDRICAL_SURFACE('',#9317,0.0800000000000005);
#8663=CYLINDRICAL_SURFACE('',#9320,0.0499999999999996);
#8664=CYLINDRICAL_SURFACE('',#9323,0.0500000000000001);
#8665=CYLINDRICAL_SURFACE('',#9326,0.08);
#8666=CYLINDRICAL_SURFACE('',#9329,0.0800000000000003);
#8667=CYLINDRICAL_SURFACE('',#9332,0.0500000000000001);
#8668=CYLINDRICAL_SURFACE('',#9335,0.0499999999999998);
#8669=CYLINDRICAL_SURFACE('',#9338,0.08);
#8670=CYLINDRICAL_SURFACE('',#9341,1.5);
#8671=CYLINDRICAL_SURFACE('',#9344,2.);
#8672=CYLINDRICAL_SURFACE('',#9347,1.85);
#8673=CYLINDRICAL_SURFACE('',#9355,2.);
#8674=CYLINDRICAL_SURFACE('',#9357,1.5);
#8675=CYLINDRICAL_SURFACE('',#9360,2.);
#8676=CYLINDRICAL_SURFACE('',#9363,1.85);
#8677=CYLINDRICAL_SURFACE('',#9371,2.);
#8678=CYLINDRICAL_SURFACE('',#9939,0.499999999999999);
#8679=CYLINDRICAL_SURFACE('',#9941,0.499999999999999);
#8680=CYLINDRICAL_SURFACE('',#9944,0.399999999999996);
#8681=CYLINDRICAL_SURFACE('',#9948,0.499999999999999);
#8682=CYLINDRICAL_SURFACE('',#9951,0.200000000000007);
#8683=CYLINDRICAL_SURFACE('',#9953,0.200000000000006);
#8684=CYLINDRICAL_SURFACE('',#10279,1.);
#8685=CYLINDRICAL_SURFACE('',#10282,1.88);
#8686=CYLINDRICAL_SURFACE('',#10324,1.);
#8687=CYLINDRICAL_SURFACE('',#10327,1.88);
#8688=STYLED_ITEM('',(#16320),#8957);
#8689=STYLED_ITEM('',(#16320),#8958);
#8690=STYLED_ITEM('',(#16320),#8959);
#8691=STYLED_ITEM('',(#16320),#8960);
#8692=STYLED_ITEM('',(#16320),#8961);
#8693=STYLED_ITEM('',(#16320),#8962);
#8694=STYLED_ITEM('',(#16320),#8963);
#8695=STYLED_ITEM('',(#16320),#8964);
#8696=STYLED_ITEM('',(#16320),#8965);
#8697=STYLED_ITEM('',(#16320),#8966);
#8698=STYLED_ITEM('',(#16320),#8967);
#8699=STYLED_ITEM('',(#16320),#8968);
#8700=STYLED_ITEM('',(#16320),#8969);
#8701=STYLED_ITEM('',(#16320),#8970);
#8702=STYLED_ITEM('',(#16320),#8971);
#8703=STYLED_ITEM('',(#16320),#8972);
#8704=STYLED_ITEM('',(#16320),#8973);
#8705=STYLED_ITEM('',(#16320),#8974);
#8706=STYLED_ITEM('',(#16320),#8975);
#8707=STYLED_ITEM('',(#16320),#8976);
#8708=STYLED_ITEM('',(#16320),#8977);
#8709=STYLED_ITEM('',(#16320),#8978);
#8710=STYLED_ITEM('',(#16320),#8979);
#8711=STYLED_ITEM('',(#16320),#8980);
#8712=STYLED_ITEM('',(#16320),#8981);
#8713=STYLED_ITEM('',(#16320),#8982);
#8714=STYLED_ITEM('',(#16320),#8983);
#8715=STYLED_ITEM('',(#16320),#8984);
#8716=STYLED_ITEM('',(#16320),#8985);
#8717=STYLED_ITEM('',(#16320),#8986);
#8718=STYLED_ITEM('',(#16320),#8987);
#8719=STYLED_ITEM('',(#16320),#8988);
#8720=STYLED_ITEM('',(#16320),#8989);
#8721=STYLED_ITEM('',(#16320),#8990);
#8722=STYLED_ITEM('',(#16320),#8991);
#8723=STYLED_ITEM('',(#16320),#8992);
#8724=STYLED_ITEM('',(#16320),#8993);
#8725=STYLED_ITEM('',(#16320),#8994);
#8726=STYLED_ITEM('',(#16320),#8995);
#8727=STYLED_ITEM('',(#16320),#8996);
#8728=STYLED_ITEM('',(#16320),#8997);
#8729=STYLED_ITEM('',(#16320),#8998);
#8730=STYLED_ITEM('',(#16320),#8999);
#8731=STYLED_ITEM('',(#16320),#9000);
#8732=STYLED_ITEM('',(#16320),#9001);
#8733=STYLED_ITEM('',(#16320),#9002);
#8734=STYLED_ITEM('',(#16320),#9003);
#8735=STYLED_ITEM('',(#16320),#9004);
#8736=STYLED_ITEM('',(#16320),#9005);
#8737=STYLED_ITEM('',(#16320),#9006);
#8738=STYLED_ITEM('',(#16320),#9007);
#8739=STYLED_ITEM('',(#16320),#9008);
#8740=STYLED_ITEM('',(#16320),#9009);
#8741=STYLED_ITEM('',(#16320),#9010);
#8742=STYLED_ITEM('',(#16320),#9011);
#8743=STYLED_ITEM('',(#16320),#9012);
#8744=STYLED_ITEM('',(#16320),#9013);
#8745=STYLED_ITEM('',(#16320),#9014);
#8746=STYLED_ITEM('',(#16320),#9015);
#8747=STYLED_ITEM('',(#16320),#9016);
#8748=STYLED_ITEM('',(#16320),#9017);
#8749=STYLED_ITEM('',(#16320),#9018);
#8750=STYLED_ITEM('',(#16320),#9019);
#8751=STYLED_ITEM('',(#16320),#9020);
#8752=STYLED_ITEM('',(#16320),#9021);
#8753=STYLED_ITEM('',(#16320),#9022);
#8754=STYLED_ITEM('',(#16320),#9023);
#8755=STYLED_ITEM('',(#16320),#9024);
#8756=STYLED_ITEM('',(#16320),#9025);
#8757=STYLED_ITEM('',(#16320),#9026);
#8758=STYLED_ITEM('',(#16320),#9027);
#8759=STYLED_ITEM('',(#16320),#9028);
#8760=STYLED_ITEM('',(#16320),#9029);
#8761=STYLED_ITEM('',(#16320),#9030);
#8762=STYLED_ITEM('',(#16320),#9031);
#8763=STYLED_ITEM('',(#16320),#9032);
#8764=STYLED_ITEM('',(#16320),#9033);
#8765=STYLED_ITEM('',(#16320),#9034);
#8766=STYLED_ITEM('',(#16320),#9035);
#8767=STYLED_ITEM('',(#16320),#9036);
#8768=STYLED_ITEM('',(#16320),#9037);
#8769=STYLED_ITEM('',(#16320),#9038);
#8770=STYLED_ITEM('',(#16320),#9039);
#8771=STYLED_ITEM('',(#16320),#9040);
#8772=STYLED_ITEM('',(#16320),#9041);
#8773=STYLED_ITEM('',(#16320),#9042);
#8774=STYLED_ITEM('',(#16320),#9043);
#8775=STYLED_ITEM('',(#16320),#9044);
#8776=STYLED_ITEM('',(#16320),#9045);
#8777=STYLED_ITEM('',(#16320),#9046);
#8778=STYLED_ITEM('',(#16320),#9047);
#8779=STYLED_ITEM('',(#16320),#9048);
#8780=STYLED_ITEM('',(#16320),#9049);
#8781=STYLED_ITEM('',(#16320),#9050);
#8782=STYLED_ITEM('',(#16320),#9051);
#8783=STYLED_ITEM('',(#16320),#9052);
#8784=STYLED_ITEM('',(#16320),#9053);
#8785=STYLED_ITEM('',(#16320),#9054);
#8786=STYLED_ITEM('',(#16320),#9055);
#8787=STYLED_ITEM('',(#16320),#9056);
#8788=STYLED_ITEM('',(#16320),#9057);
#8789=STYLED_ITEM('',(#16320),#9058);
#8790=STYLED_ITEM('',(#16320),#9059);
#8791=STYLED_ITEM('',(#16320),#9060);
#8792=STYLED_ITEM('',(#16320),#9061);
#8793=STYLED_ITEM('',(#16320),#9062);
#8794=STYLED_ITEM('',(#16320),#9063);
#8795=STYLED_ITEM('',(#16320),#9064);
#8796=STYLED_ITEM('',(#16320),#9065);
#8797=STYLED_ITEM('',(#16320),#9066);
#8798=STYLED_ITEM('',(#16320),#9067);
#8799=STYLED_ITEM('',(#16320),#9068);
#8800=STYLED_ITEM('',(#16320),#9069);
#8801=STYLED_ITEM('',(#16320),#9070);
#8802=STYLED_ITEM('',(#16320),#9071);
#8803=STYLED_ITEM('',(#16320),#9072);
#8804=STYLED_ITEM('',(#16320),#9073);
#8805=STYLED_ITEM('',(#16320),#9074);
#8806=STYLED_ITEM('',(#16320),#9075);
#8807=STYLED_ITEM('',(#16320),#9076);
#8808=STYLED_ITEM('',(#16320),#9077);
#8809=STYLED_ITEM('',(#16320),#9078);
#8810=STYLED_ITEM('',(#16320),#9079);
#8811=STYLED_ITEM('',(#16320),#9080);
#8812=STYLED_ITEM('',(#16320),#9081);
#8813=STYLED_ITEM('',(#16320),#9082);
#8814=STYLED_ITEM('',(#16320),#9083);
#8815=STYLED_ITEM('',(#16320),#9084);
#8816=STYLED_ITEM('',(#16320),#9085);
#8817=STYLED_ITEM('',(#16320),#9086);
#8818=STYLED_ITEM('',(#16320),#9087);
#8819=STYLED_ITEM('',(#16320),#9088);
#8820=STYLED_ITEM('',(#16320),#9089);
#8821=STYLED_ITEM('',(#16320),#9090);
#8822=STYLED_ITEM('',(#16320),#9091);
#8823=STYLED_ITEM('',(#16320),#9092);
#8824=STYLED_ITEM('',(#16320),#9093);
#8825=STYLED_ITEM('',(#16320),#9094);
#8826=STYLED_ITEM('',(#16320),#9095);
#8827=STYLED_ITEM('',(#16320),#9096);
#8828=STYLED_ITEM('',(#16320),#9097);
#8829=STYLED_ITEM('',(#16320),#9098);
#8830=STYLED_ITEM('',(#16320),#9099);
#8831=STYLED_ITEM('',(#16320),#9100);
#8832=STYLED_ITEM('',(#16320),#9101);
#8833=STYLED_ITEM('',(#16320),#9102);
#8834=STYLED_ITEM('',(#16320),#9103);
#8835=STYLED_ITEM('',(#16320),#9104);
#8836=STYLED_ITEM('',(#16320),#9105);
#8837=STYLED_ITEM('',(#16320),#9106);
#8838=STYLED_ITEM('',(#16320),#9107);
#8839=STYLED_ITEM('',(#16320),#9108);
#8840=STYLED_ITEM('',(#16320),#9109);
#8841=STYLED_ITEM('',(#16320),#9110);
#8842=STYLED_ITEM('',(#16320),#9111);
#8843=STYLED_ITEM('',(#16320),#9112);
#8844=STYLED_ITEM('',(#16320),#9113);
#8845=STYLED_ITEM('',(#16320),#9114);
#8846=STYLED_ITEM('',(#16320),#9115);
#8847=STYLED_ITEM('',(#16320),#9116);
#8848=STYLED_ITEM('',(#16320),#9117);
#8849=STYLED_ITEM('',(#16320),#9118);
#8850=STYLED_ITEM('',(#16320),#9119);
#8851=STYLED_ITEM('',(#16320),#9120);
#8852=STYLED_ITEM('',(#16320),#9121);
#8853=STYLED_ITEM('',(#16320),#9122);
#8854=STYLED_ITEM('',(#16320),#9123);
#8855=STYLED_ITEM('',(#16320),#9124);
#8856=STYLED_ITEM('',(#16320),#9125);
#8857=STYLED_ITEM('',(#16320),#9126);
#8858=STYLED_ITEM('',(#16320),#9127);
#8859=STYLED_ITEM('',(#16320),#9128);
#8860=STYLED_ITEM('',(#16320),#9129);
#8861=STYLED_ITEM('',(#16320),#9130);
#8862=STYLED_ITEM('',(#16320),#9131);
#8863=STYLED_ITEM('',(#16320),#9132);
#8864=STYLED_ITEM('',(#16320),#9133);
#8865=STYLED_ITEM('',(#16320),#9134);
#8866=STYLED_ITEM('',(#16320),#9135);
#8867=STYLED_ITEM('',(#16320),#9136);
#8868=STYLED_ITEM('',(#16320),#9137);
#8869=STYLED_ITEM('',(#16320),#9138);
#8870=STYLED_ITEM('',(#16320),#9139);
#8871=STYLED_ITEM('',(#16320),#9140);
#8872=STYLED_ITEM('',(#16320),#9141);
#8873=STYLED_ITEM('',(#16320),#9142);
#8874=STYLED_ITEM('',(#16320),#9143);
#8875=STYLED_ITEM('',(#16320),#9144);
#8876=STYLED_ITEM('',(#16320),#9145);
#8877=STYLED_ITEM('',(#16320),#9146);
#8878=STYLED_ITEM('',(#16320),#9147);
#8879=STYLED_ITEM('',(#16320),#9148);
#8880=STYLED_ITEM('',(#16320),#9149);
#8881=STYLED_ITEM('',(#16320),#9150);
#8882=STYLED_ITEM('',(#16320),#9151);
#8883=STYLED_ITEM('',(#16320),#9152);
#8884=STYLED_ITEM('',(#16319),#21);
#8885=STYLED_ITEM('',(#16320),#9153);
#8886=STYLED_ITEM('',(#16320),#9154);
#8887=STYLED_ITEM('',(#16320),#9155);
#8888=STYLED_ITEM('',(#16320),#9156);
#8889=STYLED_ITEM('',(#16320),#9157);
#8890=STYLED_ITEM('',(#16320),#9158);
#8891=STYLED_ITEM('',(#16320),#9159);
#8892=STYLED_ITEM('',(#16320),#9160);
#8893=STYLED_ITEM('',(#16320),#9161);
#8894=STYLED_ITEM('',(#16320),#9162);
#8895=STYLED_ITEM('',(#16320),#9163);
#8896=STYLED_ITEM('',(#16320),#9164);
#8897=STYLED_ITEM('',(#16320),#9165);
#8898=STYLED_ITEM('',(#16320),#9166);
#8899=STYLED_ITEM('',(#16320),#9167);
#8900=STYLED_ITEM('',(#16320),#9168);
#8901=STYLED_ITEM('',(#16320),#9169);
#8902=STYLED_ITEM('',(#16320),#9170);
#8903=STYLED_ITEM('',(#16320),#9171);
#8904=STYLED_ITEM('',(#16320),#9172);
#8905=STYLED_ITEM('',(#16320),#9173);
#8906=STYLED_ITEM('',(#16320),#9174);
#8907=STYLED_ITEM('',(#16320),#9175);
#8908=STYLED_ITEM('',(#16320),#9176);
#8909=STYLED_ITEM('',(#16320),#9177);
#8910=STYLED_ITEM('',(#16320),#9178);
#8911=STYLED_ITEM('',(#16320),#9179);
#8912=STYLED_ITEM('',(#16320),#9180);
#8913=STYLED_ITEM('',(#16320),#9181);
#8914=STYLED_ITEM('',(#16320),#9182);
#8915=STYLED_ITEM('',(#16320),#9183);
#8916=STYLED_ITEM('',(#16320),#9184);
#8917=STYLED_ITEM('',(#16320),#9185);
#8918=STYLED_ITEM('',(#16320),#9186);
#8919=STYLED_ITEM('',(#16320),#9187);
#8920=STYLED_ITEM('',(#16319),#22);
#8921=STYLED_ITEM('',(#16320),#9188);
#8922=STYLED_ITEM('',(#16320),#9189);
#8923=STYLED_ITEM('',(#16320),#9190);
#8924=STYLED_ITEM('',(#16320),#9191);
#8925=STYLED_ITEM('',(#16320),#9192);
#8926=STYLED_ITEM('',(#16320),#9193);
#8927=STYLED_ITEM('',(#16320),#9194);
#8928=STYLED_ITEM('',(#16320),#9195);
#8929=STYLED_ITEM('',(#16320),#9196);
#8930=STYLED_ITEM('',(#16320),#9197);
#8931=STYLED_ITEM('',(#16320),#9198);
#8932=STYLED_ITEM('',(#16320),#9199);
#8933=STYLED_ITEM('',(#16320),#9200);
#8934=STYLED_ITEM('',(#16320),#9201);
#8935=STYLED_ITEM('',(#16320),#9202);
#8936=STYLED_ITEM('',(#16320),#9203);
#8937=STYLED_ITEM('',(#16320),#9204);
#8938=STYLED_ITEM('',(#16320),#9205);
#8939=STYLED_ITEM('',(#16320),#9206);
#8940=STYLED_ITEM('',(#16320),#9207);
#8941=STYLED_ITEM('',(#16320),#9208);
#8942=STYLED_ITEM('',(#16320),#9209);
#8943=STYLED_ITEM('',(#16320),#9210);
#8944=STYLED_ITEM('',(#16320),#9211);
#8945=STYLED_ITEM('',(#16320),#9212);
#8946=STYLED_ITEM('',(#16320),#9213);
#8947=STYLED_ITEM('',(#16320),#9214);
#8948=STYLED_ITEM('',(#16320),#9215);
#8949=STYLED_ITEM('',(#16320),#9216);
#8950=STYLED_ITEM('',(#16320),#9217);
#8951=STYLED_ITEM('',(#16320),#9218);
#8952=STYLED_ITEM('',(#16320),#9219);
#8953=STYLED_ITEM('',(#16320),#9220);
#8954=STYLED_ITEM('',(#16320),#9221);
#8955=STYLED_ITEM('',(#16320),#9222);
#8956=STYLED_ITEM('',(#16319),#23);
#8957=ADVANCED_FACE('',(#1536),#8639,.F.);
#8958=ADVANCED_FACE('',(#1537),#8640,.F.);
#8959=ADVANCED_FACE('',(#1538),#8641,.F.);
#8960=ADVANCED_FACE('',(#1539),#8642,.T.);
#8961=ADVANCED_FACE('',(#1540),#8643,.T.);
#8962=ADVANCED_FACE('',(#1541),#8644,.T.);
#8963=ADVANCED_FACE('',(#1542),#8645,.F.);
#8964=ADVANCED_FACE('',(#1543),#8646,.T.);
#8965=ADVANCED_FACE('',(#1544),#8647,.T.);
#8966=ADVANCED_FACE('',(#1545),#8648,.T.);
#8967=ADVANCED_FACE('',(#1546),#8649,.F.);
#8968=ADVANCED_FACE('',(#1547),#8650,.T.);
#8969=ADVANCED_FACE('',(#1548),#8651,.F.);
#8970=ADVANCED_FACE('',(#1549),#8652,.T.);
#8971=ADVANCED_FACE('',(#1550),#8653,.T.);
#8972=ADVANCED_FACE('',(#1551),#8654,.F.);
#8973=ADVANCED_FACE('',(#1552),#8655,.T.);
#8974=ADVANCED_FACE('',(#1553),#8656,.T.);
#8975=ADVANCED_FACE('',(#1554),#8657,.F.);
#8976=ADVANCED_FACE('',(#1555),#8658,.F.);
#8977=ADVANCED_FACE('',(#1556),#8659,.T.);
#8978=ADVANCED_FACE('',(#1557),#8660,.T.);
#8979=ADVANCED_FACE('',(#1558),#8661,.F.);
#8980=ADVANCED_FACE('',(#1559),#8662,.T.);
#8981=ADVANCED_FACE('',(#1560),#8663,.F.);
#8982=ADVANCED_FACE('',(#1561),#8664,.F.);
#8983=ADVANCED_FACE('',(#1562),#8665,.T.);
#8984=ADVANCED_FACE('',(#1563),#8666,.T.);
#8985=ADVANCED_FACE('',(#1564),#8667,.F.);
#8986=ADVANCED_FACE('',(#1565),#8668,.F.);
#8987=ADVANCED_FACE('',(#1566),#8669,.T.);
#8988=ADVANCED_FACE('',(#1567),#8670,.F.);
#8989=ADVANCED_FACE('',(#1568),#8671,.F.);
#8990=ADVANCED_FACE('',(#1569),#8672,.F.);
#8991=ADVANCED_FACE('',(#1570),#296,.T.);
#8992=ADVANCED_FACE('',(#1571),#294,.T.);
#8993=ADVANCED_FACE('',(#1572),#8673,.F.);
#8994=ADVANCED_FACE('',(#1573),#8674,.F.);
#8995=ADVANCED_FACE('',(#1574),#8675,.F.);
#8996=ADVANCED_FACE('',(#1575),#8676,.F.);
#8997=ADVANCED_FACE('',(#1576),#297,.T.);
#8998=ADVANCED_FACE('',(#1577),#295,.T.);
#8999=ADVANCED_FACE('',(#1578),#8677,.F.);
#9000=ADVANCED_FACE('',(#1579,#42,#43,#44,#45,#46,#47,#48,#49,#50,#51,#52,
#53,#54,#55,#56,#57),#85,.T.);
#9001=ADVANCED_FACE('',(#1580),#86,.T.);
#9002=ADVANCED_FACE('',(#1581),#87,.T.);
#9003=ADVANCED_FACE('',(#1582),#88,.F.);
#9004=ADVANCED_FACE('',(#1583,#58,#59),#89,.F.);
#9005=ADVANCED_FACE('',(#1584),#90,.F.);
#9006=ADVANCED_FACE('',(#1585),#91,.F.);
#9007=ADVANCED_FACE('',(#1586),#92,.F.);
#9008=ADVANCED_FACE('',(#1587),#93,.F.);
#9009=ADVANCED_FACE('',(#1588),#94,.F.);
#9010=ADVANCED_FACE('',(#1589),#95,.T.);
#9011=ADVANCED_FACE('',(#1590),#96,.T.);
#9012=ADVANCED_FACE('',(#1591),#97,.T.);
#9013=ADVANCED_FACE('',(#1592),#98,.T.);
#9014=ADVANCED_FACE('',(#1593),#99,.F.);
#9015=ADVANCED_FACE('',(#1594),#100,.T.);
#9016=ADVANCED_FACE('',(#1595),#101,.T.);
#9017=ADVANCED_FACE('',(#1596),#102,.F.);
#9018=ADVANCED_FACE('',(#1597),#103,.T.);
#9019=ADVANCED_FACE('',(#1598),#104,.T.);
#9020=ADVANCED_FACE('',(#1599),#8678,.T.);
#9021=ADVANCED_FACE('',(#1600),#105,.F.);
#9022=ADVANCED_FACE('',(#1601),#8679,.T.);
#9023=ADVANCED_FACE('',(#1602),#106,.F.);
#9024=ADVANCED_FACE('',(#1603),#8680,.T.);
#9025=ADVANCED_FACE('',(#1604,#60,#61),#107,.F.);
#9026=ADVANCED_FACE('',(#1605),#108,.F.);
#9027=ADVANCED_FACE('',(#1606),#8681,.T.);
#9028=ADVANCED_FACE('',(#1607),#109,.F.);
#9029=ADVANCED_FACE('',(#1608),#110,.F.);
#9030=ADVANCED_FACE('',(#1609),#8682,.T.);
#9031=ADVANCED_FACE('',(#1610),#8683,.T.);
#9032=ADVANCED_FACE('',(#1611),#111,.F.);
#9033=ADVANCED_FACE('',(#1612),#112,.F.);
#9034=ADVANCED_FACE('',(#1613),#113,.F.);
#9035=ADVANCED_FACE('',(#1614,#62),#114,.T.);
#9036=ADVANCED_FACE('',(#1615,#63),#115,.T.);
#9037=ADVANCED_FACE('',(#1616,#64),#116,.T.);
#9038=ADVANCED_FACE('',(#1617,#65),#117,.T.);
#9039=ADVANCED_FACE('',(#1618),#118,.T.);
#9040=ADVANCED_FACE('',(#1619),#119,.T.);
#9041=ADVANCED_FACE('',(#1620),#120,.T.);
#9042=ADVANCED_FACE('',(#1621),#121,.T.);
#9043=ADVANCED_FACE('',(#1622),#122,.T.);
#9044=ADVANCED_FACE('',(#1623),#123,.T.);
#9045=ADVANCED_FACE('',(#1624),#124,.T.);
#9046=ADVANCED_FACE('',(#1625),#125,.T.);
#9047=ADVANCED_FACE('',(#1626),#126,.F.);
#9048=ADVANCED_FACE('',(#1627),#127,.T.);
#9049=ADVANCED_FACE('',(#1628),#128,.F.);
#9050=ADVANCED_FACE('',(#1629),#129,.T.);
#9051=ADVANCED_FACE('',(#1630),#130,.T.);
#9052=ADVANCED_FACE('',(#1631),#131,.T.);
#9053=ADVANCED_FACE('',(#1632),#132,.T.);
#9054=ADVANCED_FACE('',(#1633),#133,.T.);
#9055=ADVANCED_FACE('',(#1634),#134,.T.);
#9056=ADVANCED_FACE('',(#1635),#135,.T.);
#9057=ADVANCED_FACE('',(#1636),#136,.T.);
#9058=ADVANCED_FACE('',(#1637),#137,.T.);
#9059=ADVANCED_FACE('',(#1638),#138,.T.);
#9060=ADVANCED_FACE('',(#1639),#139,.T.);
#9061=ADVANCED_FACE('',(#1640),#140,.T.);
#9062=ADVANCED_FACE('',(#1641),#141,.T.);
#9063=ADVANCED_FACE('',(#1642),#142,.T.);
#9064=ADVANCED_FACE('',(#1643),#143,.T.);
#9065=ADVANCED_FACE('',(#1644),#144,.T.);
#9066=ADVANCED_FACE('',(#1645),#145,.T.);
#9067=ADVANCED_FACE('',(#1646),#146,.F.);
#9068=ADVANCED_FACE('',(#1647),#147,.T.);
#9069=ADVANCED_FACE('',(#1648),#148,.F.);
#9070=ADVANCED_FACE('',(#1649),#149,.T.);
#9071=ADVANCED_FACE('',(#1650),#150,.T.);
#9072=ADVANCED_FACE('',(#1651),#151,.T.);
#9073=ADVANCED_FACE('',(#1652),#152,.T.);
#9074=ADVANCED_FACE('',(#1653),#153,.T.);
#9075=ADVANCED_FACE('',(#1654),#154,.T.);
#9076=ADVANCED_FACE('',(#1655),#155,.T.);
#9077=ADVANCED_FACE('',(#1656),#156,.T.);
#9078=ADVANCED_FACE('',(#1657),#157,.T.);
#9079=ADVANCED_FACE('',(#1658),#158,.T.);
#9080=ADVANCED_FACE('',(#1659),#159,.T.);
#9081=ADVANCED_FACE('',(#1660),#160,.T.);
#9082=ADVANCED_FACE('',(#1661),#161,.F.);
#9083=ADVANCED_FACE('',(#1662),#162,.T.);
#9084=ADVANCED_FACE('',(#1663),#163,.T.);
#9085=ADVANCED_FACE('',(#1664),#164,.T.);
#9086=ADVANCED_FACE('',(#1665),#165,.T.);
#9087=ADVANCED_FACE('',(#1666),#166,.F.);
#9088=ADVANCED_FACE('',(#1667),#167,.T.);
#9089=ADVANCED_FACE('',(#1668),#168,.T.);
#9090=ADVANCED_FACE('',(#1669,#66),#169,.F.);
#9091=ADVANCED_FACE('',(#1670),#170,.T.);
#9092=ADVANCED_FACE('',(#1671),#171,.T.);
#9093=ADVANCED_FACE('',(#1672,#67),#172,.F.);
#9094=ADVANCED_FACE('',(#1673),#173,.T.);
#9095=ADVANCED_FACE('',(#1674),#174,.F.);
#9096=ADVANCED_FACE('',(#1675),#175,.F.);
#9097=ADVANCED_FACE('',(#1676),#176,.F.);
#9098=ADVANCED_FACE('',(#1677),#177,.T.);
#9099=ADVANCED_FACE('',(#1678),#178,.F.);
#9100=ADVANCED_FACE('',(#1679),#179,.F.);
#9101=ADVANCED_FACE('',(#1680),#180,.F.);
#9102=ADVANCED_FACE('',(#1681),#181,.T.);
#9103=ADVANCED_FACE('',(#1682),#182,.T.);
#9104=ADVANCED_FACE('',(#1683),#183,.T.);
#9105=ADVANCED_FACE('',(#1684),#184,.F.);
#9106=ADVANCED_FACE('',(#1685),#185,.T.);
#9107=ADVANCED_FACE('',(#1686),#186,.T.);
#9108=ADVANCED_FACE('',(#1687),#187,.T.);
#9109=ADVANCED_FACE('',(#1688),#188,.F.);
#9110=ADVANCED_FACE('',(#1689),#189,.F.);
#9111=ADVANCED_FACE('',(#1690),#190,.F.);
#9112=ADVANCED_FACE('',(#1691),#191,.F.);
#9113=ADVANCED_FACE('',(#1692),#192,.F.);
#9114=ADVANCED_FACE('',(#1693),#193,.F.);
#9115=ADVANCED_FACE('',(#1694),#194,.F.);
#9116=ADVANCED_FACE('',(#1695),#195,.T.);
#9117=ADVANCED_FACE('',(#1696),#196,.F.);
#9118=ADVANCED_FACE('',(#1697),#197,.F.);
#9119=ADVANCED_FACE('',(#1698),#198,.T.);
#9120=ADVANCED_FACE('',(#1699),#199,.T.);
#9121=ADVANCED_FACE('',(#1700),#200,.F.);
#9122=ADVANCED_FACE('',(#1701),#201,.F.);
#9123=ADVANCED_FACE('',(#1702),#202,.F.);
#9124=ADVANCED_FACE('',(#1703),#203,.F.);
#9125=ADVANCED_FACE('',(#1704),#204,.F.);
#9126=ADVANCED_FACE('',(#1705),#205,.F.);
#9127=ADVANCED_FACE('',(#1706),#206,.F.);
#9128=ADVANCED_FACE('',(#1707),#207,.F.);
#9129=ADVANCED_FACE('',(#1708),#208,.T.);
#9130=ADVANCED_FACE('',(#1709),#209,.T.);
#9131=ADVANCED_FACE('',(#1710),#210,.T.);
#9132=ADVANCED_FACE('',(#1711),#211,.T.);
#9133=ADVANCED_FACE('',(#1712),#212,.T.);
#9134=ADVANCED_FACE('',(#1713,#68,#69),#213,.T.);
#9135=ADVANCED_FACE('',(#1714),#214,.T.);
#9136=ADVANCED_FACE('',(#1715),#215,.T.);
#9137=ADVANCED_FACE('',(#1716),#216,.T.);
#9138=ADVANCED_FACE('',(#1717,#70),#217,.T.);
#9139=ADVANCED_FACE('',(#1718),#218,.T.);
#9140=ADVANCED_FACE('',(#1719),#219,.T.);
#9141=ADVANCED_FACE('',(#1720),#220,.T.);
#9142=ADVANCED_FACE('',(#1721),#221,.T.);
#9143=ADVANCED_FACE('',(#1722,#71),#222,.T.);
#9144=ADVANCED_FACE('',(#1723),#223,.T.);
#9145=ADVANCED_FACE('',(#1724,#72,#73),#224,.T.);
#9146=ADVANCED_FACE('',(#1725),#225,.T.);
#9147=ADVANCED_FACE('',(#1726),#226,.T.);
#9148=ADVANCED_FACE('',(#1727),#227,.T.);
#9149=ADVANCED_FACE('',(#1728,#74),#228,.T.);
#9150=ADVANCED_FACE('',(#1729),#229,.T.);
#9151=ADVANCED_FACE('',(#1730),#230,.T.);
#9152=ADVANCED_FACE('',(#1731),#231,.T.);
#9153=ADVANCED_FACE('',(#1732),#8684,.T.);
#9154=ADVANCED_FACE('',(#1733),#8685,.T.);
#9155=ADVANCED_FACE('',(#1734),#232,.F.);
#9156=ADVANCED_FACE('',(#1735),#298,.T.);
#9157=ADVANCED_FACE('',(#1736,#75),#233,.F.);
#9158=ADVANCED_FACE('',(#1737),#234,.F.);
#9159=ADVANCED_FACE('',(#1738,#76),#235,.F.);
#9160=ADVANCED_FACE('',(#1739),#236,.T.);
#9161=ADVANCED_FACE('',(#1740),#237,.T.);
#9162=ADVANCED_FACE('',(#1741),#238,.T.);
#9163=ADVANCED_FACE('',(#1742),#239,.T.);
#9164=ADVANCED_FACE('',(#1743),#240,.F.);
#9165=ADVANCED_FACE('',(#1744,#77),#241,.T.);
#9166=ADVANCED_FACE('',(#1745,#78),#242,.F.);
#9167=ADVANCED_FACE('',(#1746),#243,.F.);
#9168=ADVANCED_FACE('',(#1747),#299,.T.);
#9169=ADVANCED_FACE('',(#1748,#79),#244,.F.);
#9170=ADVANCED_FACE('',(#1749),#245,.T.);
#9171=ADVANCED_FACE('',(#1750),#246,.F.);
#9172=ADVANCED_FACE('',(#1751),#247,.F.);
#9173=ADVANCED_FACE('',(#1752),#248,.F.);
#9174=ADVANCED_FACE('',(#1753),#249,.F.);
#9175=ADVANCED_FACE('',(#1754),#250,.F.);
#9176=ADVANCED_FACE('',(#1755),#251,.F.);
#9177=ADVANCED_FACE('',(#1756),#252,.F.);
#9178=ADVANCED_FACE('',(#1757),#253,.F.);
#9179=ADVANCED_FACE('',(#1758),#254,.F.);
#9180=ADVANCED_FACE('',(#1759),#255,.F.);
#9181=ADVANCED_FACE('',(#1760),#256,.F.);
#9182=ADVANCED_FACE('',(#1761),#257,.F.);
#9183=ADVANCED_FACE('',(#1762),#258,.F.);
#9184=ADVANCED_FACE('',(#1763),#259,.F.);
#9185=ADVANCED_FACE('',(#1764),#260,.F.);
#9186=ADVANCED_FACE('',(#1765),#261,.T.);
#9187=ADVANCED_FACE('',(#1766),#262,.F.);
#9188=ADVANCED_FACE('',(#1767),#8686,.T.);
#9189=ADVANCED_FACE('',(#1768),#8687,.T.);
#9190=ADVANCED_FACE('',(#1769),#263,.F.);
#9191=ADVANCED_FACE('',(#1770),#300,.T.);
#9192=ADVANCED_FACE('',(#1771,#80),#264,.F.);
#9193=ADVANCED_FACE('',(#1772),#265,.F.);
#9194=ADVANCED_FACE('',(#1773,#81),#266,.F.);
#9195=ADVANCED_FACE('',(#1774),#267,.T.);
#9196=ADVANCED_FACE('',(#1775),#268,.T.);
#9197=ADVANCED_FACE('',(#1776),#269,.T.);
#9198=ADVANCED_FACE('',(#1777),#270,.T.);
#9199=ADVANCED_FACE('',(#1778),#271,.F.);
#9200=ADVANCED_FACE('',(#1779,#82),#272,.T.);
#9201=ADVANCED_FACE('',(#1780,#83),#273,.F.);
#9202=ADVANCED_FACE('',(#1781),#274,.F.);
#9203=ADVANCED_FACE('',(#1782),#301,.T.);
#9204=ADVANCED_FACE('',(#1783,#84),#275,.F.);
#9205=ADVANCED_FACE('',(#1784),#276,.T.);
#9206=ADVANCED_FACE('',(#1785),#277,.F.);
#9207=ADVANCED_FACE('',(#1786),#278,.F.);
#9208=ADVANCED_FACE('',(#1787),#279,.F.);
#9209=ADVANCED_FACE('',(#1788),#280,.F.);
#9210=ADVANCED_FACE('',(#1789),#281,.F.);
#9211=ADVANCED_FACE('',(#1790),#282,.F.);
#9212=ADVANCED_FACE('',(#1791),#283,.F.);
#9213=ADVANCED_FACE('',(#1792),#284,.F.);
#9214=ADVANCED_FACE('',(#1793),#285,.F.);
#9215=ADVANCED_FACE('',(#1794),#286,.F.);
#9216=ADVANCED_FACE('',(#1795),#287,.F.);
#9217=ADVANCED_FACE('',(#1796),#288,.F.);
#9218=ADVANCED_FACE('',(#1797),#289,.F.);
#9219=ADVANCED_FACE('',(#1798),#290,.F.);
#9220=ADVANCED_FACE('',(#1799),#291,.F.);
#9221=ADVANCED_FACE('',(#1800),#292,.T.);
#9222=ADVANCED_FACE('',(#1801),#293,.F.);
#9223=CLOSED_SHELL('',(#8957,#8958,#8959,#8960,#8961,#8962,#8963,#8964,
#8965,#8966,#8967,#8968,#8969,#8970,#8971,#8972,#8973,#8974,#8975,#8976,
#8977,#8978,#8979,#8980,#8981,#8982,#8983,#8984,#8985,#8986,#8987,#8988,
#8989,#8990,#8991,#8992,#8993,#8994,#8995,#8996,#8997,#8998,#8999,#9000,
#9001,#9002,#9003,#9004,#9005,#9006,#9007,#9008,#9009,#9010,#9011,#9012,
#9013,#9014,#9015,#9016,#9017,#9018,#9019,#9020,#9021,#9022,#9023,#9024,
#9025,#9026,#9027,#9028,#9029,#9030,#9031,#9032,#9033,#9034,#9035,#9036,
#9037,#9038,#9039,#9040,#9041,#9042,#9043,#9044,#9045,#9046,#9047,#9048,
#9049,#9050,#9051,#9052,#9053,#9054,#9055,#9056,#9057,#9058,#9059,#9060,
#9061,#9062,#9063,#9064,#9065,#9066,#9067,#9068,#9069,#9070,#9071,#9072,
#9073,#9074,#9075,#9076,#9077,#9078,#9079,#9080,#9081,#9082,#9083,#9084,
#9085,#9086,#9087,#9088,#9089,#9090,#9091,#9092,#9093,#9094,#9095,#9096,
#9097,#9098,#9099,#9100,#9101,#9102,#9103,#9104,#9105,#9106,#9107,#9108,
#9109,#9110,#9111,#9112,#9113,#9114,#9115,#9116,#9117,#9118,#9119,#9120,
#9121,#9122,#9123,#9124,#9125,#9126,#9127,#9128,#9129,#9130,#9131,#9132,
#9133,#9134,#9135,#9136,#9137,#9138,#9139,#9140,#9141,#9142,#9143,#9144,
#9145,#9146,#9147,#9148,#9149,#9150,#9151,#9152));
#9224=CLOSED_SHELL('',(#9153,#9154,#9155,#9156,#9157,#9158,#9159,#9160,
#9161,#9162,#9163,#9164,#9165,#9166,#9167,#9168,#9169,#9170,#9171,#9172,
#9173,#9174,#9175,#9176,#9177,#9178,#9179,#9180,#9181,#9182,#9183,#9184,
#9185,#9186,#9187));
#9225=CLOSED_SHELL('',(#9188,#9189,#9190,#9191,#9192,#9193,#9194,#9195,
#9196,#9197,#9198,#9199,#9200,#9201,#9202,#9203,#9204,#9205,#9206,#9207,
#9208,#9209,#9210,#9211,#9212,#9213,#9214,#9215,#9216,#9217,#9218,#9219,
#9220,#9221,#9222));
#9226=DERIVED_UNIT_ELEMENT(#9229,1.);
#9227=DERIVED_UNIT_ELEMENT(#16305,-3.);
#9228=DIMENSIONAL_EXPONENTS(0.,1.,0.,0.,0.,0.,0.);
#9229=(
CONVERSION_BASED_UNIT('gram',#9231)
MASS_UNIT()
NAMED_UNIT(#9228)
);
#9230=(
MASS_UNIT()
NAMED_UNIT(*)
SI_UNIT(.KILO.,.GRAM.)
);
#9231=MASS_MEASURE_WITH_UNIT(MASS_MEASURE(0.001),#9230);
#9232=DERIVED_UNIT((#9226,#9227));
#9233=MEASURE_REPRESENTATION_ITEM('density measure',
POSITIVE_RATIO_MEASURE(1.),#9232);
#9234=PROPERTY_DEFINITION_REPRESENTATION(#9239,#9236);
#9235=PROPERTY_DEFINITION_REPRESENTATION(#9240,#9237);
#9236=REPRESENTATION('material name',(#9238),#16302);
#9237=REPRESENTATION('density',(#9233),#16302);
#9238=DESCRIPTIVE_REPRESENTATION_ITEM('Generic','Generic');
#9239=PROPERTY_DEFINITION('material property','material name',#16312);
#9240=PROPERTY_DEFINITION('material property','density of part',#16312);
#9241=DATE_TIME_ROLE('creation_date');
#9242=APPLIED_DATE_AND_TIME_ASSIGNMENT(#9243,#9241,(#16312));
#9243=DATE_AND_TIME(#9244,#9245);
#9244=CALENDAR_DATE(2025,15,8);
#9245=LOCAL_TIME(14,40,1.,#9246);
#9246=COORDINATED_UNIVERSAL_TIME_OFFSET(0,0,.BEHIND.);
#9247=AXIS2_PLACEMENT_3D('',#13230,#10369,#10370);
#9248=AXIS2_PLACEMENT_3D('',#13231,#10371,#10372);
#9249=AXIS2_PLACEMENT_3D('',#13234,#10373,#10374);
#9250=AXIS2_PLACEMENT_3D('',#13235,#10375,#10376);
#9251=AXIS2_PLACEMENT_3D('',#13236,#10377,#10378);
#9252=AXIS2_PLACEMENT_3D('',#13239,#10379,#10380);
#9253=AXIS2_PLACEMENT_3D('',#13240,#10381,#10382);
#9254=AXIS2_PLACEMENT_3D('',#13241,#10383,#10384);
#9255=AXIS2_PLACEMENT_3D('',#13244,#10385,#10386);
#9256=AXIS2_PLACEMENT_3D('',#13245,#10387,#10388);
#9257=AXIS2_PLACEMENT_3D('',#13246,#10389,#10390);
#9258=AXIS2_PLACEMENT_3D('',#13249,#10391,#10392);
#9259=AXIS2_PLACEMENT_3D('',#13250,#10393,#10394);
#9260=AXIS2_PLACEMENT_3D('',#13251,#10395,#10396);
#9261=AXIS2_PLACEMENT_3D('',#13254,#10397,#10398);
#9262=AXIS2_PLACEMENT_3D('',#13255,#10399,#10400);
#9263=AXIS2_PLACEMENT_3D('',#13256,#10401,#10402);
#9264=AXIS2_PLACEMENT_3D('',#13259,#10403,#10404);
#9265=AXIS2_PLACEMENT_3D('',#13260,#10405,#10406);
#9266=AXIS2_PLACEMENT_3D('',#13261,#10407,#10408);
#9267=AXIS2_PLACEMENT_3D('',#13264,#10409,#10410);
#9268=AXIS2_PLACEMENT_3D('',#13265,#10411,#10412);
#9269=AXIS2_PLACEMENT_3D('',#13266,#10413,#10414);
#9270=AXIS2_PLACEMENT_3D('',#13269,#10415,#10416);
#9271=AXIS2_PLACEMENT_3D('',#13270,#10417,#10418);
#9272=AXIS2_PLACEMENT_3D('',#13271,#10419,#10420);
#9273=AXIS2_PLACEMENT_3D('',#13274,#10421,#10422);
#9274=AXIS2_PLACEMENT_3D('',#13275,#10423,#10424);
#9275=AXIS2_PLACEMENT_3D('',#13276,#10425,#10426);
#9276=AXIS2_PLACEMENT_3D('',#13278,#10427,#10428);
#9277=AXIS2_PLACEMENT_3D('',#13279,#10429,#10430);
#9278=AXIS2_PLACEMENT_3D('',#13280,#10431,#10432);
#9279=AXIS2_PLACEMENT_3D('',#13283,#10433,#10434);
#9280=AXIS2_PLACEMENT_3D('',#13284,#10435,#10436);
#9281=AXIS2_PLACEMENT_3D('',#13285,#10437,#10438);
#9282=AXIS2_PLACEMENT_3D('',#13288,#10439,#10440);
#9283=AXIS2_PLACEMENT_3D('',#13289,#10441,#10442);
#9284=AXIS2_PLACEMENT_3D('',#13290,#10443,#10444);
#9285=AXIS2_PLACEMENT_3D('',#13293,#10445,#10446);
#9286=AXIS2_PLACEMENT_3D('',#13294,#10447,#10448);
#9287=AXIS2_PLACEMENT_3D('',#13295,#10449,#10450);
#9288=AXIS2_PLACEMENT_3D('',#13298,#10451,#10452);
#9289=AXIS2_PLACEMENT_3D('',#13299,#10453,#10454);
#9290=AXIS2_PLACEMENT_3D('',#13300,#10455,#10456);
#9291=AXIS2_PLACEMENT_3D('',#13303,#10457,#10458);
#9292=AXIS2_PLACEMENT_3D('',#13304,#10459,#10460);
#9293=AXIS2_PLACEMENT_3D('',#13305,#10461,#10462);
#9294=AXIS2_PLACEMENT_3D('',#13308,#10463,#10464);
#9295=AXIS2_PLACEMENT_3D('',#13312,#10466,#10467);
#9296=AXIS2_PLACEMENT_3D('',#13314,#10469,#10470);
#9297=AXIS2_PLACEMENT_3D('',#13317,#10471,#10472);
#9298=AXIS2_PLACEMENT_3D('',#13321,#10474,#10475);
#9299=AXIS2_PLACEMENT_3D('',#13323,#10477,#10478);
#9300=AXIS2_PLACEMENT_3D('',#13326,#10479,#10480);
#9301=AXIS2_PLACEMENT_3D('',#13330,#10482,#10483);
#9302=AXIS2_PLACEMENT_3D('',#13332,#10485,#10486);
#9303=AXIS2_PLACEMENT_3D('',#13335,#10487,#10488);
#9304=AXIS2_PLACEMENT_3D('',#13339,#10490,#10491);
#9305=AXIS2_PLACEMENT_3D('',#13341,#10493,#10494);
#9306=AXIS2_PLACEMENT_3D('',#13344,#10495,#10496);
#9307=AXIS2_PLACEMENT_3D('',#13348,#10498,#10499);
#9308=AXIS2_PLACEMENT_3D('',#13350,#10501,#10502);
#9309=AXIS2_PLACEMENT_3D('',#13353,#10503,#10504);
#9310=AXIS2_PLACEMENT_3D('',#13357,#10506,#10507);
#9311=AXIS2_PLACEMENT_3D('',#13359,#10509,#10510);
#9312=AXIS2_PLACEMENT_3D('',#13362,#10511,#10512);
#9313=AXIS2_PLACEMENT_3D('',#13366,#10514,#10515);
#9314=AXIS2_PLACEMENT_3D('',#13368,#10517,#10518);
#9315=AXIS2_PLACEMENT_3D('',#13371,#10519,#10520);
#9316=AXIS2_PLACEMENT_3D('',#13375,#10522,#10523);
#9317=AXIS2_PLACEMENT_3D('',#13377,#10525,#10526);
#9318=AXIS2_PLACEMENT_3D('',#13380,#10527,#10528);
#9319=AXIS2_PLACEMENT_3D('',#13384,#10530,#10531);
#9320=AXIS2_PLACEMENT_3D('',#13386,#10533,#10534);
#9321=AXIS2_PLACEMENT_3D('',#13389,#10535,#10536);
#9322=AXIS2_PLACEMENT_3D('',#13393,#10538,#10539);
#9323=AXIS2_PLACEMENT_3D('',#13395,#10541,#10542);
#9324=AXIS2_PLACEMENT_3D('',#13398,#10543,#10544);
#9325=AXIS2_PLACEMENT_3D('',#13402,#10546,#10547);
#9326=AXIS2_PLACEMENT_3D('',#13404,#10549,#10550);
#9327=AXIS2_PLACEMENT_3D('',#13407,#10551,#10552);
#9328=AXIS2_PLACEMENT_3D('',#13411,#10554,#10555);
#9329=AXIS2_PLACEMENT_3D('',#13413,#10557,#10558);
#9330=AXIS2_PLACEMENT_3D('',#13416,#10559,#10560);
#9331=AXIS2_PLACEMENT_3D('',#13420,#10562,#10563);
#9332=AXIS2_PLACEMENT_3D('',#13422,#10565,#10566);
#9333=AXIS2_PLACEMENT_3D('',#13425,#10567,#10568);
#9334=AXIS2_PLACEMENT_3D('',#13429,#10570,#10571);
#9335=AXIS2_PLACEMENT_3D('',#13431,#10573,#10574);
#9336=AXIS2_PLACEMENT_3D('',#13434,#10575,#10576);
#9337=AXIS2_PLACEMENT_3D('',#13438,#10578,#10579);
#9338=AXIS2_PLACEMENT_3D('',#13440,#10581,#10582);
#9339=AXIS2_PLACEMENT_3D('',#13443,#10583,#10584);
#9340=AXIS2_PLACEMENT_3D('',#13447,#10586,#10587);
#9341=AXIS2_PLACEMENT_3D('',#13449,#10589,#10590);
#9342=AXIS2_PLACEMENT_3D('',#13451,#10591,#10592);
#9343=AXIS2_PLACEMENT_3D('',#13454,#10594,#10595);
#9344=AXIS2_PLACEMENT_3D('',#13455,#10596,#10597);
#9345=AXIS2_PLACEMENT_3D('',#13457,#10598,#10599);
#9346=AXIS2_PLACEMENT_3D('',#13460,#10601,#10602);
#9347=AXIS2_PLACEMENT_3D('',#13461,#10603,#10604);
#9348=AXIS2_PLACEMENT_3D('',#13463,#10605,#10606);
#9349=AXIS2_PLACEMENT_3D('',#13466,#10608,#10609);
#9350=AXIS2_PLACEMENT_3D('',#13467,#10610,#10611);
#9351=AXIS2_PLACEMENT_3D('',#13469,#10612,#10613);
#9352=AXIS2_PLACEMENT_3D('',#13470,#10614,#10615);
#9353=AXIS2_PLACEMENT_3D('',#13471,#10616,#10617);
#9354=AXIS2_PLACEMENT_3D('',#13473,#10618,#10619);
#9355=AXIS2_PLACEMENT_3D('',#13475,#10621,#10622);
#9356=AXIS2_PLACEMENT_3D('',#13478,#10624,#10625);
#9357=AXIS2_PLACEMENT_3D('',#13479,#10626,#10627);
#9358=AXIS2_PLACEMENT_3D('',#13481,#10628,#10629);
#9359=AXIS2_PLACEMENT_3D('',#13484,#10631,#10632);
#9360=AXIS2_PLACEMENT_3D('',#13485,#10633,#10634);
#9361=AXIS2_PLACEMENT_3D('',#13487,#10635,#10636);
#9362=AXIS2_PLACEMENT_3D('',#13490,#10638,#10639);
#9363=AXIS2_PLACEMENT_3D('',#13491,#10640,#10641);
#9364=AXIS2_PLACEMENT_3D('',#13493,#10642,#10643);
#9365=AXIS2_PLACEMENT_3D('',#13496,#10645,#10646);
#9366=AXIS2_PLACEMENT_3D('',#13497,#10647,#10648);
#9367=AXIS2_PLACEMENT_3D('',#13499,#10649,#10650);
#9368=AXIS2_PLACEMENT_3D('',#13500,#10651,#10652);
#9369=AXIS2_PLACEMENT_3D('',#13501,#10653,#10654);
#9370=AXIS2_PLACEMENT_3D('',#13503,#10655,#10656);
#9371=AXIS2_PLACEMENT_3D('',#13505,#10658,#10659);
#9372=AXIS2_PLACEMENT_3D('',#13508,#10661,#10662);
#9373=AXIS2_PLACEMENT_3D('',#13509,#10663,#10664);
#9374=AXIS2_PLACEMENT_3D('',#13515,#10667,#10668);
#9375=AXIS2_PLACEMENT_3D('',#13521,#10671,#10672);
#9376=AXIS2_PLACEMENT_3D('',#13527,#10676,#10677);
#9377=AXIS2_PLACEMENT_3D('',#13533,#10680,#10681);
#9378=AXIS2_PLACEMENT_3D('',#13572,#10701,#10702);
#9379=AXIS2_PLACEMENT_3D('',#13580,#10706,#10707);
#9380=AXIS2_PLACEMENT_3D('',#13582,#10708,#10709);
#9381=AXIS2_PLACEMENT_3D('',#13584,#10710,#10711);
#9382=AXIS2_PLACEMENT_3D('',#13586,#10712,#10713);
#9383=AXIS2_PLACEMENT_3D('',#13588,#10714,#10715);
#9384=AXIS2_PLACEMENT_3D('',#13590,#10716,#10717);
#9385=AXIS2_PLACEMENT_3D('',#13592,#10718,#10719);
#9386=AXIS2_PLACEMENT_3D('',#13594,#10720,#10721);
#9387=AXIS2_PLACEMENT_3D('',#13596,#10722,#10723);
#9388=AXIS2_PLACEMENT_3D('',#13598,#10724,#10725);
#9389=AXIS2_PLACEMENT_3D('',#13600,#10726,#10727);
#9390=AXIS2_PLACEMENT_3D('',#13602,#10728,#10729);
#9391=AXIS2_PLACEMENT_3D('',#13604,#10730,#10731);
#9392=AXIS2_PLACEMENT_3D('',#13606,#10732,#10733);
#9393=AXIS2_PLACEMENT_3D('',#13608,#10734,#10735);
#9394=AXIS2_PLACEMENT_3D('',#13610,#10736,#10737);
#9395=AXIS2_PLACEMENT_3D('',#13612,#10738,#10739);
#9396=AXIS2_PLACEMENT_3D('',#13620,#10743,#10744);
#9397=AXIS2_PLACEMENT_3D('',#13622,#10745,#10746);
#9398=AXIS2_PLACEMENT_3D('',#13624,#10747,#10748);
#9399=AXIS2_PLACEMENT_3D('',#13626,#10749,#10750);
#9400=AXIS2_PLACEMENT_3D('',#13628,#10751,#10752);
#9401=AXIS2_PLACEMENT_3D('',#13630,#10753,#10754);
#9402=AXIS2_PLACEMENT_3D('',#13632,#10755,#10756);
#9403=AXIS2_PLACEMENT_3D('',#13634,#10757,#10758);
#9404=AXIS2_PLACEMENT_3D('',#13636,#10759,#10760);
#9405=AXIS2_PLACEMENT_3D('',#13638,#10761,#10762);
#9406=AXIS2_PLACEMENT_3D('',#13640,#10763,#10764);
#9407=AXIS2_PLACEMENT_3D('',#13642,#10765,#10766);
#9408=AXIS2_PLACEMENT_3D('',#13644,#10767,#10768);
#9409=AXIS2_PLACEMENT_3D('',#13646,#10769,#10770);
#9410=AXIS2_PLACEMENT_3D('',#13648,#10771,#10772);
#9411=AXIS2_PLACEMENT_3D('',#13650,#10773,#10774);
#9412=AXIS2_PLACEMENT_3D('',#13652,#10775,#10776);
#9413=AXIS2_PLACEMENT_3D('',#13653,#10777,#10778);
#9414=AXIS2_PLACEMENT_3D('',#13656,#10779,#10780);
#9415=AXIS2_PLACEMENT_3D('',#13662,#10783,#10784);
#9416=AXIS2_PLACEMENT_3D('',#13664,#10785,#10786);
#9417=AXIS2_PLACEMENT_3D('',#13666,#10787,#10788);
#9418=AXIS2_PLACEMENT_3D('',#13668,#10789,#10790);
#9419=AXIS2_PLACEMENT_3D('',#13670,#10791,#10792);
#9420=AXIS2_PLACEMENT_3D('',#13672,#10793,#10794);
#9421=AXIS2_PLACEMENT_3D('',#13674,#10795,#10796);
#9422=AXIS2_PLACEMENT_3D('',#13676,#10797,#10798);
#9423=AXIS2_PLACEMENT_3D('',#13678,#10799,#10800);
#9424=AXIS2_PLACEMENT_3D('',#13680,#10801,#10802);
#9425=AXIS2_PLACEMENT_3D('',#13682,#10803,#10804);
#9426=AXIS2_PLACEMENT_3D('',#13684,#10805,#10806);
#9427=AXIS2_PLACEMENT_3D('',#13686,#10807,#10808);
#9428=AXIS2_PLACEMENT_3D('',#13688,#10809,#10810);
#9429=AXIS2_PLACEMENT_3D('',#13690,#10811,#10812);
#9430=AXIS2_PLACEMENT_3D('',#13692,#10813,#10814);
#9431=AXIS2_PLACEMENT_3D('',#13694,#10815,#10816);
#9432=AXIS2_PLACEMENT_3D('',#13696,#10817,#10818);
#9433=AXIS2_PLACEMENT_3D('',#13698,#10819,#10820);
#9434=AXIS2_PLACEMENT_3D('',#13700,#10821,#10822);
#9435=AXIS2_PLACEMENT_3D('',#13702,#10823,#10824);
#9436=AXIS2_PLACEMENT_3D('',#13704,#10825,#10826);
#9437=AXIS2_PLACEMENT_3D('',#13706,#10827,#10828);
#9438=AXIS2_PLACEMENT_3D('',#13708,#10829,#10830);
#9439=AXIS2_PLACEMENT_3D('',#13710,#10831,#10832);
#9440=AXIS2_PLACEMENT_3D('',#13712,#10833,#10834);
#9441=AXIS2_PLACEMENT_3D('',#13714,#10835,#10836);
#9442=AXIS2_PLACEMENT_3D('',#13716,#10837,#10838);
#9443=AXIS2_PLACEMENT_3D('',#13718,#10839,#10840);
#9444=AXIS2_PLACEMENT_3D('',#13720,#10841,#10842);
#9445=AXIS2_PLACEMENT_3D('',#13722,#10843,#10844);
#9446=AXIS2_PLACEMENT_3D('',#13736,#10851,#10852);
#9447=AXIS2_PLACEMENT_3D('',#13738,#10853,#10854);
#9448=AXIS2_PLACEMENT_3D('',#13740,#10855,#10856);
#9449=AXIS2_PLACEMENT_3D('',#13742,#10857,#10858);
#9450=AXIS2_PLACEMENT_3D('',#13744,#10859,#10860);
#9451=AXIS2_PLACEMENT_3D('',#13746,#10861,#10862);
#9452=AXIS2_PLACEMENT_3D('',#13748,#10863,#10864);
#9453=AXIS2_PLACEMENT_3D('',#13750,#10865,#10866);
#9454=AXIS2_PLACEMENT_3D('',#13752,#10867,#10868);
#9455=AXIS2_PLACEMENT_3D('',#13754,#10869,#10870);
#9456=AXIS2_PLACEMENT_3D('',#13756,#10871,#10872);
#9457=AXIS2_PLACEMENT_3D('',#13758,#10873,#10874);
#9458=AXIS2_PLACEMENT_3D('',#13760,#10875,#10876);
#9459=AXIS2_PLACEMENT_3D('',#13762,#10877,#10878);
#9460=AXIS2_PLACEMENT_3D('',#13764,#10879,#10880);
#9461=AXIS2_PLACEMENT_3D('',#13766,#10881,#10882);
#9462=AXIS2_PLACEMENT_3D('',#13768,#10883,#10884);
#9463=AXIS2_PLACEMENT_3D('',#13770,#10885,#10886);
#9464=AXIS2_PLACEMENT_3D('',#13772,#10887,#10888);
#9465=AXIS2_PLACEMENT_3D('',#13774,#10889,#10890);
#9466=AXIS2_PLACEMENT_3D('',#13776,#10891,#10892);
#9467=AXIS2_PLACEMENT_3D('',#13778,#10893,#10894);
#9468=AXIS2_PLACEMENT_3D('',#13780,#10895,#10896);
#9469=AXIS2_PLACEMENT_3D('',#13782,#10897,#10898);
#9470=AXIS2_PLACEMENT_3D('',#13784,#10899,#10900);
#9471=AXIS2_PLACEMENT_3D('',#13786,#10901,#10902);
#9472=AXIS2_PLACEMENT_3D('',#13788,#10903,#10904);
#9473=AXIS2_PLACEMENT_3D('',#13790,#10905,#10906);
#9474=AXIS2_PLACEMENT_3D('',#13791,#10907,#10908);
#9475=AXIS2_PLACEMENT_3D('',#13794,#10909,#10910);
#9476=AXIS2_PLACEMENT_3D('',#13800,#10913,#10914);
#9477=AXIS2_PLACEMENT_3D('',#13802,#10915,#10916);
#9478=AXIS2_PLACEMENT_3D('',#13804,#10917,#10918);
#9479=AXIS2_PLACEMENT_3D('',#13806,#10919,#10920);
#9480=AXIS2_PLACEMENT_3D('',#13808,#10921,#10922);
#9481=AXIS2_PLACEMENT_3D('',#13810,#10923,#10924);
#9482=AXIS2_PLACEMENT_3D('',#13812,#10925,#10926);
#9483=AXIS2_PLACEMENT_3D('',#13814,#10927,#10928);
#9484=AXIS2_PLACEMENT_3D('',#13816,#10929,#10930);
#9485=AXIS2_PLACEMENT_3D('',#13818,#10931,#10932);
#9486=AXIS2_PLACEMENT_3D('',#13820,#10933,#10934);
#9487=AXIS2_PLACEMENT_3D('',#13822,#10935,#10936);
#9488=AXIS2_PLACEMENT_3D('',#13824,#10937,#10938);
#9489=AXIS2_PLACEMENT_3D('',#13826,#10939,#10940);
#9490=AXIS2_PLACEMENT_3D('',#13828,#10941,#10942);
#9491=AXIS2_PLACEMENT_3D('',#13830,#10943,#10944);
#9492=AXIS2_PLACEMENT_3D('',#13832,#10945,#10946);
#9493=AXIS2_PLACEMENT_3D('',#13834,#10947,#10948);
#9494=AXIS2_PLACEMENT_3D('',#13836,#10949,#10950);
#9495=AXIS2_PLACEMENT_3D('',#13838,#10951,#10952);
#9496=AXIS2_PLACEMENT_3D('',#13840,#10953,#10954);
#9497=AXIS2_PLACEMENT_3D('',#13842,#10955,#10956);
#9498=AXIS2_PLACEMENT_3D('',#13844,#10957,#10958);
#9499=AXIS2_PLACEMENT_3D('',#13846,#10959,#10960);
#9500=AXIS2_PLACEMENT_3D('',#13848,#10961,#10962);
#9501=AXIS2_PLACEMENT_3D('',#13850,#10963,#10964);
#9502=AXIS2_PLACEMENT_3D('',#13852,#10965,#10966);
#9503=AXIS2_PLACEMENT_3D('',#13854,#10967,#10968);
#9504=AXIS2_PLACEMENT_3D('',#13856,#10969,#10970);
#9505=AXIS2_PLACEMENT_3D('',#13858,#10971,#10972);
#9506=AXIS2_PLACEMENT_3D('',#13860,#10973,#10974);
#9507=AXIS2_PLACEMENT_3D('',#13874,#10981,#10982);
#9508=AXIS2_PLACEMENT_3D('',#13876,#10983,#10984);
#9509=AXIS2_PLACEMENT_3D('',#13878,#10985,#10986);
#9510=AXIS2_PLACEMENT_3D('',#13880,#10987,#10988);
#9511=AXIS2_PLACEMENT_3D('',#13882,#10989,#10990);
#9512=AXIS2_PLACEMENT_3D('',#13884,#10991,#10992);
#9513=AXIS2_PLACEMENT_3D('',#13886,#10993,#10994);
#9514=AXIS2_PLACEMENT_3D('',#13888,#10995,#10996);
#9515=AXIS2_PLACEMENT_3D('',#13890,#10997,#10998);
#9516=AXIS2_PLACEMENT_3D('',#13892,#10999,#11000);
#9517=AXIS2_PLACEMENT_3D('',#13894,#11001,#11002);
#9518=AXIS2_PLACEMENT_3D('',#13896,#11003,#11004);
#9519=AXIS2_PLACEMENT_3D('',#13898,#11005,#11006);
#9520=AXIS2_PLACEMENT_3D('',#13900,#11007,#11008);
#9521=AXIS2_PLACEMENT_3D('',#13902,#11009,#11010);
#9522=AXIS2_PLACEMENT_3D('',#13904,#11011,#11012);
#9523=AXIS2_PLACEMENT_3D('',#13906,#11013,#11014);
#9524=AXIS2_PLACEMENT_3D('',#13908,#11015,#11016);
#9525=AXIS2_PLACEMENT_3D('',#13910,#11017,#11018);
#9526=AXIS2_PLACEMENT_3D('',#13912,#11019,#11020);
#9527=AXIS2_PLACEMENT_3D('',#13914,#11021,#11022);
#9528=AXIS2_PLACEMENT_3D('',#13916,#11023,#11024);
#9529=AXIS2_PLACEMENT_3D('',#13918,#11025,#11026);
#9530=AXIS2_PLACEMENT_3D('',#13920,#11027,#11028);
#9531=AXIS2_PLACEMENT_3D('',#13922,#11029,#11030);
#9532=AXIS2_PLACEMENT_3D('',#13924,#11031,#11032);
#9533=AXIS2_PLACEMENT_3D('',#13926,#11033,#11034);
#9534=AXIS2_PLACEMENT_3D('',#13928,#11035,#11036);
#9535=AXIS2_PLACEMENT_3D('',#13929,#11037,#11038);
#9536=AXIS2_PLACEMENT_3D('',#13946,#11046,#11047);
#9537=AXIS2_PLACEMENT_3D('',#13948,#11048,#11049);
#9538=AXIS2_PLACEMENT_3D('',#13950,#11050,#11051);
#9539=AXIS2_PLACEMENT_3D('',#13952,#11052,#11053);
#9540=AXIS2_PLACEMENT_3D('',#13954,#11054,#11055);
#9541=AXIS2_PLACEMENT_3D('',#13956,#11056,#11057);
#9542=AXIS2_PLACEMENT_3D('',#13958,#11058,#11059);
#9543=AXIS2_PLACEMENT_3D('',#13960,#11060,#11061);
#9544=AXIS2_PLACEMENT_3D('',#13962,#11062,#11063);
#9545=AXIS2_PLACEMENT_3D('',#13964,#11064,#11065);
#9546=AXIS2_PLACEMENT_3D('',#13966,#11066,#11067);
#9547=AXIS2_PLACEMENT_3D('',#13968,#11068,#11069);
#9548=AXIS2_PLACEMENT_3D('',#13970,#11070,#11071);
#9549=AXIS2_PLACEMENT_3D('',#13972,#11072,#11073);
#9550=AXIS2_PLACEMENT_3D('',#13974,#11074,#11075);
#9551=AXIS2_PLACEMENT_3D('',#13976,#11076,#11077);
#9552=AXIS2_PLACEMENT_3D('',#13978,#11078,#11079);
#9553=AXIS2_PLACEMENT_3D('',#13980,#11080,#11081);
#9554=AXIS2_PLACEMENT_3D('',#13990,#11086,#11087);
#9555=AXIS2_PLACEMENT_3D('',#13992,#11088,#11089);
#9556=AXIS2_PLACEMENT_3D('',#13994,#11090,#11091);
#9557=AXIS2_PLACEMENT_3D('',#13996,#11092,#11093);
#9558=AXIS2_PLACEMENT_3D('',#13998,#11094,#11095);
#9559=AXIS2_PLACEMENT_3D('',#14000,#11096,#11097);
#9560=AXIS2_PLACEMENT_3D('',#14002,#11098,#11099);
#9561=AXIS2_PLACEMENT_3D('',#14004,#11100,#11101);
#9562=AXIS2_PLACEMENT_3D('',#14006,#11102,#11103);
#9563=AXIS2_PLACEMENT_3D('',#14008,#11104,#11105);
#9564=AXIS2_PLACEMENT_3D('',#14010,#11106,#11107);
#9565=AXIS2_PLACEMENT_3D('',#14012,#11108,#11109);
#9566=AXIS2_PLACEMENT_3D('',#14014,#11110,#11111);
#9567=AXIS2_PLACEMENT_3D('',#14016,#11112,#11113);
#9568=AXIS2_PLACEMENT_3D('',#14017,#11114,#11115);
#9569=AXIS2_PLACEMENT_3D('',#14020,#11116,#11117);
#9570=AXIS2_PLACEMENT_3D('',#14024,#11119,#11120);
#9571=AXIS2_PLACEMENT_3D('',#14026,#11121,#11122);
#9572=AXIS2_PLACEMENT_3D('',#14028,#11123,#11124);
#9573=AXIS2_PLACEMENT_3D('',#14030,#11125,#11126);
#9574=AXIS2_PLACEMENT_3D('',#14032,#11127,#11128);
#9575=AXIS2_PLACEMENT_3D('',#14034,#11129,#11130);
#9576=AXIS2_PLACEMENT_3D('',#14036,#11131,#11132);
#9577=AXIS2_PLACEMENT_3D('',#14038,#11133,#11134);
#9578=AXIS2_PLACEMENT_3D('',#14040,#11135,#11136);
#9579=AXIS2_PLACEMENT_3D('',#14042,#11137,#11138);
#9580=AXIS2_PLACEMENT_3D('',#14044,#11139,#11140);
#9581=AXIS2_PLACEMENT_3D('',#14046,#11141,#11142);
#9582=AXIS2_PLACEMENT_3D('',#14048,#11143,#11144);
#9583=AXIS2_PLACEMENT_3D('',#14050,#11145,#11146);
#9584=AXIS2_PLACEMENT_3D('',#14052,#11147,#11148);
#9585=AXIS2_PLACEMENT_3D('',#14054,#11149,#11150);
#9586=AXIS2_PLACEMENT_3D('',#14056,#11151,#11152);
#9587=AXIS2_PLACEMENT_3D('',#14058,#11153,#11154);
#9588=AXIS2_PLACEMENT_3D('',#14060,#11155,#11156);
#9589=AXIS2_PLACEMENT_3D('',#14062,#11157,#11158);
#9590=AXIS2_PLACEMENT_3D('',#14064,#11159,#11160);
#9591=AXIS2_PLACEMENT_3D('',#14066,#11161,#11162);
#9592=AXIS2_PLACEMENT_3D('',#14068,#11163,#11164);
#9593=AXIS2_PLACEMENT_3D('',#14070,#11165,#11166);
#9594=AXIS2_PLACEMENT_3D('',#14072,#11167,#11168);
#9595=AXIS2_PLACEMENT_3D('',#14074,#11169,#11170);
#9596=AXIS2_PLACEMENT_3D('',#14076,#11171,#11172);
#9597=AXIS2_PLACEMENT_3D('',#14078,#11173,#11174);
#9598=AXIS2_PLACEMENT_3D('',#14080,#11175,#11176);
#9599=AXIS2_PLACEMENT_3D('',#14082,#11177,#11178);
#9600=AXIS2_PLACEMENT_3D('',#14084,#11179,#11180);
#9601=AXIS2_PLACEMENT_3D('',#14086,#11181,#11182);
#9602=AXIS2_PLACEMENT_3D('',#14088,#11183,#11184);
#9603=AXIS2_PLACEMENT_3D('',#14096,#11188,#11189);
#9604=AXIS2_PLACEMENT_3D('',#14098,#11190,#11191);
#9605=AXIS2_PLACEMENT_3D('',#14100,#11192,#11193);
#9606=AXIS2_PLACEMENT_3D('',#14102,#11194,#11195);
#9607=AXIS2_PLACEMENT_3D('',#14104,#11196,#11197);
#9608=AXIS2_PLACEMENT_3D('',#14106,#11198,#11199);
#9609=AXIS2_PLACEMENT_3D('',#14110,#11201,#11202);
#9610=AXIS2_PLACEMENT_3D('',#14112,#11203,#11204);
#9611=AXIS2_PLACEMENT_3D('',#14114,#11205,#11206);
#9612=AXIS2_PLACEMENT_3D('',#14116,#11207,#11208);
#9613=AXIS2_PLACEMENT_3D('',#14118,#11209,#11210);
#9614=AXIS2_PLACEMENT_3D('',#14120,#11211,#11212);
#9615=AXIS2_PLACEMENT_3D('',#14122,#11213,#11214);
#9616=AXIS2_PLACEMENT_3D('',#14124,#11215,#11216);
#9617=AXIS2_PLACEMENT_3D('',#14126,#11217,#11218);
#9618=AXIS2_PLACEMENT_3D('',#14128,#11219,#11220);
#9619=AXIS2_PLACEMENT_3D('',#14130,#11221,#11222);
#9620=AXIS2_PLACEMENT_3D('',#14132,#11223,#11224);
#9621=AXIS2_PLACEMENT_3D('',#14134,#11225,#11226);
#9622=AXIS2_PLACEMENT_3D('',#14136,#11227,#11228);
#9623=AXIS2_PLACEMENT_3D('',#14138,#11229,#11230);
#9624=AXIS2_PLACEMENT_3D('',#14140,#11231,#11232);
#9625=AXIS2_PLACEMENT_3D('',#14142,#11233,#11234);
#9626=AXIS2_PLACEMENT_3D('',#14144,#11235,#11236);
#9627=AXIS2_PLACEMENT_3D('',#14146,#11237,#11238);
#9628=AXIS2_PLACEMENT_3D('',#14150,#11240,#11241);
#9629=AXIS2_PLACEMENT_3D('',#14152,#11242,#11243);
#9630=AXIS2_PLACEMENT_3D('',#14154,#11244,#11245);
#9631=AXIS2_PLACEMENT_3D('',#14156,#11246,#11247);
#9632=AXIS2_PLACEMENT_3D('',#14158,#11248,#11249);
#9633=AXIS2_PLACEMENT_3D('',#14160,#11250,#11251);
#9634=AXIS2_PLACEMENT_3D('',#14162,#11252,#11253);
#9635=AXIS2_PLACEMENT_3D('',#14164,#11254,#11255);
#9636=AXIS2_PLACEMENT_3D('',#14166,#11256,#11257);
#9637=AXIS2_PLACEMENT_3D('',#14168,#11258,#11259);
#9638=AXIS2_PLACEMENT_3D('',#14170,#11260,#11261);
#9639=AXIS2_PLACEMENT_3D('',#14172,#11262,#11263);
#9640=AXIS2_PLACEMENT_3D('',#14174,#11264,#11265);
#9641=AXIS2_PLACEMENT_3D('',#14176,#11266,#11267);
#9642=AXIS2_PLACEMENT_3D('',#14178,#11268,#11269);
#9643=AXIS2_PLACEMENT_3D('',#14180,#11270,#11271);
#9644=AXIS2_PLACEMENT_3D('',#14182,#11272,#11273);
#9645=AXIS2_PLACEMENT_3D('',#14184,#11274,#11275);
#9646=AXIS2_PLACEMENT_3D('',#14186,#11276,#11277);
#9647=AXIS2_PLACEMENT_3D('',#14188,#11278,#11279);
#9648=AXIS2_PLACEMENT_3D('',#14190,#11280,#11281);
#9649=AXIS2_PLACEMENT_3D('',#14192,#11282,#11283);
#9650=AXIS2_PLACEMENT_3D('',#14194,#11284,#11285);
#9651=AXIS2_PLACEMENT_3D('',#14196,#11286,#11287);
#9652=AXIS2_PLACEMENT_3D('',#14198,#11288,#11289);
#9653=AXIS2_PLACEMENT_3D('',#14200,#11290,#11291);
#9654=AXIS2_PLACEMENT_3D('',#14202,#11292,#11293);
#9655=AXIS2_PLACEMENT_3D('',#14208,#11296,#11297);
#9656=AXIS2_PLACEMENT_3D('',#14212,#11299,#11300);
#9657=AXIS2_PLACEMENT_3D('',#14214,#11301,#11302);
#9658=AXIS2_PLACEMENT_3D('',#14216,#11303,#11304);
#9659=AXIS2_PLACEMENT_3D('',#14218,#11305,#11306);
#9660=AXIS2_PLACEMENT_3D('',#14220,#11307,#11308);
#9661=AXIS2_PLACEMENT_3D('',#14222,#11309,#11310);
#9662=AXIS2_PLACEMENT_3D('',#14224,#11311,#11312);
#9663=AXIS2_PLACEMENT_3D('',#14226,#11313,#11314);
#9664=AXIS2_PLACEMENT_3D('',#14228,#11315,#11316);
#9665=AXIS2_PLACEMENT_3D('',#14230,#11317,#11318);
#9666=AXIS2_PLACEMENT_3D('',#14232,#11319,#11320);
#9667=AXIS2_PLACEMENT_3D('',#14234,#11321,#11322);
#9668=AXIS2_PLACEMENT_3D('',#14236,#11323,#11324);
#9669=AXIS2_PLACEMENT_3D('',#14238,#11325,#11326);
#9670=AXIS2_PLACEMENT_3D('',#14240,#11327,#11328);
#9671=AXIS2_PLACEMENT_3D('',#14242,#11329,#11330);
#9672=AXIS2_PLACEMENT_3D('',#14244,#11331,#11332);
#9673=AXIS2_PLACEMENT_3D('',#14246,#11333,#11334);
#9674=AXIS2_PLACEMENT_3D('',#14248,#11335,#11336);
#9675=AXIS2_PLACEMENT_3D('',#14250,#11337,#11338);
#9676=AXIS2_PLACEMENT_3D('',#14252,#11339,#11340);
#9677=AXIS2_PLACEMENT_3D('',#14253,#11341,#11342);
#9678=AXIS2_PLACEMENT_3D('',#14257,#11344,#11345);
#9679=AXIS2_PLACEMENT_3D('',#14261,#11347,#11348);
#9680=AXIS2_PLACEMENT_3D('',#14265,#11350,#11351);
#9681=AXIS2_PLACEMENT_3D('',#14271,#11355,#11356);
#9682=AXIS2_PLACEMENT_3D('',#14276,#11359,#11360);
#9683=AXIS2_PLACEMENT_3D('',#14280,#11362,#11363);
#9684=AXIS2_PLACEMENT_3D('',#14290,#11369,#11370);
#9685=AXIS2_PLACEMENT_3D('',#14294,#11372,#11373);
#9686=AXIS2_PLACEMENT_3D('',#14296,#11374,#11375);
#9687=AXIS2_PLACEMENT_3D('',#14298,#11376,#11377);
#9688=AXIS2_PLACEMENT_3D('',#14300,#11378,#11379);
#9689=AXIS2_PLACEMENT_3D('',#14302,#11380,#11381);
#9690=AXIS2_PLACEMENT_3D('',#14304,#11382,#11383);
#9691=AXIS2_PLACEMENT_3D('',#14306,#11384,#11385);
#9692=AXIS2_PLACEMENT_3D('',#14308,#11386,#11387);
#9693=AXIS2_PLACEMENT_3D('',#14310,#11388,#11389);
#9694=AXIS2_PLACEMENT_3D('',#14312,#11390,#11391);
#9695=AXIS2_PLACEMENT_3D('',#14314,#11392,#11393);
#9696=AXIS2_PLACEMENT_3D('',#14316,#11394,#11395);
#9697=AXIS2_PLACEMENT_3D('',#14318,#11396,#11397);
#9698=AXIS2_PLACEMENT_3D('',#14320,#11398,#11399);
#9699=AXIS2_PLACEMENT_3D('',#14324,#11401,#11402);
#9700=AXIS2_PLACEMENT_3D('',#14326,#11403,#11404);
#9701=AXIS2_PLACEMENT_3D('',#14328,#11405,#11406);
#9702=AXIS2_PLACEMENT_3D('',#14330,#11407,#11408);
#9703=AXIS2_PLACEMENT_3D('',#14332,#11409,#11410);
#9704=AXIS2_PLACEMENT_3D('',#14334,#11411,#11412);
#9705=AXIS2_PLACEMENT_3D('',#14336,#11413,#11414);
#9706=AXIS2_PLACEMENT_3D('',#14338,#11415,#11416);
#9707=AXIS2_PLACEMENT_3D('',#14340,#11417,#11418);
#9708=AXIS2_PLACEMENT_3D('',#14342,#11419,#11420);
#9709=AXIS2_PLACEMENT_3D('',#14344,#11421,#11422);
#9710=AXIS2_PLACEMENT_3D('',#14346,#11423,#11424);
#9711=AXIS2_PLACEMENT_3D('',#14348,#11425,#11426);
#9712=AXIS2_PLACEMENT_3D('',#14350,#11427,#11428);
#9713=AXIS2_PLACEMENT_3D('',#14352,#11429,#11430);
#9714=AXIS2_PLACEMENT_3D('',#14354,#11431,#11432);
#9715=AXIS2_PLACEMENT_3D('',#14356,#11433,#11434);
#9716=AXIS2_PLACEMENT_3D('',#14358,#11435,#11436);
#9717=AXIS2_PLACEMENT_3D('',#14360,#11437,#11438);
#9718=AXIS2_PLACEMENT_3D('',#14362,#11439,#11440);
#9719=AXIS2_PLACEMENT_3D('',#14364,#11441,#11442);
#9720=AXIS2_PLACEMENT_3D('',#14366,#11443,#11444);
#9721=AXIS2_PLACEMENT_3D('',#14368,#11445,#11446);
#9722=AXIS2_PLACEMENT_3D('',#14370,#11447,#11448);
#9723=AXIS2_PLACEMENT_3D('',#14372,#11449,#11450);
#9724=AXIS2_PLACEMENT_3D('',#14374,#11451,#11452);
#9725=AXIS2_PLACEMENT_3D('',#14376,#11453,#11454);
#9726=AXIS2_PLACEMENT_3D('',#14378,#11455,#11456);
#9727=AXIS2_PLACEMENT_3D('',#14380,#11457,#11458);
#9728=AXIS2_PLACEMENT_3D('',#14382,#11459,#11460);
#9729=AXIS2_PLACEMENT_3D('',#14386,#11462,#11463);
#9730=AXIS2_PLACEMENT_3D('',#14388,#11464,#11465);
#9731=AXIS2_PLACEMENT_3D('',#14390,#11466,#11467);
#9732=AXIS2_PLACEMENT_3D('',#14392,#11468,#11469);
#9733=AXIS2_PLACEMENT_3D('',#14394,#11470,#11471);
#9734=AXIS2_PLACEMENT_3D('',#14396,#11472,#11473);
#9735=AXIS2_PLACEMENT_3D('',#14398,#11474,#11475);
#9736=AXIS2_PLACEMENT_3D('',#14400,#11476,#11477);
#9737=AXIS2_PLACEMENT_3D('',#14402,#11478,#11479);
#9738=AXIS2_PLACEMENT_3D('',#14404,#11480,#11481);
#9739=AXIS2_PLACEMENT_3D('',#14406,#11482,#11483);
#9740=AXIS2_PLACEMENT_3D('',#14407,#11484,#11485);
#9741=AXIS2_PLACEMENT_3D('',#14410,#11486,#11487);
#9742=AXIS2_PLACEMENT_3D('',#14412,#11488,#11489);
#9743=AXIS2_PLACEMENT_3D('',#14414,#11490,#11491);
#9744=AXIS2_PLACEMENT_3D('',#14416,#11492,#11493);
#9745=AXIS2_PLACEMENT_3D('',#14418,#11494,#11495);
#9746=AXIS2_PLACEMENT_3D('',#14420,#11496,#11497);
#9747=AXIS2_PLACEMENT_3D('',#14422,#11498,#11499);
#9748=AXIS2_PLACEMENT_3D('',#14424,#11500,#11501);
#9749=AXIS2_PLACEMENT_3D('',#14426,#11502,#11503);
#9750=AXIS2_PLACEMENT_3D('',#14428,#11504,#11505);
#9751=AXIS2_PLACEMENT_3D('',#14430,#11506,#11507);
#9752=AXIS2_PLACEMENT_3D('',#14432,#11508,#11509);
#9753=AXIS2_PLACEMENT_3D('',#14434,#11510,#11511);
#9754=AXIS2_PLACEMENT_3D('',#14436,#11512,#11513);
#9755=AXIS2_PLACEMENT_3D('',#14438,#11514,#11515);
#9756=AXIS2_PLACEMENT_3D('',#14440,#11516,#11517);
#9757=AXIS2_PLACEMENT_3D('',#14442,#11518,#11519);
#9758=AXIS2_PLACEMENT_3D('',#14444,#11520,#11521);
#9759=AXIS2_PLACEMENT_3D('',#14446,#11522,#11523);
#9760=AXIS2_PLACEMENT_3D('',#14448,#11524,#11525);
#9761=AXIS2_PLACEMENT_3D('',#14450,#11526,#11527);
#9762=AXIS2_PLACEMENT_3D('',#14452,#11528,#11529);
#9763=AXIS2_PLACEMENT_3D('',#14454,#11530,#11531);
#9764=AXIS2_PLACEMENT_3D('',#14456,#11532,#11533);
#9765=AXIS2_PLACEMENT_3D('',#14458,#11534,#11535);
#9766=AXIS2_PLACEMENT_3D('',#14460,#11536,#11537);
#9767=AXIS2_PLACEMENT_3D('',#14462,#11538,#11539);
#9768=AXIS2_PLACEMENT_3D('',#14464,#11540,#11541);
#9769=AXIS2_PLACEMENT_3D('',#14466,#11542,#11543);
#9770=AXIS2_PLACEMENT_3D('',#14468,#11544,#11545);
#9771=AXIS2_PLACEMENT_3D('',#14470,#11546,#11547);
#9772=AXIS2_PLACEMENT_3D('',#14472,#11548,#11549);
#9773=AXIS2_PLACEMENT_3D('',#14474,#11550,#11551);
#9774=AXIS2_PLACEMENT_3D('',#14476,#11552,#11553);
#9775=AXIS2_PLACEMENT_3D('',#14478,#11554,#11555);
#9776=AXIS2_PLACEMENT_3D('',#14480,#11556,#11557);
#9777=AXIS2_PLACEMENT_3D('',#14482,#11558,#11559);
#9778=AXIS2_PLACEMENT_3D('',#14484,#11560,#11561);
#9779=AXIS2_PLACEMENT_3D('',#14486,#11562,#11563);
#9780=AXIS2_PLACEMENT_3D('',#14488,#11564,#11565);
#9781=AXIS2_PLACEMENT_3D('',#14490,#11566,#11567);
#9782=AXIS2_PLACEMENT_3D('',#14492,#11568,#11569);
#9783=AXIS2_PLACEMENT_3D('',#14494,#11570,#11571);
#9784=AXIS2_PLACEMENT_3D('',#14496,#11572,#11573);
#9785=AXIS2_PLACEMENT_3D('',#14498,#11574,#11575);
#9786=AXIS2_PLACEMENT_3D('',#14500,#11576,#11577);
#9787=AXIS2_PLACEMENT_3D('',#14502,#11578,#11579);
#9788=AXIS2_PLACEMENT_3D('',#14504,#11580,#11581);
#9789=AXIS2_PLACEMENT_3D('',#14506,#11582,#11583);
#9790=AXIS2_PLACEMENT_3D('',#14508,#11584,#11585);
#9791=AXIS2_PLACEMENT_3D('',#14510,#11586,#11587);
#9792=AXIS2_PLACEMENT_3D('',#14512,#11588,#11589);
#9793=AXIS2_PLACEMENT_3D('',#14514,#11590,#11591);
#9794=AXIS2_PLACEMENT_3D('',#14516,#11592,#11593);
#9795=AXIS2_PLACEMENT_3D('',#14518,#11594,#11595);
#9796=AXIS2_PLACEMENT_3D('',#14520,#11596,#11597);
#9797=AXIS2_PLACEMENT_3D('',#14522,#11598,#11599);
#9798=AXIS2_PLACEMENT_3D('',#14524,#11600,#11601);
#9799=AXIS2_PLACEMENT_3D('',#14526,#11602,#11603);
#9800=AXIS2_PLACEMENT_3D('',#14528,#11604,#11605);
#9801=AXIS2_PLACEMENT_3D('',#14529,#11606,#11607);
#9802=AXIS2_PLACEMENT_3D('',#14531,#11608,#11609);
#9803=AXIS2_PLACEMENT_3D('',#14533,#11610,#11611);
#9804=AXIS2_PLACEMENT_3D('',#14535,#11612,#11613);
#9805=AXIS2_PLACEMENT_3D('',#14537,#11614,#11615);
#9806=AXIS2_PLACEMENT_3D('',#14539,#11616,#11617);
#9807=AXIS2_PLACEMENT_3D('',#14541,#11618,#11619);
#9808=AXIS2_PLACEMENT_3D('',#14543,#11620,#11621);
#9809=AXIS2_PLACEMENT_3D('',#14545,#11622,#11623);
#9810=AXIS2_PLACEMENT_3D('',#14547,#11624,#11625);
#9811=AXIS2_PLACEMENT_3D('',#14549,#11626,#11627);
#9812=AXIS2_PLACEMENT_3D('',#14551,#11628,#11629);
#9813=AXIS2_PLACEMENT_3D('',#14553,#11630,#11631);
#9814=AXIS2_PLACEMENT_3D('',#14555,#11632,#11633);
#9815=AXIS2_PLACEMENT_3D('',#14557,#11634,#11635);
#9816=AXIS2_PLACEMENT_3D('',#14559,#11636,#11637);
#9817=AXIS2_PLACEMENT_3D('',#14561,#11638,#11639);
#9818=AXIS2_PLACEMENT_3D('',#14563,#11640,#11641);
#9819=AXIS2_PLACEMENT_3D('',#14565,#11642,#11643);
#9820=AXIS2_PLACEMENT_3D('',#14567,#11644,#11645);
#9821=AXIS2_PLACEMENT_3D('',#14569,#11646,#11647);
#9822=AXIS2_PLACEMENT_3D('',#14571,#11648,#11649);
#9823=AXIS2_PLACEMENT_3D('',#14573,#11650,#11651);
#9824=AXIS2_PLACEMENT_3D('',#14575,#11652,#11653);
#9825=AXIS2_PLACEMENT_3D('',#14577,#11654,#11655);
#9826=AXIS2_PLACEMENT_3D('',#14579,#11656,#11657);
#9827=AXIS2_PLACEMENT_3D('',#14581,#11658,#11659);
#9828=AXIS2_PLACEMENT_3D('',#14583,#11660,#11661);
#9829=AXIS2_PLACEMENT_3D('',#14585,#11662,#11663);
#9830=AXIS2_PLACEMENT_3D('',#14587,#11664,#11665);
#9831=AXIS2_PLACEMENT_3D('',#14589,#11666,#11667);
#9832=AXIS2_PLACEMENT_3D('',#14591,#11668,#11669);
#9833=AXIS2_PLACEMENT_3D('',#14593,#11670,#11671);
#9834=AXIS2_PLACEMENT_3D('',#14595,#11672,#11673);
#9835=AXIS2_PLACEMENT_3D('',#14597,#11674,#11675);
#9836=AXIS2_PLACEMENT_3D('',#14599,#11676,#11677);
#9837=AXIS2_PLACEMENT_3D('',#14601,#11678,#11679);
#9838=AXIS2_PLACEMENT_3D('',#14603,#11680,#11681);
#9839=AXIS2_PLACEMENT_3D('',#14605,#11682,#11683);
#9840=AXIS2_PLACEMENT_3D('',#14607,#11684,#11685);
#9841=AXIS2_PLACEMENT_3D('',#14609,#11686,#11687);
#9842=AXIS2_PLACEMENT_3D('',#14611,#11688,#11689);
#9843=AXIS2_PLACEMENT_3D('',#14613,#11690,#11691);
#9844=AXIS2_PLACEMENT_3D('',#14615,#11692,#11693);
#9845=AXIS2_PLACEMENT_3D('',#14616,#11694,#11695);
#9846=AXIS2_PLACEMENT_3D('',#14619,#11696,#11697);
#9847=AXIS2_PLACEMENT_3D('',#14621,#11698,#11699);
#9848=AXIS2_PLACEMENT_3D('',#14623,#11700,#11701);
#9849=AXIS2_PLACEMENT_3D('',#14625,#11702,#11703);
#9850=AXIS2_PLACEMENT_3D('',#14627,#11704,#11705);
#9851=AXIS2_PLACEMENT_3D('',#14629,#11706,#11707);
#9852=AXIS2_PLACEMENT_3D('',#14631,#11708,#11709);
#9853=AXIS2_PLACEMENT_3D('',#14633,#11710,#11711);
#9854=AXIS2_PLACEMENT_3D('',#14635,#11712,#11713);
#9855=AXIS2_PLACEMENT_3D('',#14637,#11714,#11715);
#9856=AXIS2_PLACEMENT_3D('',#14639,#11716,#11717);
#9857=AXIS2_PLACEMENT_3D('',#14641,#11718,#11719);
#9858=AXIS2_PLACEMENT_3D('',#14643,#11720,#11721);
#9859=AXIS2_PLACEMENT_3D('',#14645,#11722,#11723);
#9860=AXIS2_PLACEMENT_3D('',#14647,#11724,#11725);
#9861=AXIS2_PLACEMENT_3D('',#14649,#11726,#11727);
#9862=AXIS2_PLACEMENT_3D('',#14651,#11728,#11729);
#9863=AXIS2_PLACEMENT_3D('',#14653,#11730,#11731);
#9864=AXIS2_PLACEMENT_3D('',#14655,#11732,#11733);
#9865=AXIS2_PLACEMENT_3D('',#14657,#11734,#11735);
#9866=AXIS2_PLACEMENT_3D('',#14659,#11736,#11737);
#9867=AXIS2_PLACEMENT_3D('',#14661,#11738,#11739);
#9868=AXIS2_PLACEMENT_3D('',#14663,#11740,#11741);
#9869=AXIS2_PLACEMENT_3D('',#14665,#11742,#11743);
#9870=AXIS2_PLACEMENT_3D('',#14667,#11744,#11745);
#9871=AXIS2_PLACEMENT_3D('',#14669,#11746,#11747);
#9872=AXIS2_PLACEMENT_3D('',#14671,#11748,#11749);
#9873=AXIS2_PLACEMENT_3D('',#14673,#11750,#11751);
#9874=AXIS2_PLACEMENT_3D('',#14675,#11752,#11753);
#9875=AXIS2_PLACEMENT_3D('',#14677,#11754,#11755);
#9876=AXIS2_PLACEMENT_3D('',#14679,#11756,#11757);
#9877=AXIS2_PLACEMENT_3D('',#14681,#11758,#11759);
#9878=AXIS2_PLACEMENT_3D('',#14683,#11760,#11761);
#9879=AXIS2_PLACEMENT_3D('',#14685,#11762,#11763);
#9880=AXIS2_PLACEMENT_3D('',#14687,#11764,#11765);
#9881=AXIS2_PLACEMENT_3D('',#14688,#11766,#11767);
#9882=AXIS2_PLACEMENT_3D('',#14695,#11770,#11771);
#9883=AXIS2_PLACEMENT_3D('',#14697,#11772,#11773);
#9884=AXIS2_PLACEMENT_3D('',#14699,#11774,#11775);
#9885=AXIS2_PLACEMENT_3D('',#14701,#11776,#11777);
#9886=AXIS2_PLACEMENT_3D('',#14703,#11778,#11779);
#9887=AXIS2_PLACEMENT_3D('',#14705,#11780,#11781);
#9888=AXIS2_PLACEMENT_3D('',#14707,#11782,#11783);
#9889=AXIS2_PLACEMENT_3D('',#14709,#11784,#11785);
#9890=AXIS2_PLACEMENT_3D('',#14711,#11786,#11787);
#9891=AXIS2_PLACEMENT_3D('',#14713,#11788,#11789);
#9892=AXIS2_PLACEMENT_3D('',#14715,#11790,#11791);
#9893=AXIS2_PLACEMENT_3D('',#14717,#11792,#11793);
#9894=AXIS2_PLACEMENT_3D('',#14719,#11794,#11795);
#9895=AXIS2_PLACEMENT_3D('',#14721,#11796,#11797);
#9896=AXIS2_PLACEMENT_3D('',#14723,#11798,#11799);
#9897=AXIS2_PLACEMENT_3D('',#14725,#11800,#11801);
#9898=AXIS2_PLACEMENT_3D('',#14727,#11802,#11803);
#9899=AXIS2_PLACEMENT_3D('',#14729,#11804,#11805);
#9900=AXIS2_PLACEMENT_3D('',#14731,#11806,#11807);
#9901=AXIS2_PLACEMENT_3D('',#14733,#11808,#11809);
#9902=AXIS2_PLACEMENT_3D('',#14735,#11810,#11811);
#9903=AXIS2_PLACEMENT_3D('',#14737,#11812,#11813);
#9904=AXIS2_PLACEMENT_3D('',#14739,#11814,#11815);
#9905=AXIS2_PLACEMENT_3D('',#14741,#11816,#11817);
#9906=AXIS2_PLACEMENT_3D('',#14743,#11818,#11819);
#9907=AXIS2_PLACEMENT_3D('',#14745,#11820,#11821);
#9908=AXIS2_PLACEMENT_3D('',#14747,#11822,#11823);
#9909=AXIS2_PLACEMENT_3D('',#14749,#11824,#11825);
#9910=AXIS2_PLACEMENT_3D('',#14751,#11826,#11827);
#9911=AXIS2_PLACEMENT_3D('',#14753,#11828,#11829);
#9912=AXIS2_PLACEMENT_3D('',#14755,#11830,#11831);
#9913=AXIS2_PLACEMENT_3D('',#14757,#11832,#11833);
#9914=AXIS2_PLACEMENT_3D('',#14759,#11834,#11835);
#9915=AXIS2_PLACEMENT_3D('',#14761,#11836,#11837);
#9916=AXIS2_PLACEMENT_3D('',#14768,#11844,#11845);
#9917=AXIS2_PLACEMENT_3D('',#14777,#11850,#11851);
#9918=AXIS2_PLACEMENT_3D('',#14786,#11856,#11857);
#9919=AXIS2_PLACEMENT_3D('',#14799,#11868,#11869);
#9920=AXIS2_PLACEMENT_3D('',#14812,#11880,#11881);
#9921=AXIS2_PLACEMENT_3D('',#14829,#11890,#11891);
#9922=AXIS2_PLACEMENT_3D('',#14846,#11900,#11901);
#9923=AXIS2_PLACEMENT_3D('',#14863,#11910,#11911);
#9924=AXIS2_PLACEMENT_3D('',#14880,#11920,#11921);
#9925=AXIS2_PLACEMENT_3D('',#14886,#11925,#11926);
#9926=AXIS2_PLACEMENT_3D('',#14892,#11930,#11931);
#9927=AXIS2_PLACEMENT_3D('',#14904,#11938,#11939);
#9928=AXIS2_PLACEMENT_3D('',#14916,#11946,#11947);
#9929=AXIS2_PLACEMENT_3D('',#14922,#11951,#11952);
#9930=AXIS2_PLACEMENT_3D('',#14944,#11963,#11964);
#9931=AXIS2_PLACEMENT_3D('',#14950,#11968,#11969);
#9932=AXIS2_PLACEMENT_3D('',#14963,#11975,#11976);
#9933=AXIS2_PLACEMENT_3D('',#14978,#11985,#11986);
#9934=AXIS2_PLACEMENT_3D('',#14981,#11989,#11990);
#9935=AXIS2_PLACEMENT_3D('',#15003,#12001,#12002);
#9936=AXIS2_PLACEMENT_3D('',#15009,#12006,#12007);
#9937=AXIS2_PLACEMENT_3D('',#15022,#12013,#12014);
#9938=AXIS2_PLACEMENT_3D('',#15037,#12023,#12024);
#9939=AXIS2_PLACEMENT_3D('',#15040,#12027,#12028);
#9940=AXIS2_PLACEMENT_3D('',#15043,#12031,#12032);
#9941=AXIS2_PLACEMENT_3D('',#15045,#12034,#12035);
#9942=AXIS2_PLACEMENT_3D('',#15049,#12037,#12038);
#9943=AXIS2_PLACEMENT_3D('',#15051,#12040,#12041);
#9944=AXIS2_PLACEMENT_3D('',#15055,#12044,#12045);
#9945=AXIS2_PLACEMENT_3D('',#15058,#12046,#12047);
#9946=AXIS2_PLACEMENT_3D('',#15061,#12050,#12051);
#9947=AXIS2_PLACEMENT_3D('',#15079,#12061,#12062);
#9948=AXIS2_PLACEMENT_3D('',#15084,#12067,#12068);
#9949=AXIS2_PLACEMENT_3D('',#15086,#12070,#12071);
#9950=AXIS2_PLACEMENT_3D('',#15088,#12073,#12074);
#9951=AXIS2_PLACEMENT_3D('',#15092,#12077,#12078);
#9952=AXIS2_PLACEMENT_3D('',#15093,#12079,#12080);
#9953=AXIS2_PLACEMENT_3D('',#15094,#12081,#12082);
#9954=AXIS2_PLACEMENT_3D('',#15096,#12083,#12084);
#9955=AXIS2_PLACEMENT_3D('',#15098,#12086,#12087);
#9956=AXIS2_PLACEMENT_3D('',#15102,#12090,#12091);
#9957=AXIS2_PLACEMENT_3D('',#15104,#12093,#12094);
#9958=AXIS2_PLACEMENT_3D('',#15107,#12097,#12098);
#9959=AXIS2_PLACEMENT_3D('',#15108,#12099,#12100);
#9960=AXIS2_PLACEMENT_3D('',#15109,#12101,#12102);
#9961=AXIS2_PLACEMENT_3D('',#15110,#12103,#12104);
#9962=AXIS2_PLACEMENT_3D('',#15111,#12105,#12106);
#9963=AXIS2_PLACEMENT_3D('',#15144,#12125,#12126);
#9964=AXIS2_PLACEMENT_3D('',#15146,#12128,#12129);
#9965=AXIS2_PLACEMENT_3D('',#15147,#12130,#12131);
#9966=AXIS2_PLACEMENT_3D('',#15176,#12150,#12151);
#9967=AXIS2_PLACEMENT_3D('',#15178,#12153,#12154);
#9968=AXIS2_PLACEMENT_3D('',#15179,#12155,#12156);
#9969=AXIS2_PLACEMENT_3D('',#15185,#12160,#12161);
#9970=AXIS2_PLACEMENT_3D('',#15191,#12165,#12166);
#9971=AXIS2_PLACEMENT_3D('',#15194,#12169,#12170);
#9972=AXIS2_PLACEMENT_3D('',#15195,#12171,#12172);
#9973=AXIS2_PLACEMENT_3D('',#15198,#12175,#12176);
#9974=AXIS2_PLACEMENT_3D('',#15199,#12177,#12178);
#9975=AXIS2_PLACEMENT_3D('',#15200,#12179,#12180);
#9976=AXIS2_PLACEMENT_3D('',#15201,#12181,#12182);
#9977=AXIS2_PLACEMENT_3D('',#15202,#12183,#12184);
#9978=AXIS2_PLACEMENT_3D('',#15210,#12190,#12191);
#9979=AXIS2_PLACEMENT_3D('',#15212,#12193,#12194);
#9980=AXIS2_PLACEMENT_3D('',#15214,#12196,#12197);
#9981=AXIS2_PLACEMENT_3D('',#15225,#12204,#12205);
#9982=AXIS2_PLACEMENT_3D('',#15229,#12208,#12209);
#9983=AXIS2_PLACEMENT_3D('',#15239,#12216,#12217);
#9984=AXIS2_PLACEMENT_3D('',#15241,#12219,#12220);
#9985=AXIS2_PLACEMENT_3D('',#15243,#12222,#12223);
#9986=AXIS2_PLACEMENT_3D('',#15250,#12228,#12229);
#9987=AXIS2_PLACEMENT_3D('',#15251,#12230,#12231);
#9988=AXIS2_PLACEMENT_3D('',#15252,#12232,#12233);
#9989=AXIS2_PLACEMENT_3D('',#15258,#12237,#12238);
#9990=AXIS2_PLACEMENT_3D('',#15264,#12242,#12243);
#9991=AXIS2_PLACEMENT_3D('',#15267,#12246,#12247);
#9992=AXIS2_PLACEMENT_3D('',#15268,#12248,#12249);
#9993=AXIS2_PLACEMENT_3D('',#15271,#12252,#12253);
#9994=AXIS2_PLACEMENT_3D('',#15272,#12254,#12255);
#9995=AXIS2_PLACEMENT_3D('',#15273,#12256,#12257);
#9996=AXIS2_PLACEMENT_3D('',#15274,#12258,#12259);
#9997=AXIS2_PLACEMENT_3D('',#15275,#12260,#12261);
#9998=AXIS2_PLACEMENT_3D('',#15283,#12267,#12268);
#9999=AXIS2_PLACEMENT_3D('',#15284,#12269,#12270);
#10000=AXIS2_PLACEMENT_3D('',#15286,#12272,#12273);
#10001=AXIS2_PLACEMENT_3D('',#15288,#12275,#12276);
#10002=AXIS2_PLACEMENT_3D('',#15295,#12281,#12282);
#10003=AXIS2_PLACEMENT_3D('',#15296,#12283,#12284);
#10004=AXIS2_PLACEMENT_3D('',#15297,#12285,#12286);
#10005=AXIS2_PLACEMENT_3D('',#15299,#12288,#12289);
#10006=AXIS2_PLACEMENT_3D('',#15300,#12290,#12291);
#10007=AXIS2_PLACEMENT_3D('',#15306,#12295,#12296);
#10008=AXIS2_PLACEMENT_3D('',#15310,#12299,#12300);
#10009=AXIS2_PLACEMENT_3D('',#15314,#12303,#12304);
#10010=AXIS2_PLACEMENT_3D('',#15316,#12306,#12307);
#10011=AXIS2_PLACEMENT_3D('',#15317,#12308,#12309);
#10012=AXIS2_PLACEMENT_3D('',#15319,#12311,#12312);
#10013=AXIS2_PLACEMENT_3D('',#15321,#12314,#12315);
#10014=AXIS2_PLACEMENT_3D('',#15322,#12316,#12317);
#10015=AXIS2_PLACEMENT_3D('',#15324,#12319,#12320);
#10016=AXIS2_PLACEMENT_3D('',#15326,#12322,#12323);
#10017=AXIS2_PLACEMENT_3D('',#15327,#12324,#12325);
#10018=AXIS2_PLACEMENT_3D('',#15331,#12329,#12330);
#10019=AXIS2_PLACEMENT_3D('',#15332,#12331,#12332);
#10020=AXIS2_PLACEMENT_3D('',#15333,#12333,#12334);
#10021=AXIS2_PLACEMENT_3D('',#15334,#12335,#12336);
#10022=AXIS2_PLACEMENT_3D('',#15338,#12340,#12341);
#10023=AXIS2_PLACEMENT_3D('',#15339,#12342,#12343);
#10024=AXIS2_PLACEMENT_3D('',#15340,#12344,#12345);
#10025=AXIS2_PLACEMENT_3D('',#15341,#12346,#12347);
#10026=AXIS2_PLACEMENT_3D('',#15343,#12349,#12350);
#10027=AXIS2_PLACEMENT_3D('',#15345,#12352,#12353);
#10028=AXIS2_PLACEMENT_3D('',#15347,#12355,#12356);
#10029=AXIS2_PLACEMENT_3D('',#15348,#12357,#12358);
#10030=AXIS2_PLACEMENT_3D('',#15350,#12360,#12361);
#10031=AXIS2_PLACEMENT_3D('',#15352,#12363,#12364);
#10032=AXIS2_PLACEMENT_3D('',#15354,#12366,#12367);
#10033=AXIS2_PLACEMENT_3D('',#15355,#12368,#12369);
#10034=AXIS2_PLACEMENT_3D('',#15363,#12375,#12376);
#10035=AXIS2_PLACEMENT_3D('',#15365,#12378,#12379);
#10036=AXIS2_PLACEMENT_3D('',#15367,#12381,#12382);
#10037=AXIS2_PLACEMENT_3D('',#15369,#12384,#12385);
#10038=AXIS2_PLACEMENT_3D('',#15371,#12387,#12388);
#10039=AXIS2_PLACEMENT_3D('',#15377,#12392,#12393);
#10040=AXIS2_PLACEMENT_3D('',#15378,#12394,#12395);
#10041=AXIS2_PLACEMENT_3D('',#15380,#12397,#12398);
#10042=AXIS2_PLACEMENT_3D('',#15382,#12400,#12401);
#10043=AXIS2_PLACEMENT_3D('',#15383,#12402,#12403);
#10044=AXIS2_PLACEMENT_3D('',#15389,#12407,#12408);
#10045=AXIS2_PLACEMENT_3D('',#15391,#12410,#12411);
#10046=AXIS2_PLACEMENT_3D('',#15395,#12414,#12415);
#10047=AXIS2_PLACEMENT_3D('',#15399,#12419,#12420);
#10048=AXIS2_PLACEMENT_3D('',#15400,#12421,#12422);
#10049=AXIS2_PLACEMENT_3D('',#15404,#12425,#12426);
#10050=AXIS2_PLACEMENT_3D('',#15408,#12430,#12431);
#10051=AXIS2_PLACEMENT_3D('',#15409,#12432,#12433);
#10052=AXIS2_PLACEMENT_3D('',#15410,#12434,#12435);
#10053=AXIS2_PLACEMENT_3D('',#15411,#12436,#12437);
#10054=AXIS2_PLACEMENT_3D('',#15412,#12438,#12439);
#10055=AXIS2_PLACEMENT_3D('',#15413,#12440,#12441);
#10056=AXIS2_PLACEMENT_3D('',#15414,#12442,#12443);
#10057=AXIS2_PLACEMENT_3D('',#15415,#12444,#12445);
#10058=AXIS2_PLACEMENT_3D('',#15422,#12448,#12449);
#10059=AXIS2_PLACEMENT_3D('',#15424,#12450,#12451);
#10060=AXIS2_PLACEMENT_3D('',#15426,#12452,#12453);
#10061=AXIS2_PLACEMENT_3D('',#15428,#12454,#12455);
#10062=AXIS2_PLACEMENT_3D('',#15430,#12456,#12457);
#10063=AXIS2_PLACEMENT_3D('',#15432,#12458,#12459);
#10064=AXIS2_PLACEMENT_3D('',#15434,#12460,#12461);
#10065=AXIS2_PLACEMENT_3D('',#15436,#12462,#12463);
#10066=AXIS2_PLACEMENT_3D('',#15438,#12464,#12465);
#10067=AXIS2_PLACEMENT_3D('',#15440,#12466,#12467);
#10068=AXIS2_PLACEMENT_3D('',#15442,#12468,#12469);
#10069=AXIS2_PLACEMENT_3D('',#15444,#12470,#12471);
#10070=AXIS2_PLACEMENT_3D('',#15446,#12472,#12473);
#10071=AXIS2_PLACEMENT_3D('',#15448,#12474,#12475);
#10072=AXIS2_PLACEMENT_3D('',#15450,#12476,#12477);
#10073=AXIS2_PLACEMENT_3D('',#15452,#12478,#12479);
#10074=AXIS2_PLACEMENT_3D('',#15454,#12480,#12481);
#10075=AXIS2_PLACEMENT_3D('',#15456,#12482,#12483);
#10076=AXIS2_PLACEMENT_3D('',#15458,#12484,#12485);
#10077=AXIS2_PLACEMENT_3D('',#15460,#12486,#12487);
#10078=AXIS2_PLACEMENT_3D('',#15468,#12491,#12492);
#10079=AXIS2_PLACEMENT_3D('',#15470,#12493,#12494);
#10080=AXIS2_PLACEMENT_3D('',#15472,#12495,#12496);
#10081=AXIS2_PLACEMENT_3D('',#15474,#12497,#12498);
#10082=AXIS2_PLACEMENT_3D('',#15476,#12499,#12500);
#10083=AXIS2_PLACEMENT_3D('',#15478,#12501,#12502);
#10084=AXIS2_PLACEMENT_3D('',#15480,#12503,#12504);
#10085=AXIS2_PLACEMENT_3D('',#15482,#12505,#12506);
#10086=AXIS2_PLACEMENT_3D('',#15484,#12507,#12508);
#10087=AXIS2_PLACEMENT_3D('',#15486,#12509,#12510);
#10088=AXIS2_PLACEMENT_3D('',#15488,#12511,#12512);
#10089=AXIS2_PLACEMENT_3D('',#15490,#12513,#12514);
#10090=AXIS2_PLACEMENT_3D('',#15492,#12515,#12516);
#10091=AXIS2_PLACEMENT_3D('',#15494,#12517,#12518);
#10092=AXIS2_PLACEMENT_3D('',#15496,#12519,#12520);
#10093=AXIS2_PLACEMENT_3D('',#15498,#12521,#12522);
#10094=AXIS2_PLACEMENT_3D('',#15500,#12523,#12524);
#10095=AXIS2_PLACEMENT_3D('',#15502,#12525,#12526);
#10096=AXIS2_PLACEMENT_3D('',#15504,#12527,#12528);
#10097=AXIS2_PLACEMENT_3D('',#15506,#12529,#12530);
#10098=AXIS2_PLACEMENT_3D('',#15508,#12532,#12533);
#10099=AXIS2_PLACEMENT_3D('',#15509,#12534,#12535);
#10100=AXIS2_PLACEMENT_3D('',#15510,#12536,#12537);
#10101=AXIS2_PLACEMENT_3D('',#15511,#12538,#12539);
#10102=AXIS2_PLACEMENT_3D('',#15514,#12540,#12541);
#10103=AXIS2_PLACEMENT_3D('',#15516,#12542,#12543);
#10104=AXIS2_PLACEMENT_3D('',#15518,#12544,#12545);
#10105=AXIS2_PLACEMENT_3D('',#15520,#12546,#12547);
#10106=AXIS2_PLACEMENT_3D('',#15522,#12548,#12549);
#10107=AXIS2_PLACEMENT_3D('',#15524,#12550,#12551);
#10108=AXIS2_PLACEMENT_3D('',#15526,#12552,#12553);
#10109=AXIS2_PLACEMENT_3D('',#15528,#12554,#12555);
#10110=AXIS2_PLACEMENT_3D('',#15530,#12556,#12557);
#10111=AXIS2_PLACEMENT_3D('',#15532,#12558,#12559);
#10112=AXIS2_PLACEMENT_3D('',#15534,#12560,#12561);
#10113=AXIS2_PLACEMENT_3D('',#15536,#12562,#12563);
#10114=AXIS2_PLACEMENT_3D('',#15538,#12564,#12565);
#10115=AXIS2_PLACEMENT_3D('',#15540,#12566,#12567);
#10116=AXIS2_PLACEMENT_3D('',#15542,#12568,#12569);
#10117=AXIS2_PLACEMENT_3D('',#15544,#12570,#12571);
#10118=AXIS2_PLACEMENT_3D('',#15546,#12572,#12573);
#10119=AXIS2_PLACEMENT_3D('',#15548,#12574,#12575);
#10120=AXIS2_PLACEMENT_3D('',#15550,#12576,#12577);
#10121=AXIS2_PLACEMENT_3D('',#15552,#12578,#12579);
#10122=AXIS2_PLACEMENT_3D('',#15554,#12580,#12581);
#10123=AXIS2_PLACEMENT_3D('',#15556,#12582,#12583);
#10124=AXIS2_PLACEMENT_3D('',#15558,#12584,#12585);
#10125=AXIS2_PLACEMENT_3D('',#15560,#12586,#12587);
#10126=AXIS2_PLACEMENT_3D('',#15562,#12588,#12589);
#10127=AXIS2_PLACEMENT_3D('',#15564,#12590,#12591);
#10128=AXIS2_PLACEMENT_3D('',#15566,#12592,#12593);
#10129=AXIS2_PLACEMENT_3D('',#15568,#12594,#12595);
#10130=AXIS2_PLACEMENT_3D('',#15570,#12596,#12597);
#10131=AXIS2_PLACEMENT_3D('',#15572,#12598,#12599);
#10132=AXIS2_PLACEMENT_3D('',#15574,#12600,#12601);
#10133=AXIS2_PLACEMENT_3D('',#15576,#12602,#12603);
#10134=AXIS2_PLACEMENT_3D('',#15578,#12604,#12605);
#10135=AXIS2_PLACEMENT_3D('',#15580,#12606,#12607);
#10136=AXIS2_PLACEMENT_3D('',#15582,#12608,#12609);
#10137=AXIS2_PLACEMENT_3D('',#15584,#12610,#12611);
#10138=AXIS2_PLACEMENT_3D('',#15586,#12612,#12613);
#10139=AXIS2_PLACEMENT_3D('',#15588,#12614,#12615);
#10140=AXIS2_PLACEMENT_3D('',#15590,#12616,#12617);
#10141=AXIS2_PLACEMENT_3D('',#15591,#12618,#12619);
#10142=AXIS2_PLACEMENT_3D('',#15592,#12620,#12621);
#10143=AXIS2_PLACEMENT_3D('',#15593,#12622,#12623);
#10144=AXIS2_PLACEMENT_3D('',#15594,#12624,#12625);
#10145=AXIS2_PLACEMENT_3D('',#15595,#12626,#12627);
#10146=AXIS2_PLACEMENT_3D('',#15596,#12628,#12629);
#10147=AXIS2_PLACEMENT_3D('',#15599,#12630,#12631);
#10148=AXIS2_PLACEMENT_3D('',#15601,#12632,#12633);
#10149=AXIS2_PLACEMENT_3D('',#15603,#12634,#12635);
#10150=AXIS2_PLACEMENT_3D('',#15605,#12636,#12637);
#10151=AXIS2_PLACEMENT_3D('',#15607,#12638,#12639);
#10152=AXIS2_PLACEMENT_3D('',#15609,#12640,#12641);
#10153=AXIS2_PLACEMENT_3D('',#15611,#12642,#12643);
#10154=AXIS2_PLACEMENT_3D('',#15613,#12644,#12645);
#10155=AXIS2_PLACEMENT_3D('',#15615,#12646,#12647);
#10156=AXIS2_PLACEMENT_3D('',#15617,#12648,#12649);
#10157=AXIS2_PLACEMENT_3D('',#15619,#12650,#12651);
#10158=AXIS2_PLACEMENT_3D('',#15621,#12652,#12653);
#10159=AXIS2_PLACEMENT_3D('',#15623,#12654,#12655);
#10160=AXIS2_PLACEMENT_3D('',#15625,#12656,#12657);
#10161=AXIS2_PLACEMENT_3D('',#15627,#12658,#12659);
#10162=AXIS2_PLACEMENT_3D('',#15629,#12660,#12661);
#10163=AXIS2_PLACEMENT_3D('',#15631,#12662,#12663);
#10164=AXIS2_PLACEMENT_3D('',#15633,#12664,#12665);
#10165=AXIS2_PLACEMENT_3D('',#15635,#12666,#12667);
#10166=AXIS2_PLACEMENT_3D('',#15637,#12668,#12669);
#10167=AXIS2_PLACEMENT_3D('',#15639,#12670,#12671);
#10168=AXIS2_PLACEMENT_3D('',#15641,#12672,#12673);
#10169=AXIS2_PLACEMENT_3D('',#15643,#12674,#12675);
#10170=AXIS2_PLACEMENT_3D('',#15645,#12676,#12677);
#10171=AXIS2_PLACEMENT_3D('',#15647,#12678,#12679);
#10172=AXIS2_PLACEMENT_3D('',#15649,#12680,#12681);
#10173=AXIS2_PLACEMENT_3D('',#15651,#12682,#12683);
#10174=AXIS2_PLACEMENT_3D('',#15653,#12684,#12685);
#10175=AXIS2_PLACEMENT_3D('',#15655,#12686,#12687);
#10176=AXIS2_PLACEMENT_3D('',#15657,#12688,#12689);
#10177=AXIS2_PLACEMENT_3D('',#15659,#12690,#12691);
#10178=AXIS2_PLACEMENT_3D('',#15661,#12692,#12693);
#10179=AXIS2_PLACEMENT_3D('',#15663,#12694,#12695);
#10180=AXIS2_PLACEMENT_3D('',#15665,#12696,#12697);
#10181=AXIS2_PLACEMENT_3D('',#15667,#12698,#12699);
#10182=AXIS2_PLACEMENT_3D('',#15669,#12700,#12701);
#10183=AXIS2_PLACEMENT_3D('',#15671,#12702,#12703);
#10184=AXIS2_PLACEMENT_3D('',#15673,#12704,#12705);
#10185=AXIS2_PLACEMENT_3D('',#15675,#12706,#12707);
#10186=AXIS2_PLACEMENT_3D('',#15677,#12708,#12709);
#10187=AXIS2_PLACEMENT_3D('',#15678,#12710,#12711);
#10188=AXIS2_PLACEMENT_3D('',#15679,#12712,#12713);
#10189=AXIS2_PLACEMENT_3D('',#15680,#12714,#12715);
#10190=AXIS2_PLACEMENT_3D('',#15683,#12716,#12717);
#10191=AXIS2_PLACEMENT_3D('',#15685,#12718,#12719);
#10192=AXIS2_PLACEMENT_3D('',#15687,#12720,#12721);
#10193=AXIS2_PLACEMENT_3D('',#15689,#12722,#12723);
#10194=AXIS2_PLACEMENT_3D('',#15691,#12724,#12725);
#10195=AXIS2_PLACEMENT_3D('',#15693,#12726,#12727);
#10196=AXIS2_PLACEMENT_3D('',#15695,#12728,#12729);
#10197=AXIS2_PLACEMENT_3D('',#15697,#12730,#12731);
#10198=AXIS2_PLACEMENT_3D('',#15699,#12732,#12733);
#10199=AXIS2_PLACEMENT_3D('',#15701,#12734,#12735);
#10200=AXIS2_PLACEMENT_3D('',#15703,#12736,#12737);
#10201=AXIS2_PLACEMENT_3D('',#15705,#12738,#12739);
#10202=AXIS2_PLACEMENT_3D('',#15707,#12740,#12741);
#10203=AXIS2_PLACEMENT_3D('',#15709,#12742,#12743);
#10204=AXIS2_PLACEMENT_3D('',#15711,#12744,#12745);
#10205=AXIS2_PLACEMENT_3D('',#15713,#12746,#12747);
#10206=AXIS2_PLACEMENT_3D('',#15715,#12748,#12749);
#10207=AXIS2_PLACEMENT_3D('',#15717,#12750,#12751);
#10208=AXIS2_PLACEMENT_3D('',#15719,#12752,#12753);
#10209=AXIS2_PLACEMENT_3D('',#15721,#12754,#12755);
#10210=AXIS2_PLACEMENT_3D('',#15723,#12756,#12757);
#10211=AXIS2_PLACEMENT_3D('',#15725,#12758,#12759);
#10212=AXIS2_PLACEMENT_3D('',#15727,#12760,#12761);
#10213=AXIS2_PLACEMENT_3D('',#15729,#12762,#12763);
#10214=AXIS2_PLACEMENT_3D('',#15731,#12764,#12765);
#10215=AXIS2_PLACEMENT_3D('',#15733,#12766,#12767);
#10216=AXIS2_PLACEMENT_3D('',#15735,#12768,#12769);
#10217=AXIS2_PLACEMENT_3D('',#15737,#12770,#12771);
#10218=AXIS2_PLACEMENT_3D('',#15739,#12772,#12773);
#10219=AXIS2_PLACEMENT_3D('',#15741,#12774,#12775);
#10220=AXIS2_PLACEMENT_3D('',#15743,#12776,#12777);
#10221=AXIS2_PLACEMENT_3D('',#15745,#12778,#12779);
#10222=AXIS2_PLACEMENT_3D('',#15747,#12780,#12781);
#10223=AXIS2_PLACEMENT_3D('',#15749,#12782,#12783);
#10224=AXIS2_PLACEMENT_3D('',#15751,#12784,#12785);
#10225=AXIS2_PLACEMENT_3D('',#15752,#12786,#12787);
#10226=AXIS2_PLACEMENT_3D('',#15755,#12788,#12789);
#10227=AXIS2_PLACEMENT_3D('',#15757,#12790,#12791);
#10228=AXIS2_PLACEMENT_3D('',#15759,#12792,#12793);
#10229=AXIS2_PLACEMENT_3D('',#15761,#12794,#12795);
#10230=AXIS2_PLACEMENT_3D('',#15763,#12796,#12797);
#10231=AXIS2_PLACEMENT_3D('',#15765,#12798,#12799);
#10232=AXIS2_PLACEMENT_3D('',#15767,#12800,#12801);
#10233=AXIS2_PLACEMENT_3D('',#15769,#12802,#12803);
#10234=AXIS2_PLACEMENT_3D('',#15771,#12804,#12805);
#10235=AXIS2_PLACEMENT_3D('',#15773,#12806,#12807);
#10236=AXIS2_PLACEMENT_3D('',#15775,#12808,#12809);
#10237=AXIS2_PLACEMENT_3D('',#15777,#12810,#12811);
#10238=AXIS2_PLACEMENT_3D('',#15779,#12812,#12813);
#10239=AXIS2_PLACEMENT_3D('',#15781,#12814,#12815);
#10240=AXIS2_PLACEMENT_3D('',#15783,#12816,#12817);
#10241=AXIS2_PLACEMENT_3D('',#15785,#12818,#12819);
#10242=AXIS2_PLACEMENT_3D('',#15787,#12820,#12821);
#10243=AXIS2_PLACEMENT_3D('',#15789,#12822,#12823);
#10244=AXIS2_PLACEMENT_3D('',#15791,#12824,#12825);
#10245=AXIS2_PLACEMENT_3D('',#15793,#12826,#12827);
#10246=AXIS2_PLACEMENT_3D('',#15795,#12828,#12829);
#10247=AXIS2_PLACEMENT_3D('',#15797,#12830,#12831);
#10248=AXIS2_PLACEMENT_3D('',#15799,#12832,#12833);
#10249=AXIS2_PLACEMENT_3D('',#15801,#12834,#12835);
#10250=AXIS2_PLACEMENT_3D('',#15803,#12836,#12837);
#10251=AXIS2_PLACEMENT_3D('',#15805,#12838,#12839);
#10252=AXIS2_PLACEMENT_3D('',#15807,#12840,#12841);
#10253=AXIS2_PLACEMENT_3D('',#15809,#12842,#12843);
#10254=AXIS2_PLACEMENT_3D('',#15811,#12844,#12845);
#10255=AXIS2_PLACEMENT_3D('',#15813,#12846,#12847);
#10256=AXIS2_PLACEMENT_3D('',#15815,#12848,#12849);
#10257=AXIS2_PLACEMENT_3D('',#15817,#12850,#12851);
#10258=AXIS2_PLACEMENT_3D('',#15819,#12852,#12853);
#10259=AXIS2_PLACEMENT_3D('',#15821,#12854,#12855);
#10260=AXIS2_PLACEMENT_3D('',#15823,#12856,#12857);
#10261=AXIS2_PLACEMENT_3D('',#15825,#12858,#12859);
#10262=AXIS2_PLACEMENT_3D('',#15827,#12860,#12861);
#10263=AXIS2_PLACEMENT_3D('',#15829,#12862,#12863);
#10264=AXIS2_PLACEMENT_3D('',#15831,#12864,#12865);
#10265=AXIS2_PLACEMENT_3D('',#15833,#12866,#12867);
#10266=AXIS2_PLACEMENT_3D('',#15835,#12868,#12869);
#10267=AXIS2_PLACEMENT_3D('',#15837,#12870,#12871);
#10268=AXIS2_PLACEMENT_3D('',#15839,#12872,#12873);
#10269=AXIS2_PLACEMENT_3D('',#15840,#12874,#12875);
#10270=AXIS2_PLACEMENT_3D('',#15841,#12876,#12877);
#10271=AXIS2_PLACEMENT_3D('',#15842,#12878,#12879);
#10272=AXIS2_PLACEMENT_3D('',#15843,#12880,#12881);
#10273=AXIS2_PLACEMENT_3D('',#15844,#12882,#12883);
#10274=AXIS2_PLACEMENT_3D('',#15848,#12885,#12886);
#10275=AXIS2_PLACEMENT_3D('',#15853,#12889,#12890);
#10276=AXIS2_PLACEMENT_3D('',#15855,#12892,#12893);
#10277=AXIS2_PLACEMENT_3D('',#15856,#12894,#12895);
#10278=AXIS2_PLACEMENT_3D('',#15857,#12896,#12897);
#10279=AXIS2_PLACEMENT_3D('',#15858,#12898,#12899);
#10280=AXIS2_PLACEMENT_3D('',#15860,#12900,#12901);
#10281=AXIS2_PLACEMENT_3D('',#15863,#12903,#12904);
#10282=AXIS2_PLACEMENT_3D('',#15864,#12905,#12906);
#10283=AXIS2_PLACEMENT_3D('',#15867,#12907,#12908);
#10284=AXIS2_PLACEMENT_3D('',#15871,#12910,#12911);
#10285=AXIS2_PLACEMENT_3D('',#15875,#12913,#12914);
#10286=AXIS2_PLACEMENT_3D('',#15879,#12916,#12917);
#10287=AXIS2_PLACEMENT_3D('',#15882,#12919,#12920);
#10288=AXIS2_PLACEMENT_3D('',#15885,#12922,#12923);
#10289=AXIS2_PLACEMENT_3D('',#15886,#12924,#12925);
#10290=AXIS2_PLACEMENT_3D('',#15897,#12930,#12931);
#10291=AXIS2_PLACEMENT_3D('',#15899,#12933,#12934);
#10292=AXIS2_PLACEMENT_3D('',#15912,#12935,#12936);
#10293=AXIS2_PLACEMENT_3D('',#15923,#12937,#12938);
#10294=AXIS2_PLACEMENT_3D('',#15932,#12943,#12944);
#10295=AXIS2_PLACEMENT_3D('',#15938,#12948,#12949);
#10296=AXIS2_PLACEMENT_3D('',#15952,#12957,#12958);
#10297=AXIS2_PLACEMENT_3D('',#15961,#12963,#12964);
#10298=AXIS2_PLACEMENT_3D('',#15967,#12968,#12969);
#10299=AXIS2_PLACEMENT_3D('',#15973,#12973,#12974);
#10300=AXIS2_PLACEMENT_3D('',#15976,#12977,#12978);
#10301=AXIS2_PLACEMENT_3D('',#15979,#12981,#12982);
#10302=AXIS2_PLACEMENT_3D('',#15980,#12983,#12984);
#10303=AXIS2_PLACEMENT_3D('',#15981,#12985,#12986);
#10304=AXIS2_PLACEMENT_3D('',#15991,#12992,#12993);
#10305=AXIS2_PLACEMENT_3D('',#16012,#12994,#12995);
#10306=AXIS2_PLACEMENT_3D('',#16013,#12996,#12997);
#10307=AXIS2_PLACEMENT_3D('',#16032,#13008,#13009);
#10308=AXIS2_PLACEMENT_3D('',#16035,#13012,#13013);
#10309=AXIS2_PLACEMENT_3D('',#16037,#13015,#13016);
#10310=AXIS2_PLACEMENT_3D('',#16039,#13018,#13019);
#10311=AXIS2_PLACEMENT_3D('',#16040,#13020,#13021);
#10312=AXIS2_PLACEMENT_3D('',#16042,#13023,#13024);
#10313=AXIS2_PLACEMENT_3D('',#16044,#13026,#13027);
#10314=AXIS2_PLACEMENT_3D('',#16046,#13029,#13030);
#10315=AXIS2_PLACEMENT_3D('',#16048,#13032,#13033);
#10316=AXIS2_PLACEMENT_3D('',#16049,#13034,#13035);
#10317=AXIS2_PLACEMENT_3D('',#16050,#13036,#13037);
#10318=AXIS2_PLACEMENT_3D('',#16056,#13041,#13042);
#10319=AXIS2_PLACEMENT_3D('',#16062,#13046,#13047);
#10320=AXIS2_PLACEMENT_3D('',#16068,#13051,#13052);
#10321=AXIS2_PLACEMENT_3D('',#16074,#13056,#13057);
#10322=AXIS2_PLACEMENT_3D('',#16077,#13060,#13061);
#10323=AXIS2_PLACEMENT_3D('',#16078,#13062,#13063);
#10324=AXIS2_PLACEMENT_3D('',#16079,#13064,#13065);
#10325=AXIS2_PLACEMENT_3D('',#16081,#13066,#13067);
#10326=AXIS2_PLACEMENT_3D('',#16084,#13069,#13070);
#10327=AXIS2_PLACEMENT_3D('',#16085,#13071,#13072);
#10328=AXIS2_PLACEMENT_3D('',#16088,#13073,#13074);
#10329=AXIS2_PLACEMENT_3D('',#16092,#13076,#13077);
#10330=AXIS2_PLACEMENT_3D('',#16096,#13079,#13080);
#10331=AXIS2_PLACEMENT_3D('',#16100,#13082,#13083);
#10332=AXIS2_PLACEMENT_3D('',#16103,#13085,#13086);
#10333=AXIS2_PLACEMENT_3D('',#16106,#13088,#13089);
#10334=AXIS2_PLACEMENT_3D('',#16107,#13090,#13091);
#10335=AXIS2_PLACEMENT_3D('',#16118,#13096,#13097);
#10336=AXIS2_PLACEMENT_3D('',#16120,#13099,#13100);
#10337=AXIS2_PLACEMENT_3D('',#16133,#13101,#13102);
#10338=AXIS2_PLACEMENT_3D('',#16144,#13103,#13104);
#10339=AXIS2_PLACEMENT_3D('',#16153,#13109,#13110);
#10340=AXIS2_PLACEMENT_3D('',#16159,#13114,#13115);
#10341=AXIS2_PLACEMENT_3D('',#16173,#13123,#13124);
#10342=AXIS2_PLACEMENT_3D('',#16182,#13129,#13130);
#10343=AXIS2_PLACEMENT_3D('',#16188,#13134,#13135);
#10344=AXIS2_PLACEMENT_3D('',#16194,#13139,#13140);
#10345=AXIS2_PLACEMENT_3D('',#16197,#13143,#13144);
#10346=AXIS2_PLACEMENT_3D('',#16200,#13147,#13148);
#10347=AXIS2_PLACEMENT_3D('',#16201,#13149,#13150);
#10348=AXIS2_PLACEMENT_3D('',#16202,#13151,#13152);
#10349=AXIS2_PLACEMENT_3D('',#16212,#13158,#13159);
#10350=AXIS2_PLACEMENT_3D('',#16233,#13160,#13161);
#10351=AXIS2_PLACEMENT_3D('',#16234,#13162,#13163);
#10352=AXIS2_PLACEMENT_3D('',#16253,#13174,#13175);
#10353=AXIS2_PLACEMENT_3D('',#16256,#13178,#13179);
#10354=AXIS2_PLACEMENT_3D('',#16258,#13181,#13182);
#10355=AXIS2_PLACEMENT_3D('',#16260,#13184,#13185);
#10356=AXIS2_PLACEMENT_3D('',#16261,#13186,#13187);
#10357=AXIS2_PLACEMENT_3D('',#16263,#13189,#13190);
#10358=AXIS2_PLACEMENT_3D('',#16265,#13192,#13193);
#10359=AXIS2_PLACEMENT_3D('',#16267,#13195,#13196);
#10360=AXIS2_PLACEMENT_3D('',#16269,#13198,#13199);
#10361=AXIS2_PLACEMENT_3D('',#16270,#13200,#13201);
#10362=AXIS2_PLACEMENT_3D('',#16271,#13202,#13203);
#10363=AXIS2_PLACEMENT_3D('',#16277,#13207,#13208);
#10364=AXIS2_PLACEMENT_3D('',#16283,#13212,#13213);
#10365=AXIS2_PLACEMENT_3D('',#16289,#13217,#13218);
#10366=AXIS2_PLACEMENT_3D('',#16295,#13222,#13223);
#10367=AXIS2_PLACEMENT_3D('',#16298,#13226,#13227);
#10368=AXIS2_PLACEMENT_3D('',#16299,#13228,#13229);
#10369=DIRECTION('axis',(0.,0.,1.));
#10370=DIRECTION('refdir',(1.,0.,0.));
#10371=DIRECTION('center_axis',(1.,0.,0.));
#10372=DIRECTION('ref_axis',(0.,0.,1.));
#10373=DIRECTION('center_axis',(1.,0.,0.));
#10374=DIRECTION('ref_axis',(0.,0.,-1.));
#10375=DIRECTION('center_axis',(1.,0.,0.));
#10376=DIRECTION('ref_axis',(0.,0.,-1.));
#10377=DIRECTION('center_axis',(1.,0.,0.));
#10378=DIRECTION('ref_axis',(0.,-0.51907062599904,-0.854731352662908));
#10379=DIRECTION('center_axis',(1.,0.,0.));
#10380=DIRECTION('ref_axis',(0.,0.,-1.));
#10381=DIRECTION('center_axis',(1.,0.,0.));
#10382=DIRECTION('ref_axis',(0.,0.,-1.));
#10383=DIRECTION('center_axis',(1.,0.,0.));
#10384=DIRECTION('ref_axis',(0.,-0.579751725650647,-0.814793186400756));
#10385=DIRECTION('center_axis',(1.,0.,0.));
#10386=DIRECTION('ref_axis',(0.,0.,-1.));
#10387=DIRECTION('center_axis',(1.,0.,0.));
#10388=DIRECTION('ref_axis',(0.,0.,-1.));
#10389=DIRECTION('center_axis',(1.,0.,0.));
#10390=DIRECTION('ref_axis',(0.,0.,1.));
#10391=DIRECTION('center_axis',(1.,0.,0.));
#10392=DIRECTION('ref_axis',(0.,0.,-1.));
#10393=DIRECTION('center_axis',(1.,0.,0.));
#10394=DIRECTION('ref_axis',(0.,0.,-1.));
#10395=DIRECTION('center_axis',(1.,0.,0.));
#10396=DIRECTION('ref_axis',(0.,-0.575560033433454,-0.817759529393624));
#10397=DIRECTION('center_axis',(1.,0.,0.));
#10398=DIRECTION('ref_axis',(0.,0.,-1.));
#10399=DIRECTION('center_axis',(1.,0.,0.));
#10400=DIRECTION('ref_axis',(0.,0.,-1.));
#10401=DIRECTION('center_axis',(1.,0.,0.));
#10402=DIRECTION('ref_axis',(0.,0.,1.));
#10403=DIRECTION('center_axis',(1.,0.,0.));
#10404=DIRECTION('ref_axis',(0.,0.,-1.));
#10405=DIRECTION('center_axis',(1.,0.,0.));
#10406=DIRECTION('ref_axis',(0.,0.,-1.));
#10407=DIRECTION('center_axis',(1.,0.,0.));
#10408=DIRECTION('ref_axis',(0.,0.678366956100304,-0.734723262780762));
#10409=DIRECTION('center_axis',(1.,0.,0.));
#10410=DIRECTION('ref_axis',(0.,0.,-1.));
#10411=DIRECTION('center_axis',(1.,0.,0.));
#10412=DIRECTION('ref_axis',(0.,0.,-1.));
#10413=DIRECTION('center_axis',(1.,0.,0.));
#10414=DIRECTION('ref_axis',(0.,0.,1.));
#10415=DIRECTION('center_axis',(1.,0.,0.));
#10416=DIRECTION('ref_axis',(0.,0.,-1.));
#10417=DIRECTION('center_axis',(1.,0.,0.));
#10418=DIRECTION('ref_axis',(0.,0.,-1.));
#10419=DIRECTION('center_axis',(1.,0.,0.));
#10420=DIRECTION('ref_axis',(0.,0.,1.));
#10421=DIRECTION('center_axis',(1.,0.,0.));
#10422=DIRECTION('ref_axis',(0.,0.,-1.));
#10423=DIRECTION('center_axis',(1.,0.,0.));
#10424=DIRECTION('ref_axis',(0.,0.,-1.));
#10425=DIRECTION('center_axis',(1.,0.,0.));
#10426=DIRECTION('ref_axis',(0.,0.,1.));
#10427=DIRECTION('center_axis',(1.,0.,0.));
#10428=DIRECTION('ref_axis',(0.,0.,-1.));
#10429=DIRECTION('center_axis',(1.,0.,0.));
#10430=DIRECTION('ref_axis',(0.,0.,-1.));
#10431=DIRECTION('center_axis',(1.,0.,0.));
#10432=DIRECTION('ref_axis',(0.,0.,1.));
#10433=DIRECTION('center_axis',(1.,0.,0.));
#10434=DIRECTION('ref_axis',(0.,0.,-1.));
#10435=DIRECTION('center_axis',(1.,0.,0.));
#10436=DIRECTION('ref_axis',(0.,0.,-1.));
#10437=DIRECTION('center_axis',(1.,0.,0.));
#10438=DIRECTION('ref_axis',(0.,0.,1.));
#10439=DIRECTION('center_axis',(1.,0.,0.));
#10440=DIRECTION('ref_axis',(0.,0.,-1.));
#10441=DIRECTION('center_axis',(1.,0.,0.));
#10442=DIRECTION('ref_axis',(0.,0.,-1.));
#10443=DIRECTION('center_axis',(1.,0.,0.));
#10444=DIRECTION('ref_axis',(0.,0.,1.));
#10445=DIRECTION('center_axis',(1.,0.,0.));
#10446=DIRECTION('ref_axis',(0.,0.,-1.));
#10447=DIRECTION('center_axis',(1.,0.,0.));
#10448=DIRECTION('ref_axis',(0.,0.,-1.));
#10449=DIRECTION('center_axis',(1.,0.,0.));
#10450=DIRECTION('ref_axis',(0.,0.,1.));
#10451=DIRECTION('center_axis',(1.,0.,0.));
#10452=DIRECTION('ref_axis',(0.,0.,-1.));
#10453=DIRECTION('center_axis',(1.,0.,0.));
#10454=DIRECTION('ref_axis',(0.,0.,-1.));
#10455=DIRECTION('center_axis',(1.,0.,0.));
#10456=DIRECTION('ref_axis',(0.,-0.339090071404074,0.940753912282686));
#10457=DIRECTION('center_axis',(1.,0.,0.));
#10458=DIRECTION('ref_axis',(0.,0.,-1.));
#10459=DIRECTION('center_axis',(1.,0.,0.));
#10460=DIRECTION('ref_axis',(0.,0.,-1.));
#10461=DIRECTION('center_axis',(0.,1.,0.));
#10462=DIRECTION('ref_axis',(0.,0.,-1.));
#10463=DIRECTION('center_axis',(0.,1.,0.));
#10464=DIRECTION('ref_axis',(1.,0.,0.));
#10465=DIRECTION('',(0.,-1.,0.));
#10466=DIRECTION('center_axis',(0.,1.,0.));
#10467=DIRECTION('ref_axis',(1.,0.,0.));
#10468=DIRECTION('',(0.,-1.,0.));
#10469=DIRECTION('center_axis',(0.,1.,0.));
#10470=DIRECTION('ref_axis',(0.500000000000055,0.,0.866025403784407));
#10471=DIRECTION('center_axis',(0.,1.,0.));
#10472=DIRECTION('ref_axis',(1.,0.,0.));
#10473=DIRECTION('',(0.,-1.,0.));
#10474=DIRECTION('center_axis',(0.,1.,0.));
#10475=DIRECTION('ref_axis',(1.,0.,0.));
#10476=DIRECTION('',(0.,-1.,0.));
#10477=DIRECTION('center_axis',(0.,1.,0.));
#10478=DIRECTION('ref_axis',(0.,0.,-1.));
#10479=DIRECTION('center_axis',(0.,1.,0.));
#10480=DIRECTION('ref_axis',(1.,0.,0.));
#10481=DIRECTION('',(0.,-1.,0.));
#10482=DIRECTION('center_axis',(0.,1.,0.));
#10483=DIRECTION('ref_axis',(1.,0.,0.));
#10484=DIRECTION('',(0.,-1.,0.));
#10485=DIRECTION('center_axis',(0.,1.,0.));
#10486=DIRECTION('ref_axis',(-0.500000000000018,0.,0.866025403784428));
#10487=DIRECTION('center_axis',(0.,1.,0.));
#10488=DIRECTION('ref_axis',(1.,0.,0.));
#10489=DIRECTION('',(0.,-1.,0.));
#10490=DIRECTION('center_axis',(0.,1.,0.));
#10491=DIRECTION('ref_axis',(1.,0.,0.));
#10492=DIRECTION('',(0.,-1.,0.));
#10493=DIRECTION('center_axis',(0.,-1.,0.));
#10494=DIRECTION('ref_axis',(0.,0.,1.));
#10495=DIRECTION('center_axis',(0.,1.,0.));
#10496=DIRECTION('ref_axis',(1.,0.,0.));
#10497=DIRECTION('',(0.,1.,0.));
#10498=DIRECTION('center_axis',(0.,1.,0.));
#10499=DIRECTION('ref_axis',(1.,0.,0.));
#10500=DIRECTION('',(0.,1.,0.));
#10501=DIRECTION('center_axis',(0.,-1.,0.));
#10502=DIRECTION('ref_axis',(0.500000000000014,0.,-0.866025403784431));
#10503=DIRECTION('center_axis',(0.,1.,0.));
#10504=DIRECTION('ref_axis',(1.,0.,0.));
#10505=DIRECTION('',(0.,1.,0.));
#10506=DIRECTION('center_axis',(0.,1.,0.));
#10507=DIRECTION('ref_axis',(1.,0.,0.));
#10508=DIRECTION('',(0.,1.,0.));
#10509=DIRECTION('center_axis',(0.,-1.,0.));
#10510=DIRECTION('ref_axis',(0.,0.,1.));
#10511=DIRECTION('center_axis',(0.,1.,0.));
#10512=DIRECTION('ref_axis',(1.,0.,0.));
#10513=DIRECTION('',(0.,1.,0.));
#10514=DIRECTION('center_axis',(0.,1.,0.));
#10515=DIRECTION('ref_axis',(1.,0.,0.));
#10516=DIRECTION('',(0.,1.,0.));
#10517=DIRECTION('center_axis',(0.,-1.,0.));
#10518=DIRECTION('ref_axis',(-0.499999999999995,0.,-0.866025403784441));
#10519=DIRECTION('center_axis',(0.,1.,0.));
#10520=DIRECTION('ref_axis',(1.,0.,0.));
#10521=DIRECTION('',(0.,1.,0.));
#10522=DIRECTION('center_axis',(0.,1.,0.));
#10523=DIRECTION('ref_axis',(1.,0.,0.));
#10524=DIRECTION('',(0.,1.,0.));
#10525=DIRECTION('center_axis',(0.,-1.,0.));
#10526=DIRECTION('ref_axis',(0.,0.,1.));
#10527=DIRECTION('center_axis',(0.,1.,0.));
#10528=DIRECTION('ref_axis',(1.,0.,0.));
#10529=DIRECTION('',(0.,1.,0.));
#10530=DIRECTION('center_axis',(0.,1.,0.));
#10531=DIRECTION('ref_axis',(1.,0.,0.));
#10532=DIRECTION('',(0.,1.,0.));
#10533=DIRECTION('center_axis',(0.,-1.,0.));
#10534=DIRECTION('ref_axis',(0.499999999999991,0.,-0.866025403784444));
#10535=DIRECTION('center_axis',(0.,1.,0.));
#10536=DIRECTION('ref_axis',(1.,0.,0.));
#10537=DIRECTION('',(0.,1.,0.));
#10538=DIRECTION('center_axis',(0.,1.,0.));
#10539=DIRECTION('ref_axis',(1.,0.,0.));
#10540=DIRECTION('',(0.,1.,0.));
#10541=DIRECTION('center_axis',(0.,-1.,0.));
#10542=DIRECTION('ref_axis',(0.,0.,1.));
#10543=DIRECTION('center_axis',(0.,1.,0.));
#10544=DIRECTION('ref_axis',(1.,0.,0.));
#10545=DIRECTION('',(0.,1.,0.));
#10546=DIRECTION('center_axis',(0.,1.,0.));
#10547=DIRECTION('ref_axis',(1.,0.,0.));
#10548=DIRECTION('',(0.,1.,0.));
#10549=DIRECTION('center_axis',(0.,-1.,0.));
#10550=DIRECTION('ref_axis',(-0.500000000000013,0.,-0.866025403784431));
#10551=DIRECTION('center_axis',(0.,1.,0.));
#10552=DIRECTION('ref_axis',(1.,0.,0.));
#10553=DIRECTION('',(0.,1.,0.));
#10554=DIRECTION('center_axis',(0.,1.,0.));
#10555=DIRECTION('ref_axis',(1.,0.,0.));
#10556=DIRECTION('',(0.,1.,0.));
#10557=DIRECTION('center_axis',(0.,1.,0.));
#10558=DIRECTION('ref_axis',(0.,0.,-1.));
#10559=DIRECTION('center_axis',(0.,1.,0.));
#10560=DIRECTION('ref_axis',(1.,0.,0.));
#10561=DIRECTION('',(0.,-1.,0.));
#10562=DIRECTION('center_axis',(0.,1.,0.));
#10563=DIRECTION('ref_axis',(1.,0.,0.));
#10564=DIRECTION('',(0.,-1.,0.));
#10565=DIRECTION('center_axis',(0.,1.,0.));
#10566=DIRECTION('ref_axis',(0.499999999999991,0.,0.866025403784444));
#10567=DIRECTION('center_axis',(0.,1.,0.));
#10568=DIRECTION('ref_axis',(1.,0.,0.));
#10569=DIRECTION('',(0.,-1.,0.));
#10570=DIRECTION('center_axis',(0.,1.,0.));
#10571=DIRECTION('ref_axis',(1.,0.,0.));
#10572=DIRECTION('',(0.,-1.,0.));
#10573=DIRECTION('center_axis',(0.,1.,0.));
#10574=DIRECTION('ref_axis',(0.,0.,-1.));
#10575=DIRECTION('center_axis',(0.,1.,0.));
#10576=DIRECTION('ref_axis',(1.,0.,0.));
#10577=DIRECTION('',(0.,-1.,0.));
#10578=DIRECTION('center_axis',(0.,1.,0.));
#10579=DIRECTION('ref_axis',(1.,0.,0.));
#10580=DIRECTION('',(0.,-1.,0.));
#10581=DIRECTION('center_axis',(0.,1.,0.));
#10582=DIRECTION('ref_axis',(-0.500000000000013,0.,0.866025403784431));
#10583=DIRECTION('center_axis',(0.,1.,0.));
#10584=DIRECTION('ref_axis',(1.,0.,0.));
#10585=DIRECTION('',(0.,-1.,0.));
#10586=DIRECTION('center_axis',(0.,1.,0.));
#10587=DIRECTION('ref_axis',(1.,0.,0.));
#10588=DIRECTION('',(0.,-1.,0.));
#10589=DIRECTION('center_axis',(0.,1.,0.));
#10590=DIRECTION('ref_axis',(0.,0.,-1.));
#10591=DIRECTION('center_axis',(0.,1.,0.));
#10592=DIRECTION('ref_axis',(0.,0.,1.));
#10593=DIRECTION('',(0.,1.,0.));
#10594=DIRECTION('center_axis',(0.,-1.,0.));
#10595=DIRECTION('ref_axis',(0.,0.,-1.));
#10596=DIRECTION('center_axis',(0.,1.,0.));
#10597=DIRECTION('ref_axis',(0.,0.,-1.));
#10598=DIRECTION('center_axis',(0.,-1.,0.));
#10599=DIRECTION('ref_axis',(0.,0.,-1.));
#10600=DIRECTION('',(0.,1.,0.));
#10601=DIRECTION('center_axis',(0.,-1.,0.));
#10602=DIRECTION('ref_axis',(0.,0.,-1.));
#10603=DIRECTION('center_axis',(0.,1.,0.));
#10604=DIRECTION('ref_axis',(0.,0.,-1.));
#10605=DIRECTION('center_axis',(0.,-1.,0.));
#10606=DIRECTION('ref_axis',(0.,0.,-1.));
#10607=DIRECTION('',(0.,1.,0.));
#10608=DIRECTION('center_axis',(0.,-1.,0.));
#10609=DIRECTION('ref_axis',(0.,0.,-1.));
#10610=DIRECTION('center_axis',(0.,-1.,0.));
#10611=DIRECTION('ref_axis',(0.,0.,-1.));
#10612=DIRECTION('center_axis',(0.,-1.,0.));
#10613=DIRECTION('ref_axis',(0.,0.,-1.));
#10614=DIRECTION('center_axis',(-1.,0.,0.));
#10615=DIRECTION('ref_axis',(0.,0.,1.));
#10616=DIRECTION('center_axis',(0.,-1.,0.));
#10617=DIRECTION('ref_axis',(0.,0.,-1.));
#10618=DIRECTION('center_axis',(0.,-1.,0.));
#10619=DIRECTION('ref_axis',(0.,0.,-1.));
#10620=DIRECTION('',(1.21998664834562E-16,0.0871557427476783,-0.996194698091744));
#10621=DIRECTION('center_axis',(0.,1.,0.));
#10622=DIRECTION('ref_axis',(0.,0.,-1.));
#10623=DIRECTION('',(0.,1.,0.));
#10624=DIRECTION('center_axis',(0.,-1.,0.));
#10625=DIRECTION('ref_axis',(0.,0.,-1.));
#10626=DIRECTION('center_axis',(0.,1.,0.));
#10627=DIRECTION('ref_axis',(0.,0.,-1.));
#10628=DIRECTION('center_axis',(0.,1.,0.));
#10629=DIRECTION('ref_axis',(0.,0.,1.));
#10630=DIRECTION('',(0.,1.,0.));
#10631=DIRECTION('center_axis',(0.,-1.,0.));
#10632=DIRECTION('ref_axis',(0.,0.,-1.));
#10633=DIRECTION('center_axis',(0.,1.,0.));
#10634=DIRECTION('ref_axis',(0.,0.,-1.));
#10635=DIRECTION('center_axis',(0.,-1.,0.));
#10636=DIRECTION('ref_axis',(0.,0.,-1.));
#10637=DIRECTION('',(0.,1.,0.));
#10638=DIRECTION('center_axis',(0.,-1.,0.));
#10639=DIRECTION('ref_axis',(0.,0.,-1.));
#10640=DIRECTION('center_axis',(0.,1.,0.));
#10641=DIRECTION('ref_axis',(0.,0.,-1.));
#10642=DIRECTION('center_axis',(0.,-1.,0.));
#10643=DIRECTION('ref_axis',(0.,0.,-1.));
#10644=DIRECTION('',(0.,1.,0.));
#10645=DIRECTION('center_axis',(0.,-1.,0.));
#10646=DIRECTION('ref_axis',(0.,0.,-1.));
#10647=DIRECTION('center_axis',(0.,-1.,0.));
#10648=DIRECTION('ref_axis',(0.,0.,-1.));
#10649=DIRECTION('center_axis',(0.,-1.,0.));
#10650=DIRECTION('ref_axis',(0.,0.,-1.));
#10651=DIRECTION('center_axis',(-1.,0.,0.));
#10652=DIRECTION('ref_axis',(0.,0.,1.));
#10653=DIRECTION('center_axis',(0.,-1.,0.));
#10654=DIRECTION('ref_axis',(0.,0.,-1.));
#10655=DIRECTION('center_axis',(0.,-1.,0.));
#10656=DIRECTION('ref_axis',(0.,0.,-1.));
#10657=DIRECTION('',(1.21998664834562E-16,0.0871557427476783,-0.996194698091744));
#10658=DIRECTION('center_axis',(0.,1.,0.));
#10659=DIRECTION('ref_axis',(0.,0.,-1.));
#10660=DIRECTION('',(0.,1.,0.));
#10661=DIRECTION('center_axis',(0.,-1.,0.));
#10662=DIRECTION('ref_axis',(0.,0.,-1.));
#10663=DIRECTION('center_axis',(1.,0.,0.));
#10664=DIRECTION('ref_axis',(0.,1.,0.));
#10665=DIRECTION('',(0.,0.,-1.));
#10666=DIRECTION('',(0.,1.,0.));
#10667=DIRECTION('center_axis',(1.,0.,0.));
#10668=DIRECTION('ref_axis',(0.,0.,-1.));
#10669=DIRECTION('',(0.,0.,1.));
#10670=DIRECTION('',(0.,1.,0.));
#10671=DIRECTION('center_axis',(1.,0.,0.));
#10672=DIRECTION('ref_axis',(0.,0.,-1.));
#10673=DIRECTION('',(0.,0.,1.));
#10674=DIRECTION('',(0.,0.,1.));
#10675=DIRECTION('',(0.,0.,1.));
#10676=DIRECTION('center_axis',(1.,0.,0.));
#10677=DIRECTION('ref_axis',(0.,0.,-1.));
#10678=DIRECTION('',(0.,-1.,0.));
#10679=DIRECTION('',(0.,-0.866029469419105,0.499992958048075));
#10680=DIRECTION('center_axis',(1.,0.,0.));
#10681=DIRECTION('ref_axis',(0.,0.,-1.));
#10682=DIRECTION('',(0.,-1.,0.));
#10683=DIRECTION('',(0.,0.,-1.));
#10684=DIRECTION('',(0.,0.,1.));
#10685=DIRECTION('',(0.,0.,-1.));
#10686=DIRECTION('',(0.,-1.,0.));
#10687=DIRECTION('',(0.,0.,1.));
#10688=DIRECTION('',(0.,1.,0.));
#10689=DIRECTION('',(0.,0.,-1.));
#10690=DIRECTION('',(0.,1.,0.));
#10691=DIRECTION('',(0.,0.,-1.));
#10692=DIRECTION('',(0.,-1.,0.));
#10693=DIRECTION('',(0.,-1.,0.));
#10694=DIRECTION('',(0.,0.,1.));
#10695=DIRECTION('',(0.,1.,0.));
#10696=DIRECTION('',(0.,0.,-1.));
#10697=DIRECTION('',(0.,1.,0.));
#10698=DIRECTION('',(0.,0.,-1.));
#10699=DIRECTION('',(0.,-1.,0.));
#10700=DIRECTION('',(0.,0.,-1.));
#10701=DIRECTION('center_axis',(1.,0.,0.));
#10702=DIRECTION('ref_axis',(0.,0.,-1.));
#10703=DIRECTION('',(0.,-1.,2.43430827442531E-14));
#10704=DIRECTION('',(0.,0.,1.));
#10705=DIRECTION('',(0.,1.,0.));
#10706=DIRECTION('center_axis',(1.,0.,0.));
#10707=DIRECTION('ref_axis',(0.,0.,-1.));
#10708=DIRECTION('center_axis',(1.,0.,0.));
#10709=DIRECTION('ref_axis',(0.,0.,-1.));
#10710=DIRECTION('center_axis',(1.,0.,0.));
#10711=DIRECTION('ref_axis',(0.,0.,-1.));
#10712=DIRECTION('center_axis',(1.,0.,0.));
#10713=DIRECTION('ref_axis',(0.,0.,-1.));
#10714=DIRECTION('center_axis',(1.,0.,0.));
#10715=DIRECTION('ref_axis',(0.,0.,-1.));
#10716=DIRECTION('center_axis',(1.,0.,0.));
#10717=DIRECTION('ref_axis',(0.,0.,-1.));
#10718=DIRECTION('center_axis',(1.,0.,0.));
#10719=DIRECTION('ref_axis',(0.,0.,-1.));
#10720=DIRECTION('center_axis',(1.,0.,0.));
#10721=DIRECTION('ref_axis',(0.,0.,-1.));
#10722=DIRECTION('center_axis',(1.,0.,0.));
#10723=DIRECTION('ref_axis',(0.,0.,-1.));
#10724=DIRECTION('center_axis',(1.,0.,0.));
#10725=DIRECTION('ref_axis',(0.,0.,-1.));
#10726=DIRECTION('center_axis',(1.,0.,0.));
#10727=DIRECTION('ref_axis',(0.,0.,-1.));
#10728=DIRECTION('center_axis',(1.,0.,0.));
#10729=DIRECTION('ref_axis',(0.,0.,-1.));
#10730=DIRECTION('center_axis',(1.,0.,0.));
#10731=DIRECTION('ref_axis',(0.,0.,-1.));
#10732=DIRECTION('center_axis',(1.,0.,0.));
#10733=DIRECTION('ref_axis',(0.,0.,-1.));
#10734=DIRECTION('center_axis',(1.,0.,0.));
#10735=DIRECTION('ref_axis',(0.,0.,-1.));
#10736=DIRECTION('center_axis',(1.,0.,0.));
#10737=DIRECTION('ref_axis',(0.,0.999881106898593,-0.0154198595079636));
#10738=DIRECTION('center_axis',(1.,0.,0.));
#10739=DIRECTION('ref_axis',(0.,0.,-1.));
#10740=DIRECTION('',(0.,-1.,2.12056661185232E-15));
#10741=DIRECTION('',(0.,0.,1.));
#10742=DIRECTION('',(0.,1.,0.));
#10743=DIRECTION('center_axis',(1.,0.,0.));
#10744=DIRECTION('ref_axis',(0.,0.,-1.));
#10745=DIRECTION('center_axis',(1.,0.,0.));
#10746=DIRECTION('ref_axis',(0.,0.,-1.));
#10747=DIRECTION('center_axis',(1.,0.,0.));
#10748=DIRECTION('ref_axis',(0.,0.,-1.));
#10749=DIRECTION('center_axis',(1.,0.,0.));
#10750=DIRECTION('ref_axis',(0.,0.,-1.));
#10751=DIRECTION('center_axis',(1.,0.,0.));
#10752=DIRECTION('ref_axis',(0.,0.,-1.));
#10753=DIRECTION('center_axis',(1.,0.,0.));
#10754=DIRECTION('ref_axis',(0.,0.,-1.));
#10755=DIRECTION('center_axis',(1.,0.,0.));
#10756=DIRECTION('ref_axis',(0.,0.,-1.));
#10757=DIRECTION('center_axis',(1.,0.,0.));
#10758=DIRECTION('ref_axis',(0.,0.,-1.));
#10759=DIRECTION('center_axis',(1.,0.,0.));
#10760=DIRECTION('ref_axis',(0.,0.,-1.));
#10761=DIRECTION('center_axis',(1.,0.,0.));
#10762=DIRECTION('ref_axis',(0.,0.,-1.));
#10763=DIRECTION('center_axis',(1.,0.,0.));
#10764=DIRECTION('ref_axis',(0.,0.,-1.));
#10765=DIRECTION('center_axis',(1.,0.,0.));
#10766=DIRECTION('ref_axis',(0.,0.,-1.));
#10767=DIRECTION('center_axis',(1.,0.,0.));
#10768=DIRECTION('ref_axis',(0.,0.,-1.));
#10769=DIRECTION('center_axis',(1.,0.,0.));
#10770=DIRECTION('ref_axis',(0.,0.,-1.));
#10771=DIRECTION('center_axis',(1.,0.,0.));
#10772=DIRECTION('ref_axis',(0.,0.,-1.));
#10773=DIRECTION('center_axis',(1.,0.,0.));
#10774=DIRECTION('ref_axis',(0.,0.,-1.));
#10775=DIRECTION('center_axis',(1.,0.,0.));
#10776=DIRECTION('ref_axis',(0.,0.,-1.));
#10777=DIRECTION('center_axis',(1.,0.,0.));
#10778=DIRECTION('ref_axis',(0.,0.,-1.));
#10779=DIRECTION('center_axis',(1.,0.,0.));
#10780=DIRECTION('ref_axis',(0.,0.,-1.));
#10781=DIRECTION('',(0.,-0.00520826269239709,0.999986436907885));
#10782=DIRECTION('',(0.,1.,-2.67866118833458E-13));
#10783=DIRECTION('center_axis',(1.,0.,0.));
#10784=DIRECTION('ref_axis',(0.,0.,-1.));
#10785=DIRECTION('center_axis',(1.,0.,0.));
#10786=DIRECTION('ref_axis',(0.,0.977079616712393,0.212874194314773));
#10787=DIRECTION('center_axis',(1.,0.,0.));
#10788=DIRECTION('ref_axis',(0.,0.,-1.));
#10789=DIRECTION('center_axis',(1.,0.,0.));
#10790=DIRECTION('ref_axis',(0.,0.,-1.));
#10791=DIRECTION('center_axis',(1.,0.,0.));
#10792=DIRECTION('ref_axis',(0.,0.,-1.));
#10793=DIRECTION('center_axis',(1.,0.,0.));
#10794=DIRECTION('ref_axis',(0.,0.,-1.));
#10795=DIRECTION('center_axis',(1.,0.,0.));
#10796=DIRECTION('ref_axis',(0.,0.,-1.));
#10797=DIRECTION('center_axis',(1.,0.,0.));
#10798=DIRECTION('ref_axis',(0.,0.,-1.));
#10799=DIRECTION('center_axis',(1.,0.,0.));
#10800=DIRECTION('ref_axis',(0.,0.,-1.));
#10801=DIRECTION('center_axis',(1.,0.,0.));
#10802=DIRECTION('ref_axis',(0.,0.,-1.));
#10803=DIRECTION('center_axis',(1.,0.,0.));
#10804=DIRECTION('ref_axis',(0.,0.,-1.));
#10805=DIRECTION('center_axis',(1.,0.,0.));
#10806=DIRECTION('ref_axis',(0.,0.,-1.));
#10807=DIRECTION('center_axis',(1.,0.,0.));
#10808=DIRECTION('ref_axis',(0.,0.,-1.));
#10809=DIRECTION('center_axis',(1.,0.,0.));
#10810=DIRECTION('ref_axis',(0.,0.,-1.));
#10811=DIRECTION('center_axis',(1.,0.,0.));
#10812=DIRECTION('ref_axis',(0.,0.,-1.));
#10813=DIRECTION('center_axis',(1.,0.,0.));
#10814=DIRECTION('ref_axis',(0.,0.,-1.));
#10815=DIRECTION('center_axis',(1.,0.,0.));
#10816=DIRECTION('ref_axis',(0.,0.,-1.));
#10817=DIRECTION('center_axis',(1.,0.,0.));
#10818=DIRECTION('ref_axis',(0.,0.995273113708732,-0.0971155452465006));
#10819=DIRECTION('center_axis',(1.,0.,0.));
#10820=DIRECTION('ref_axis',(0.,0.,-1.));
#10821=DIRECTION('center_axis',(1.,0.,0.));
#10822=DIRECTION('ref_axis',(0.,0.,-1.));
#10823=DIRECTION('center_axis',(1.,0.,0.));
#10824=DIRECTION('ref_axis',(0.,0.,-1.));
#10825=DIRECTION('center_axis',(1.,0.,0.));
#10826=DIRECTION('ref_axis',(0.,0.,-1.));
#10827=DIRECTION('center_axis',(1.,0.,0.));
#10828=DIRECTION('ref_axis',(0.,0.,-1.));
#10829=DIRECTION('center_axis',(1.,0.,0.));
#10830=DIRECTION('ref_axis',(0.,0.,-1.));
#10831=DIRECTION('center_axis',(1.,0.,0.));
#10832=DIRECTION('ref_axis',(0.,0.,-1.));
#10833=DIRECTION('center_axis',(1.,0.,0.));
#10834=DIRECTION('ref_axis',(0.,0.,-1.));
#10835=DIRECTION('center_axis',(1.,0.,0.));
#10836=DIRECTION('ref_axis',(0.,0.,-1.));
#10837=DIRECTION('center_axis',(1.,0.,0.));
#10838=DIRECTION('ref_axis',(0.,0.,-1.));
#10839=DIRECTION('center_axis',(1.,0.,0.));
#10840=DIRECTION('ref_axis',(0.,0.,-1.));
#10841=DIRECTION('center_axis',(1.,0.,0.));
#10842=DIRECTION('ref_axis',(0.,0.,-1.));
#10843=DIRECTION('center_axis',(1.,0.,0.));
#10844=DIRECTION('ref_axis',(0.,0.,-1.));
#10845=DIRECTION('',(0.,-0.0901576479707958,-0.995927506655165));
#10846=DIRECTION('',(0.,-0.994886990691047,0.100994434270971));
#10847=DIRECTION('',(0.,0.,1.));
#10848=DIRECTION('',(0.,1.,0.));
#10849=DIRECTION('',(0.,0.,-1.));
#10850=DIRECTION('',(0.,0.993287237273678,-0.115673956745779));
#10851=DIRECTION('center_axis',(1.,0.,0.));
#10852=DIRECTION('ref_axis',(0.,0.,-1.));
#10853=DIRECTION('center_axis',(1.,0.,0.));
#10854=DIRECTION('ref_axis',(0.,0.,-1.));
#10855=DIRECTION('center_axis',(1.,0.,0.));
#10856=DIRECTION('ref_axis',(0.,0.,-1.));
#10857=DIRECTION('center_axis',(1.,0.,0.));
#10858=DIRECTION('ref_axis',(0.,0.,-1.));
#10859=DIRECTION('center_axis',(-1.,0.,0.));
#10860=DIRECTION('ref_axis',(0.,0.3514128477274,-0.936220599245776));
#10861=DIRECTION('center_axis',(-1.,0.,0.));
#10862=DIRECTION('ref_axis',(0.,0.202361244918218,-0.979310944774513));
#10863=DIRECTION('center_axis',(1.,0.,0.));
#10864=DIRECTION('ref_axis',(0.,0.,-1.));
#10865=DIRECTION('center_axis',(1.,0.,0.));
#10866=DIRECTION('ref_axis',(0.,0.,-1.));
#10867=DIRECTION('center_axis',(1.,0.,0.));
#10868=DIRECTION('ref_axis',(0.,0.,-1.));
#10869=DIRECTION('center_axis',(1.,0.,0.));
#10870=DIRECTION('ref_axis',(0.,0.,-1.));
#10871=DIRECTION('center_axis',(1.,0.,0.));
#10872=DIRECTION('ref_axis',(0.,0.,-1.));
#10873=DIRECTION('center_axis',(1.,0.,0.));
#10874=DIRECTION('ref_axis',(0.,0.,-1.));
#10875=DIRECTION('center_axis',(1.,0.,0.));
#10876=DIRECTION('ref_axis',(0.,0.,-1.));
#10877=DIRECTION('center_axis',(1.,0.,0.));
#10878=DIRECTION('ref_axis',(0.,0.,-1.));
#10879=DIRECTION('center_axis',(1.,0.,0.));
#10880=DIRECTION('ref_axis',(0.,0.,-1.));
#10881=DIRECTION('center_axis',(1.,0.,0.));
#10882=DIRECTION('ref_axis',(0.,0.,-1.));
#10883=DIRECTION('center_axis',(1.,0.,0.));
#10884=DIRECTION('ref_axis',(0.,0.,-1.));
#10885=DIRECTION('center_axis',(1.,0.,0.));
#10886=DIRECTION('ref_axis',(0.,0.,-1.));
#10887=DIRECTION('center_axis',(1.,0.,0.));
#10888=DIRECTION('ref_axis',(0.,0.,-1.));
#10889=DIRECTION('center_axis',(1.,0.,0.));
#10890=DIRECTION('ref_axis',(0.,0.,-1.));
#10891=DIRECTION('center_axis',(1.,0.,0.));
#10892=DIRECTION('ref_axis',(0.,0.,-1.));
#10893=DIRECTION('center_axis',(1.,0.,0.));
#10894=DIRECTION('ref_axis',(0.,0.,-1.));
#10895=DIRECTION('center_axis',(1.,0.,0.));
#10896=DIRECTION('ref_axis',(0.,0.,-1.));
#10897=DIRECTION('center_axis',(1.,0.,0.));
#10898=DIRECTION('ref_axis',(0.,0.,-1.));
#10899=DIRECTION('center_axis',(1.,0.,0.));
#10900=DIRECTION('ref_axis',(0.,0.,-1.));
#10901=DIRECTION('center_axis',(1.,0.,0.));
#10902=DIRECTION('ref_axis',(0.,0.,-1.));
#10903=DIRECTION('center_axis',(1.,0.,0.));
#10904=DIRECTION('ref_axis',(0.,0.,-1.));
#10905=DIRECTION('center_axis',(1.,0.,0.));
#10906=DIRECTION('ref_axis',(0.,0.,-1.));
#10907=DIRECTION('center_axis',(1.,0.,0.));
#10908=DIRECTION('ref_axis',(0.,0.,-1.));
#10909=DIRECTION('center_axis',(1.,0.,0.));
#10910=DIRECTION('ref_axis',(0.,0.,-1.));
#10911=DIRECTION('',(0.,-0.00520826269239701,0.999986436907885));
#10912=DIRECTION('',(0.,1.,-1.76982971372113E-13));
#10913=DIRECTION('center_axis',(1.,0.,0.));
#10914=DIRECTION('ref_axis',(0.,0.,-1.));
#10915=DIRECTION('center_axis',(1.,0.,0.));
#10916=DIRECTION('ref_axis',(0.,0.977079616695193,0.212874194393719));
#10917=DIRECTION('center_axis',(1.,0.,0.));
#10918=DIRECTION('ref_axis',(0.,0.,-1.));
#10919=DIRECTION('center_axis',(1.,0.,0.));
#10920=DIRECTION('ref_axis',(0.,0.,-1.));
#10921=DIRECTION('center_axis',(1.,0.,0.));
#10922=DIRECTION('ref_axis',(0.,0.,-1.));
#10923=DIRECTION('center_axis',(1.,0.,0.));
#10924=DIRECTION('ref_axis',(0.,0.,-1.));
#10925=DIRECTION('center_axis',(1.,0.,0.));
#10926=DIRECTION('ref_axis',(0.,0.,-1.));
#10927=DIRECTION('center_axis',(1.,0.,0.));
#10928=DIRECTION('ref_axis',(0.,0.,-1.));
#10929=DIRECTION('center_axis',(1.,0.,0.));
#10930=DIRECTION('ref_axis',(0.,0.,-1.));
#10931=DIRECTION('center_axis',(1.,0.,0.));
#10932=DIRECTION('ref_axis',(0.,0.,-1.));
#10933=DIRECTION('center_axis',(1.,0.,0.));
#10934=DIRECTION('ref_axis',(0.,0.,-1.));
#10935=DIRECTION('center_axis',(1.,0.,0.));
#10936=DIRECTION('ref_axis',(0.,0.,-1.));
#10937=DIRECTION('center_axis',(1.,0.,0.));
#10938=DIRECTION('ref_axis',(0.,0.,-1.));
#10939=DIRECTION('center_axis',(1.,0.,0.));
#10940=DIRECTION('ref_axis',(0.,0.,-1.));
#10941=DIRECTION('center_axis',(1.,0.,0.));
#10942=DIRECTION('ref_axis',(0.,0.,-1.));
#10943=DIRECTION('center_axis',(1.,0.,0.));
#10944=DIRECTION('ref_axis',(0.,0.,-1.));
#10945=DIRECTION('center_axis',(1.,0.,0.));
#10946=DIRECTION('ref_axis',(0.,0.,-1.));
#10947=DIRECTION('center_axis',(1.,0.,0.));
#10948=DIRECTION('ref_axis',(0.,0.995273113706681,-0.0971155452675196));
#10949=DIRECTION('center_axis',(1.,0.,0.));
#10950=DIRECTION('ref_axis',(0.,0.,-1.));
#10951=DIRECTION('center_axis',(1.,0.,0.));
#10952=DIRECTION('ref_axis',(0.,0.,-1.));
#10953=DIRECTION('center_axis',(1.,0.,0.));
#10954=DIRECTION('ref_axis',(0.,0.,-1.));
#10955=DIRECTION('center_axis',(1.,0.,0.));
#10956=DIRECTION('ref_axis',(0.,0.,-1.));
#10957=DIRECTION('center_axis',(1.,0.,0.));
#10958=DIRECTION('ref_axis',(0.,0.,-1.));
#10959=DIRECTION('center_axis',(1.,0.,0.));
#10960=DIRECTION('ref_axis',(0.,0.,-1.));
#10961=DIRECTION('center_axis',(1.,0.,0.));
#10962=DIRECTION('ref_axis',(0.,0.,-1.));
#10963=DIRECTION('center_axis',(1.,0.,0.));
#10964=DIRECTION('ref_axis',(0.,0.,-1.));
#10965=DIRECTION('center_axis',(1.,0.,0.));
#10966=DIRECTION('ref_axis',(0.,0.,-1.));
#10967=DIRECTION('center_axis',(1.,0.,0.));
#10968=DIRECTION('ref_axis',(0.,0.,-1.));
#10969=DIRECTION('center_axis',(1.,0.,0.));
#10970=DIRECTION('ref_axis',(0.,0.,-1.));
#10971=DIRECTION('center_axis',(1.,0.,0.));
#10972=DIRECTION('ref_axis',(0.,0.,-1.));
#10973=DIRECTION('center_axis',(1.,0.,0.));
#10974=DIRECTION('ref_axis',(0.,0.,-1.));
#10975=DIRECTION('',(0.,-0.0901576479711883,-0.99592750665513));
#10976=DIRECTION('',(0.,-0.994886990691046,0.100994434270979));
#10977=DIRECTION('',(0.,0.,1.));
#10978=DIRECTION('',(0.,1.,0.));
#10979=DIRECTION('',(0.,0.,-1.));
#10980=DIRECTION('',(0.,0.993287237273678,-0.115673956745775));
#10981=DIRECTION('center_axis',(1.,0.,0.));
#10982=DIRECTION('ref_axis',(0.,0.,-1.));
#10983=DIRECTION('center_axis',(1.,0.,0.));
#10984=DIRECTION('ref_axis',(0.,0.,-1.));
#10985=DIRECTION('center_axis',(1.,0.,0.));
#10986=DIRECTION('ref_axis',(0.,0.,-1.));
#10987=DIRECTION('center_axis',(1.,0.,0.));
#10988=DIRECTION('ref_axis',(0.,0.,-1.));
#10989=DIRECTION('center_axis',(-1.,0.,0.));
#10990=DIRECTION('ref_axis',(0.,0.351412847701344,-0.936220599255556));
#10991=DIRECTION('center_axis',(-1.,0.,0.));
#10992=DIRECTION('ref_axis',(0.,0.202361244919033,-0.979310944774344));
#10993=DIRECTION('center_axis',(1.,0.,0.));
#10994=DIRECTION('ref_axis',(0.,0.,-1.));
#10995=DIRECTION('center_axis',(1.,0.,0.));
#10996=DIRECTION('ref_axis',(0.,0.,-1.));
#10997=DIRECTION('center_axis',(1.,0.,0.));
#10998=DIRECTION('ref_axis',(0.,0.,-1.));
#10999=DIRECTION('center_axis',(1.,0.,0.));
#11000=DIRECTION('ref_axis',(0.,0.,-1.));
#11001=DIRECTION('center_axis',(1.,0.,0.));
#11002=DIRECTION('ref_axis',(0.,0.,-1.));
#11003=DIRECTION('center_axis',(1.,0.,0.));
#11004=DIRECTION('ref_axis',(0.,0.,-1.));
#11005=DIRECTION('center_axis',(1.,0.,0.));
#11006=DIRECTION('ref_axis',(0.,0.,-1.));
#11007=DIRECTION('center_axis',(1.,0.,0.));
#11008=DIRECTION('ref_axis',(0.,0.,-1.));
#11009=DIRECTION('center_axis',(1.,0.,0.));
#11010=DIRECTION('ref_axis',(0.,0.,-1.));
#11011=DIRECTION('center_axis',(1.,0.,0.));
#11012=DIRECTION('ref_axis',(0.,0.,-1.));
#11013=DIRECTION('center_axis',(1.,0.,0.));
#11014=DIRECTION('ref_axis',(0.,0.,-1.));
#11015=DIRECTION('center_axis',(1.,0.,0.));
#11016=DIRECTION('ref_axis',(0.,0.,-1.));
#11017=DIRECTION('center_axis',(1.,0.,0.));
#11018=DIRECTION('ref_axis',(0.,0.,-1.));
#11019=DIRECTION('center_axis',(1.,0.,0.));
#11020=DIRECTION('ref_axis',(0.,0.,-1.));
#11021=DIRECTION('center_axis',(1.,0.,0.));
#11022=DIRECTION('ref_axis',(0.,0.,-1.));
#11023=DIRECTION('center_axis',(1.,0.,0.));
#11024=DIRECTION('ref_axis',(0.,0.,-1.));
#11025=DIRECTION('center_axis',(1.,0.,0.));
#11026=DIRECTION('ref_axis',(0.,0.,-1.));
#11027=DIRECTION('center_axis',(1.,0.,0.));
#11028=DIRECTION('ref_axis',(0.,0.,-1.));
#11029=DIRECTION('center_axis',(1.,0.,0.));
#11030=DIRECTION('ref_axis',(0.,0.,-1.));
#11031=DIRECTION('center_axis',(1.,0.,0.));
#11032=DIRECTION('ref_axis',(0.,0.,-1.));
#11033=DIRECTION('center_axis',(1.,0.,0.));
#11034=DIRECTION('ref_axis',(0.,0.,-1.));
#11035=DIRECTION('center_axis',(1.,0.,0.));
#11036=DIRECTION('ref_axis',(0.,0.,-1.));
#11037=DIRECTION('center_axis',(1.,0.,0.));
#11038=DIRECTION('ref_axis',(0.,0.,-1.));
#11039=DIRECTION('',(0.,-1.,0.));
#11040=DIRECTION('',(0.,0.,1.));
#11041=DIRECTION('',(0.,1.,0.));
#11042=DIRECTION('',(0.,0.,-1.));
#11043=DIRECTION('',(0.,-1.,-3.54227614958934E-15));
#11044=DIRECTION('',(0.,0.,1.));
#11045=DIRECTION('',(0.,1.,0.));
#11046=DIRECTION('center_axis',(1.,0.,0.));
#11047=DIRECTION('ref_axis',(0.,0.,-1.));
#11048=DIRECTION('center_axis',(1.,0.,0.));
#11049=DIRECTION('ref_axis',(0.,0.,-1.));
#11050=DIRECTION('center_axis',(1.,0.,0.));
#11051=DIRECTION('ref_axis',(0.,0.,-1.));
#11052=DIRECTION('center_axis',(1.,0.,0.));
#11053=DIRECTION('ref_axis',(0.,0.,-1.));
#11054=DIRECTION('center_axis',(1.,0.,0.));
#11055=DIRECTION('ref_axis',(0.,0.,-1.));
#11056=DIRECTION('center_axis',(1.,0.,0.));
#11057=DIRECTION('ref_axis',(0.,0.,-1.));
#11058=DIRECTION('center_axis',(1.,0.,0.));
#11059=DIRECTION('ref_axis',(0.,0.,-1.));
#11060=DIRECTION('center_axis',(1.,0.,0.));
#11061=DIRECTION('ref_axis',(0.,0.,-1.));
#11062=DIRECTION('center_axis',(1.,0.,0.));
#11063=DIRECTION('ref_axis',(0.,0.,-1.));
#11064=DIRECTION('center_axis',(1.,0.,0.));
#11065=DIRECTION('ref_axis',(0.,0.,-1.));
#11066=DIRECTION('center_axis',(1.,0.,0.));
#11067=DIRECTION('ref_axis',(0.,0.,-1.));
#11068=DIRECTION('center_axis',(1.,0.,0.));
#11069=DIRECTION('ref_axis',(0.,0.,-1.));
#11070=DIRECTION('center_axis',(1.,0.,0.));
#11071=DIRECTION('ref_axis',(0.,0.,-1.));
#11072=DIRECTION('center_axis',(1.,0.,0.));
#11073=DIRECTION('ref_axis',(0.,0.,-1.));
#11074=DIRECTION('center_axis',(1.,0.,0.));
#11075=DIRECTION('ref_axis',(0.,0.,-1.));
#11076=DIRECTION('center_axis',(1.,0.,0.));
#11077=DIRECTION('ref_axis',(0.,0.,-1.));
#11078=DIRECTION('center_axis',(1.,0.,0.));
#11079=DIRECTION('ref_axis',(0.,0.,-1.));
#11080=DIRECTION('center_axis',(1.,0.,0.));
#11081=DIRECTION('ref_axis',(0.,0.,-1.));
#11082=DIRECTION('',(0.,-0.99978288950085,0.0208368390436545));
#11083=DIRECTION('',(0.,-1.,0.));
#11084=DIRECTION('',(0.,0.,1.));
#11085=DIRECTION('',(0.,1.,-8.85569037397334E-16));
#11086=DIRECTION('center_axis',(1.,0.,0.));
#11087=DIRECTION('ref_axis',(0.,0.,-1.));
#11088=DIRECTION('center_axis',(1.,0.,0.));
#11089=DIRECTION('ref_axis',(0.,0.,-1.));
#11090=DIRECTION('center_axis',(1.,0.,0.));
#11091=DIRECTION('ref_axis',(0.,0.,-1.));
#11092=DIRECTION('center_axis',(1.,0.,0.));
#11093=DIRECTION('ref_axis',(0.,0.,-1.));
#11094=DIRECTION('center_axis',(1.,0.,0.));
#11095=DIRECTION('ref_axis',(0.,0.,-1.));
#11096=DIRECTION('center_axis',(1.,0.,0.));
#11097=DIRECTION('ref_axis',(0.,0.,-1.));
#11098=DIRECTION('center_axis',(1.,0.,0.));
#11099=DIRECTION('ref_axis',(0.,0.,-1.));
#11100=DIRECTION('center_axis',(1.,0.,0.));
#11101=DIRECTION('ref_axis',(0.,0.,-1.));
#11102=DIRECTION('center_axis',(1.,0.,0.));
#11103=DIRECTION('ref_axis',(0.,0.,-1.));
#11104=DIRECTION('center_axis',(1.,0.,0.));
#11105=DIRECTION('ref_axis',(0.,0.,-1.));
#11106=DIRECTION('center_axis',(1.,0.,0.));
#11107=DIRECTION('ref_axis',(0.,0.,-1.));
#11108=DIRECTION('center_axis',(1.,0.,0.));
#11109=DIRECTION('ref_axis',(0.,0.,-1.));
#11110=DIRECTION('center_axis',(1.,0.,0.));
#11111=DIRECTION('ref_axis',(0.,0.,-1.));
#11112=DIRECTION('center_axis',(1.,0.,0.));
#11113=DIRECTION('ref_axis',(0.,0.,-1.));
#11114=DIRECTION('center_axis',(1.,0.,0.));
#11115=DIRECTION('ref_axis',(0.,0.,-1.));
#11116=DIRECTION('center_axis',(1.,0.,0.));
#11117=DIRECTION('ref_axis',(0.,0.,-1.));
#11118=DIRECTION('',(0.,0.,1.));
#11119=DIRECTION('center_axis',(1.,0.,0.));
#11120=DIRECTION('ref_axis',(0.,0.,-1.));
#11121=DIRECTION('center_axis',(1.,0.,0.));
#11122=DIRECTION('ref_axis',(0.,0.,-1.));
#11123=DIRECTION('center_axis',(1.,0.,0.));
#11124=DIRECTION('ref_axis',(0.,0.,-1.));
#11125=DIRECTION('center_axis',(1.,0.,0.));
#11126=DIRECTION('ref_axis',(0.,0.,-1.));
#11127=DIRECTION('center_axis',(1.,0.,0.));
#11128=DIRECTION('ref_axis',(0.,0.,-1.));
#11129=DIRECTION('center_axis',(1.,0.,0.));
#11130=DIRECTION('ref_axis',(0.,0.488584556077677,0.872516550881632));
#11131=DIRECTION('center_axis',(1.,0.,0.));
#11132=DIRECTION('ref_axis',(0.,0.,-1.));
#11133=DIRECTION('center_axis',(1.,0.,0.));
#11134=DIRECTION('ref_axis',(0.,0.,-1.));
#11135=DIRECTION('center_axis',(1.,0.,0.));
#11136=DIRECTION('ref_axis',(0.,0.,-1.));
#11137=DIRECTION('center_axis',(1.,0.,0.));
#11138=DIRECTION('ref_axis',(0.,0.,-1.));
#11139=DIRECTION('center_axis',(1.,0.,0.));
#11140=DIRECTION('ref_axis',(0.,0.,-1.));
#11141=DIRECTION('center_axis',(1.,0.,0.));
#11142=DIRECTION('ref_axis',(0.,-0.0188195337649126,0.99982289689168));
#11143=DIRECTION('center_axis',(1.,0.,0.));
#11144=DIRECTION('ref_axis',(0.,0.,-1.));
#11145=DIRECTION('center_axis',(1.,0.,0.));
#11146=DIRECTION('ref_axis',(0.,0.,-1.));
#11147=DIRECTION('center_axis',(1.,0.,0.));
#11148=DIRECTION('ref_axis',(0.,0.,-1.));
#11149=DIRECTION('center_axis',(1.,0.,0.));
#11150=DIRECTION('ref_axis',(0.,0.,-1.));
#11151=DIRECTION('center_axis',(1.,0.,0.));
#11152=DIRECTION('ref_axis',(0.,0.,-1.));
#11153=DIRECTION('center_axis',(1.,0.,0.));
#11154=DIRECTION('ref_axis',(0.,0.,-1.));
#11155=DIRECTION('center_axis',(1.,0.,0.));
#11156=DIRECTION('ref_axis',(0.,0.,-1.));
#11157=DIRECTION('center_axis',(1.,0.,0.));
#11158=DIRECTION('ref_axis',(0.,0.,-1.));
#11159=DIRECTION('center_axis',(1.,0.,0.));
#11160=DIRECTION('ref_axis',(0.,0.,-1.));
#11161=DIRECTION('center_axis',(1.,0.,0.));
#11162=DIRECTION('ref_axis',(0.,0.,-1.));
#11163=DIRECTION('center_axis',(1.,0.,0.));
#11164=DIRECTION('ref_axis',(0.,0.,-1.));
#11165=DIRECTION('center_axis',(1.,0.,0.));
#11166=DIRECTION('ref_axis',(0.,0.,-1.));
#11167=DIRECTION('center_axis',(1.,0.,0.));
#11168=DIRECTION('ref_axis',(0.,0.,-1.));
#11169=DIRECTION('center_axis',(1.,0.,0.));
#11170=DIRECTION('ref_axis',(0.,0.,-1.));
#11171=DIRECTION('center_axis',(1.,0.,0.));
#11172=DIRECTION('ref_axis',(0.,0.,-1.));
#11173=DIRECTION('center_axis',(1.,0.,0.));
#11174=DIRECTION('ref_axis',(0.,0.,-1.));
#11175=DIRECTION('center_axis',(1.,0.,0.));
#11176=DIRECTION('ref_axis',(0.,0.,-1.));
#11177=DIRECTION('center_axis',(1.,0.,0.));
#11178=DIRECTION('ref_axis',(0.,0.,-1.));
#11179=DIRECTION('center_axis',(1.,0.,0.));
#11180=DIRECTION('ref_axis',(0.,0.,-1.));
#11181=DIRECTION('center_axis',(1.,0.,0.));
#11182=DIRECTION('ref_axis',(0.,0.,-1.));
#11183=DIRECTION('center_axis',(1.,0.,0.));
#11184=DIRECTION('ref_axis',(0.,0.,-1.));
#11185=DIRECTION('',(0.,-0.204273032762144,-0.978913953361661));
#11186=DIRECTION('',(0.,-0.214855672510934,-0.976645810921172));
#11187=DIRECTION('',(0.,-0.22297653273581,-0.97482381272162));
#11188=DIRECTION('center_axis',(1.,0.,0.));
#11189=DIRECTION('ref_axis',(0.,0.,-1.));
#11190=DIRECTION('center_axis',(1.,0.,0.));
#11191=DIRECTION('ref_axis',(0.,0.,-1.));
#11192=DIRECTION('center_axis',(1.,0.,0.));
#11193=DIRECTION('ref_axis',(0.,0.,-1.));
#11194=DIRECTION('center_axis',(1.,0.,0.));
#11195=DIRECTION('ref_axis',(0.,0.,-1.));
#11196=DIRECTION('center_axis',(1.,0.,0.));
#11197=DIRECTION('ref_axis',(0.,0.,-1.));
#11198=DIRECTION('center_axis',(1.,0.,0.));
#11199=DIRECTION('ref_axis',(0.,0.,-1.));
#11200=DIRECTION('',(0.,-0.509718954690229,-0.860340971492989));
#11201=DIRECTION('center_axis',(1.,0.,0.));
#11202=DIRECTION('ref_axis',(0.,0.,-1.));
#11203=DIRECTION('center_axis',(1.,0.,0.));
#11204=DIRECTION('ref_axis',(0.,0.,-1.));
#11205=DIRECTION('center_axis',(1.,0.,0.));
#11206=DIRECTION('ref_axis',(0.,0.,-1.));
#11207=DIRECTION('center_axis',(1.,0.,0.));
#11208=DIRECTION('ref_axis',(0.,0.,-1.));
#11209=DIRECTION('center_axis',(1.,0.,0.));
#11210=DIRECTION('ref_axis',(0.,0.,-1.));
#11211=DIRECTION('center_axis',(1.,0.,0.));
#11212=DIRECTION('ref_axis',(0.,0.,-1.));
#11213=DIRECTION('center_axis',(1.,0.,0.));
#11214=DIRECTION('ref_axis',(0.,0.,-1.));
#11215=DIRECTION('center_axis',(1.,0.,0.));
#11216=DIRECTION('ref_axis',(0.,0.,-1.));
#11217=DIRECTION('center_axis',(1.,0.,0.));
#11218=DIRECTION('ref_axis',(0.,0.,-1.));
#11219=DIRECTION('center_axis',(1.,0.,0.));
#11220=DIRECTION('ref_axis',(0.,0.,-1.));
#11221=DIRECTION('center_axis',(1.,0.,0.));
#11222=DIRECTION('ref_axis',(0.,0.,-1.));
#11223=DIRECTION('center_axis',(1.,0.,0.));
#11224=DIRECTION('ref_axis',(0.,0.,-1.));
#11225=DIRECTION('center_axis',(1.,0.,0.));
#11226=DIRECTION('ref_axis',(0.,0.,-1.));
#11227=DIRECTION('center_axis',(1.,0.,0.));
#11228=DIRECTION('ref_axis',(0.,0.,-1.));
#11229=DIRECTION('center_axis',(1.,0.,0.));
#11230=DIRECTION('ref_axis',(0.,0.,-1.));
#11231=DIRECTION('center_axis',(1.,0.,0.));
#11232=DIRECTION('ref_axis',(0.,0.,-1.));
#11233=DIRECTION('center_axis',(1.,0.,0.));
#11234=DIRECTION('ref_axis',(0.,0.,-1.));
#11235=DIRECTION('center_axis',(1.,0.,0.));
#11236=DIRECTION('ref_axis',(0.,0.,-1.));
#11237=DIRECTION('center_axis',(1.,0.,0.));
#11238=DIRECTION('ref_axis',(0.,0.,-1.));
#11239=DIRECTION('',(0.,0.,-1.));
#11240=DIRECTION('center_axis',(1.,0.,0.));
#11241=DIRECTION('ref_axis',(0.,0.,-1.));
#11242=DIRECTION('center_axis',(1.,0.,0.));
#11243=DIRECTION('ref_axis',(0.,0.,-1.));
#11244=DIRECTION('center_axis',(1.,0.,0.));
#11245=DIRECTION('ref_axis',(0.,0.,-1.));
#11246=DIRECTION('center_axis',(1.,0.,0.));
#11247=DIRECTION('ref_axis',(0.,0.,-1.));
#11248=DIRECTION('center_axis',(1.,0.,0.));
#11249=DIRECTION('ref_axis',(0.,0.,-1.));
#11250=DIRECTION('center_axis',(1.,0.,0.));
#11251=DIRECTION('ref_axis',(0.,0.,-1.));
#11252=DIRECTION('center_axis',(1.,0.,0.));
#11253=DIRECTION('ref_axis',(0.,0.,-1.));
#11254=DIRECTION('center_axis',(1.,0.,0.));
#11255=DIRECTION('ref_axis',(0.,0.,-1.));
#11256=DIRECTION('center_axis',(1.,0.,0.));
#11257=DIRECTION('ref_axis',(0.,0.,-1.));
#11258=DIRECTION('center_axis',(1.,0.,0.));
#11259=DIRECTION('ref_axis',(0.,0.,-1.));
#11260=DIRECTION('center_axis',(1.,0.,0.));
#11261=DIRECTION('ref_axis',(0.,0.,-1.));
#11262=DIRECTION('center_axis',(1.,0.,0.));
#11263=DIRECTION('ref_axis',(0.,0.,-1.));
#11264=DIRECTION('center_axis',(1.,0.,0.));
#11265=DIRECTION('ref_axis',(0.,-0.500780334819159,0.865574408273726));
#11266=DIRECTION('center_axis',(1.,0.,0.));
#11267=DIRECTION('ref_axis',(0.,-0.594014874532359,0.804454056385016));
#11268=DIRECTION('center_axis',(1.,0.,0.));
#11269=DIRECTION('ref_axis',(0.,0.,-1.));
#11270=DIRECTION('center_axis',(1.,0.,0.));
#11271=DIRECTION('ref_axis',(0.,0.,-1.));
#11272=DIRECTION('center_axis',(1.,0.,0.));
#11273=DIRECTION('ref_axis',(0.,0.,-1.));
#11274=DIRECTION('center_axis',(1.,0.,0.));
#11275=DIRECTION('ref_axis',(0.,0.,-1.));
#11276=DIRECTION('center_axis',(1.,0.,0.));
#11277=DIRECTION('ref_axis',(0.,0.,-1.));
#11278=DIRECTION('center_axis',(1.,0.,0.));
#11279=DIRECTION('ref_axis',(0.,0.,-1.));
#11280=DIRECTION('center_axis',(1.,0.,0.));
#11281=DIRECTION('ref_axis',(0.,0.,-1.));
#11282=DIRECTION('center_axis',(1.,0.,0.));
#11283=DIRECTION('ref_axis',(0.,0.,-1.));
#11284=DIRECTION('center_axis',(1.,0.,0.));
#11285=DIRECTION('ref_axis',(0.,0.,-1.));
#11286=DIRECTION('center_axis',(1.,0.,0.));
#11287=DIRECTION('ref_axis',(0.,0.,-1.));
#11288=DIRECTION('center_axis',(1.,0.,0.));
#11289=DIRECTION('ref_axis',(0.,0.,-1.));
#11290=DIRECTION('center_axis',(1.,0.,0.));
#11291=DIRECTION('ref_axis',(0.,0.,-1.));
#11292=DIRECTION('center_axis',(1.,0.,0.));
#11293=DIRECTION('ref_axis',(0.,0.,-1.));
#11294=DIRECTION('',(0.,0.245614764956872,0.969367519176902));
#11295=DIRECTION('',(0.,0.237854298692904,0.971300845563982));
#11296=DIRECTION('center_axis',(1.,0.,0.));
#11297=DIRECTION('ref_axis',(0.,0.,-1.));
#11298=DIRECTION('',(0.,0.249170758558819,0.968459567085391));
#11299=DIRECTION('center_axis',(1.,0.,0.));
#11300=DIRECTION('ref_axis',(0.,0.,-1.));
#11301=DIRECTION('center_axis',(1.,0.,0.));
#11302=DIRECTION('ref_axis',(0.,0.,-1.));
#11303=DIRECTION('center_axis',(1.,0.,0.));
#11304=DIRECTION('ref_axis',(0.,0.,-1.));
#11305=DIRECTION('center_axis',(1.,0.,0.));
#11306=DIRECTION('ref_axis',(0.,0.,-1.));
#11307=DIRECTION('center_axis',(1.,0.,0.));
#11308=DIRECTION('ref_axis',(0.,0.,-1.));
#11309=DIRECTION('center_axis',(1.,0.,0.));
#11310=DIRECTION('ref_axis',(0.,0.,-1.));
#11311=DIRECTION('center_axis',(1.,0.,0.));
#11312=DIRECTION('ref_axis',(0.,0.,-1.));
#11313=DIRECTION('center_axis',(1.,0.,0.));
#11314=DIRECTION('ref_axis',(0.,0.,-1.));
#11315=DIRECTION('center_axis',(1.,0.,0.));
#11316=DIRECTION('ref_axis',(0.,0.,-1.));
#11317=DIRECTION('center_axis',(1.,0.,0.));
#11318=DIRECTION('ref_axis',(0.,0.,-1.));
#11319=DIRECTION('center_axis',(1.,0.,0.));
#11320=DIRECTION('ref_axis',(0.,0.,-1.));
#11321=DIRECTION('center_axis',(1.,0.,0.));
#11322=DIRECTION('ref_axis',(0.,0.,-1.));
#11323=DIRECTION('center_axis',(1.,0.,0.));
#11324=DIRECTION('ref_axis',(0.,0.,-1.));
#11325=DIRECTION('center_axis',(1.,0.,0.));
#11326=DIRECTION('ref_axis',(0.,0.,-1.));
#11327=DIRECTION('center_axis',(1.,0.,0.));
#11328=DIRECTION('ref_axis',(0.,0.,-1.));
#11329=DIRECTION('center_axis',(1.,0.,0.));
#11330=DIRECTION('ref_axis',(0.,0.,-1.));
#11331=DIRECTION('center_axis',(1.,0.,0.));
#11332=DIRECTION('ref_axis',(0.,0.,-1.));
#11333=DIRECTION('center_axis',(1.,0.,0.));
#11334=DIRECTION('ref_axis',(0.,0.,-1.));
#11335=DIRECTION('center_axis',(1.,0.,0.));
#11336=DIRECTION('ref_axis',(0.,0.,-1.));
#11337=DIRECTION('center_axis',(1.,0.,0.));
#11338=DIRECTION('ref_axis',(0.,0.,-1.));
#11339=DIRECTION('center_axis',(1.,0.,0.));
#11340=DIRECTION('ref_axis',(0.,0.,-1.));
#11341=DIRECTION('center_axis',(1.,0.,0.));
#11342=DIRECTION('ref_axis',(0.,0.,-1.));
#11343=DIRECTION('',(0.,-0.780868809439133,0.624695047559296));
#11344=DIRECTION('center_axis',(1.,0.,0.));
#11345=DIRECTION('ref_axis',(0.,0.,-1.));
#11346=DIRECTION('',(0.,0.,1.));
#11347=DIRECTION('center_axis',(1.,0.,0.));
#11348=DIRECTION('ref_axis',(0.,0.,-1.));
#11349=DIRECTION('',(0.,0.948265078763875,0.317479669265518));
#11350=DIRECTION('center_axis',(1.,0.,0.));
#11351=DIRECTION('ref_axis',(0.,0.,-1.));
#11352=DIRECTION('',(0.,0.,1.));
#11353=DIRECTION('',(0.,-0.944755511728299,-0.327775873210643));
#11354=DIRECTION('',(0.,0.,1.));
#11355=DIRECTION('center_axis',(1.,0.,0.));
#11356=DIRECTION('ref_axis',(0.,0.,-1.));
#11357=DIRECTION('',(0.,0.941339404156556,0.337461295828397));
#11358=DIRECTION('',(0.,0.,-1.));
#11359=DIRECTION('center_axis',(1.,0.,0.));
#11360=DIRECTION('ref_axis',(0.,0.,-1.));
#11361=DIRECTION('',(0.,-0.949798825345266,-0.312861297339177));
#11362=DIRECTION('center_axis',(1.,0.,0.));
#11363=DIRECTION('ref_axis',(0.,0.,-1.));
#11364=DIRECTION('',(0.,0.983782331169957,-0.179366454159647));
#11365=DIRECTION('',(0.,0.,-1.));
#11366=DIRECTION('',(0.,-0.968657109716119,0.248401698457185));
#11367=DIRECTION('',(0.,-0.996823966697401,0.0796365457416319));
#11368=DIRECTION('',(0.,0.,-1.));
#11369=DIRECTION('center_axis',(1.,0.,0.));
#11370=DIRECTION('ref_axis',(0.,0.,-1.));
#11371=DIRECTION('',(0.,-0.95630000502231,-0.292387243898106));
#11372=DIRECTION('center_axis',(1.,0.,0.));
#11373=DIRECTION('ref_axis',(0.,0.,-1.));
#11374=DIRECTION('center_axis',(1.,0.,0.));
#11375=DIRECTION('ref_axis',(0.,0.,-1.));
#11376=DIRECTION('center_axis',(1.,0.,0.));
#11377=DIRECTION('ref_axis',(0.,0.,-1.));
#11378=DIRECTION('center_axis',(1.,0.,0.));
#11379=DIRECTION('ref_axis',(0.,0.,-1.));
#11380=DIRECTION('center_axis',(1.,0.,0.));
#11381=DIRECTION('ref_axis',(0.,0.,-1.));
#11382=DIRECTION('center_axis',(1.,0.,0.));
#11383=DIRECTION('ref_axis',(0.,0.,-1.));
#11384=DIRECTION('center_axis',(1.,0.,0.));
#11385=DIRECTION('ref_axis',(0.,0.,-1.));
#11386=DIRECTION('center_axis',(1.,0.,0.));
#11387=DIRECTION('ref_axis',(0.,0.,-1.));
#11388=DIRECTION('center_axis',(1.,0.,0.));
#11389=DIRECTION('ref_axis',(0.,0.,-1.));
#11390=DIRECTION('center_axis',(1.,0.,0.));
#11391=DIRECTION('ref_axis',(0.,0.,-1.));
#11392=DIRECTION('center_axis',(1.,0.,0.));
#11393=DIRECTION('ref_axis',(0.,0.,-1.));
#11394=DIRECTION('center_axis',(1.,0.,0.));
#11395=DIRECTION('ref_axis',(0.,0.,-1.));
#11396=DIRECTION('center_axis',(1.,0.,0.));
#11397=DIRECTION('ref_axis',(0.,0.,-1.));
#11398=DIRECTION('center_axis',(1.,0.,0.));
#11399=DIRECTION('ref_axis',(0.,0.,-1.));
#11400=DIRECTION('',(0.,0.,-1.));
#11401=DIRECTION('center_axis',(1.,0.,0.));
#11402=DIRECTION('ref_axis',(0.,0.,-1.));
#11403=DIRECTION('center_axis',(1.,0.,0.));
#11404=DIRECTION('ref_axis',(0.,0.,-1.));
#11405=DIRECTION('center_axis',(1.,0.,0.));
#11406=DIRECTION('ref_axis',(0.,0.,-1.));
#11407=DIRECTION('center_axis',(1.,0.,0.));
#11408=DIRECTION('ref_axis',(0.,0.,-1.));
#11409=DIRECTION('center_axis',(1.,0.,0.));
#11410=DIRECTION('ref_axis',(0.,0.,-1.));
#11411=DIRECTION('center_axis',(1.,0.,0.));
#11412=DIRECTION('ref_axis',(0.,0.,-1.));
#11413=DIRECTION('center_axis',(1.,0.,0.));
#11414=DIRECTION('ref_axis',(0.,0.,-1.));
#11415=DIRECTION('center_axis',(1.,0.,0.));
#11416=DIRECTION('ref_axis',(0.,0.,-1.));
#11417=DIRECTION('center_axis',(1.,0.,0.));
#11418=DIRECTION('ref_axis',(0.,0.,-1.));
#11419=DIRECTION('center_axis',(1.,0.,0.));
#11420=DIRECTION('ref_axis',(0.,0.,-1.));
#11421=DIRECTION('center_axis',(1.,0.,0.));
#11422=DIRECTION('ref_axis',(0.,0.,-1.));
#11423=DIRECTION('center_axis',(1.,0.,0.));
#11424=DIRECTION('ref_axis',(0.,0.,-1.));
#11425=DIRECTION('center_axis',(1.,0.,0.));
#11426=DIRECTION('ref_axis',(0.,0.,-1.));
#11427=DIRECTION('center_axis',(1.,0.,0.));
#11428=DIRECTION('ref_axis',(0.,0.,-1.));
#11429=DIRECTION('center_axis',(1.,0.,0.));
#11430=DIRECTION('ref_axis',(0.,0.,-1.));
#11431=DIRECTION('center_axis',(1.,0.,0.));
#11432=DIRECTION('ref_axis',(0.,0.,-1.));
#11433=DIRECTION('center_axis',(1.,0.,0.));
#11434=DIRECTION('ref_axis',(0.,0.990839059417923,0.135047985293397));
#11435=DIRECTION('center_axis',(1.,0.,0.));
#11436=DIRECTION('ref_axis',(0.,0.,-1.));
#11437=DIRECTION('center_axis',(1.,0.,0.));
#11438=DIRECTION('ref_axis',(0.,0.,-1.));
#11439=DIRECTION('center_axis',(1.,0.,0.));
#11440=DIRECTION('ref_axis',(0.,0.,-1.));
#11441=DIRECTION('center_axis',(1.,0.,0.));
#11442=DIRECTION('ref_axis',(0.,0.,-1.));
#11443=DIRECTION('center_axis',(1.,0.,0.));
#11444=DIRECTION('ref_axis',(0.,0.,-1.));
#11445=DIRECTION('center_axis',(1.,0.,0.));
#11446=DIRECTION('ref_axis',(0.,0.,-1.));
#11447=DIRECTION('center_axis',(1.,0.,0.));
#11448=DIRECTION('ref_axis',(0.,0.,-1.));
#11449=DIRECTION('center_axis',(1.,0.,0.));
#11450=DIRECTION('ref_axis',(0.,0.,-1.));
#11451=DIRECTION('center_axis',(1.,0.,0.));
#11452=DIRECTION('ref_axis',(0.,0.,-1.));
#11453=DIRECTION('center_axis',(1.,0.,0.));
#11454=DIRECTION('ref_axis',(0.,0.,-1.));
#11455=DIRECTION('center_axis',(1.,0.,0.));
#11456=DIRECTION('ref_axis',(0.,0.,-1.));
#11457=DIRECTION('center_axis',(1.,0.,0.));
#11458=DIRECTION('ref_axis',(0.,0.,-1.));
#11459=DIRECTION('center_axis',(1.,0.,0.));
#11460=DIRECTION('ref_axis',(0.,0.,-1.));
#11461=DIRECTION('',(0.,0.,1.));
#11462=DIRECTION('center_axis',(1.,0.,0.));
#11463=DIRECTION('ref_axis',(0.,0.,-1.));
#11464=DIRECTION('center_axis',(1.,0.,0.));
#11465=DIRECTION('ref_axis',(0.,0.,-1.));
#11466=DIRECTION('center_axis',(1.,0.,0.));
#11467=DIRECTION('ref_axis',(0.,0.,-1.));
#11468=DIRECTION('center_axis',(1.,0.,0.));
#11469=DIRECTION('ref_axis',(0.,0.,-1.));
#11470=DIRECTION('center_axis',(1.,0.,0.));
#11471=DIRECTION('ref_axis',(0.,0.,-1.));
#11472=DIRECTION('center_axis',(1.,0.,0.));
#11473=DIRECTION('ref_axis',(0.,0.,-1.));
#11474=DIRECTION('center_axis',(1.,0.,0.));
#11475=DIRECTION('ref_axis',(0.,0.,-1.));
#11476=DIRECTION('center_axis',(1.,0.,0.));
#11477=DIRECTION('ref_axis',(0.,0.,-1.));
#11478=DIRECTION('center_axis',(1.,0.,0.));
#11479=DIRECTION('ref_axis',(0.,0.,-1.));
#11480=DIRECTION('center_axis',(1.,0.,0.));
#11481=DIRECTION('ref_axis',(0.,0.,-1.));
#11482=DIRECTION('center_axis',(1.,0.,0.));
#11483=DIRECTION('ref_axis',(0.,0.,-1.));
#11484=DIRECTION('center_axis',(1.,0.,0.));
#11485=DIRECTION('ref_axis',(0.,0.,-1.));
#11486=DIRECTION('center_axis',(1.,0.,0.));
#11487=DIRECTION('ref_axis',(0.,0.,-1.));
#11488=DIRECTION('center_axis',(1.,0.,0.));
#11489=DIRECTION('ref_axis',(0.,0.,-1.));
#11490=DIRECTION('center_axis',(1.,0.,0.));
#11491=DIRECTION('ref_axis',(0.,0.,-1.));
#11492=DIRECTION('center_axis',(1.,0.,0.));
#11493=DIRECTION('ref_axis',(0.,0.,-1.));
#11494=DIRECTION('center_axis',(1.,0.,0.));
#11495=DIRECTION('ref_axis',(0.,0.,-1.));
#11496=DIRECTION('center_axis',(1.,0.,0.));
#11497=DIRECTION('ref_axis',(0.,0.,-1.));
#11498=DIRECTION('center_axis',(1.,0.,0.));
#11499=DIRECTION('ref_axis',(0.,0.,-1.));
#11500=DIRECTION('center_axis',(1.,0.,0.));
#11501=DIRECTION('ref_axis',(0.,0.,-1.));
#11502=DIRECTION('center_axis',(1.,0.,0.));
#11503=DIRECTION('ref_axis',(0.,0.,-1.));
#11504=DIRECTION('center_axis',(1.,0.,0.));
#11505=DIRECTION('ref_axis',(0.,0.,-1.));
#11506=DIRECTION('center_axis',(1.,0.,0.));
#11507=DIRECTION('ref_axis',(0.,0.,-1.));
#11508=DIRECTION('center_axis',(1.,0.,0.));
#11509=DIRECTION('ref_axis',(0.,0.,-1.));
#11510=DIRECTION('center_axis',(1.,0.,0.));
#11511=DIRECTION('ref_axis',(0.,0.,-1.));
#11512=DIRECTION('center_axis',(1.,0.,0.));
#11513=DIRECTION('ref_axis',(0.,0.,-1.));
#11514=DIRECTION('center_axis',(1.,0.,0.));
#11515=DIRECTION('ref_axis',(0.,0.,-1.));
#11516=DIRECTION('center_axis',(1.,0.,0.));
#11517=DIRECTION('ref_axis',(0.,0.,-1.));
#11518=DIRECTION('center_axis',(1.,0.,0.));
#11519=DIRECTION('ref_axis',(0.,0.,-1.));
#11520=DIRECTION('center_axis',(1.,0.,0.));
#11521=DIRECTION('ref_axis',(0.,0.,-1.));
#11522=DIRECTION('center_axis',(1.,0.,0.));
#11523=DIRECTION('ref_axis',(0.,0.,-1.));
#11524=DIRECTION('center_axis',(1.,0.,0.));
#11525=DIRECTION('ref_axis',(0.,0.,-1.));
#11526=DIRECTION('center_axis',(1.,0.,0.));
#11527=DIRECTION('ref_axis',(0.,0.,-1.));
#11528=DIRECTION('center_axis',(1.,0.,0.));
#11529=DIRECTION('ref_axis',(0.,0.,-1.));
#11530=DIRECTION('center_axis',(1.,0.,0.));
#11531=DIRECTION('ref_axis',(0.,0.,-1.));
#11532=DIRECTION('center_axis',(1.,0.,0.));
#11533=DIRECTION('ref_axis',(0.,0.,-1.));
#11534=DIRECTION('center_axis',(1.,0.,0.));
#11535=DIRECTION('ref_axis',(0.,0.,-1.));
#11536=DIRECTION('center_axis',(1.,0.,0.));
#11537=DIRECTION('ref_axis',(0.,0.,-1.));
#11538=DIRECTION('center_axis',(1.,0.,0.));
#11539=DIRECTION('ref_axis',(0.,0.,-1.));
#11540=DIRECTION('center_axis',(1.,0.,0.));
#11541=DIRECTION('ref_axis',(0.,0.,-1.));
#11542=DIRECTION('center_axis',(1.,0.,0.));
#11543=DIRECTION('ref_axis',(0.,0.,-1.));
#11544=DIRECTION('center_axis',(1.,0.,0.));
#11545=DIRECTION('ref_axis',(0.,0.,-1.));
#11546=DIRECTION('center_axis',(1.,0.,0.));
#11547=DIRECTION('ref_axis',(0.,0.,-1.));
#11548=DIRECTION('center_axis',(1.,0.,0.));
#11549=DIRECTION('ref_axis',(0.,0.,-1.));
#11550=DIRECTION('center_axis',(1.,0.,0.));
#11551=DIRECTION('ref_axis',(0.,0.,-1.));
#11552=DIRECTION('center_axis',(1.,0.,0.));
#11553=DIRECTION('ref_axis',(0.,0.,-1.));
#11554=DIRECTION('center_axis',(1.,0.,0.));
#11555=DIRECTION('ref_axis',(0.,0.,-1.));
#11556=DIRECTION('center_axis',(1.,0.,0.));
#11557=DIRECTION('ref_axis',(0.,0.,-1.));
#11558=DIRECTION('center_axis',(1.,0.,0.));
#11559=DIRECTION('ref_axis',(0.,0.,-1.));
#11560=DIRECTION('center_axis',(1.,0.,0.));
#11561=DIRECTION('ref_axis',(0.,0.,-1.));
#11562=DIRECTION('center_axis',(1.,0.,0.));
#11563=DIRECTION('ref_axis',(0.,0.,-1.));
#11564=DIRECTION('center_axis',(1.,0.,0.));
#11565=DIRECTION('ref_axis',(0.,0.,-1.));
#11566=DIRECTION('center_axis',(1.,0.,0.));
#11567=DIRECTION('ref_axis',(0.,0.,-1.));
#11568=DIRECTION('center_axis',(1.,0.,0.));
#11569=DIRECTION('ref_axis',(0.,0.,-1.));
#11570=DIRECTION('center_axis',(1.,0.,0.));
#11571=DIRECTION('ref_axis',(0.,0.,-1.));
#11572=DIRECTION('center_axis',(1.,0.,0.));
#11573=DIRECTION('ref_axis',(0.,0.,-1.));
#11574=DIRECTION('center_axis',(1.,0.,0.));
#11575=DIRECTION('ref_axis',(0.,0.,-1.));
#11576=DIRECTION('center_axis',(1.,0.,0.));
#11577=DIRECTION('ref_axis',(0.,0.,-1.));
#11578=DIRECTION('center_axis',(1.,0.,0.));
#11579=DIRECTION('ref_axis',(0.,0.,-1.));
#11580=DIRECTION('center_axis',(1.,0.,0.));
#11581=DIRECTION('ref_axis',(0.,0.,-1.));
#11582=DIRECTION('center_axis',(1.,0.,0.));
#11583=DIRECTION('ref_axis',(0.,0.,-1.));
#11584=DIRECTION('center_axis',(1.,0.,0.));
#11585=DIRECTION('ref_axis',(0.,0.,-1.));
#11586=DIRECTION('center_axis',(1.,0.,0.));
#11587=DIRECTION('ref_axis',(0.,0.,-1.));
#11588=DIRECTION('center_axis',(1.,0.,0.));
#11589=DIRECTION('ref_axis',(0.,0.,-1.));
#11590=DIRECTION('center_axis',(1.,0.,0.));
#11591=DIRECTION('ref_axis',(0.,0.,-1.));
#11592=DIRECTION('center_axis',(1.,0.,0.));
#11593=DIRECTION('ref_axis',(0.,0.,-1.));
#11594=DIRECTION('center_axis',(1.,0.,0.));
#11595=DIRECTION('ref_axis',(0.,0.,-1.));
#11596=DIRECTION('center_axis',(1.,0.,0.));
#11597=DIRECTION('ref_axis',(0.,0.,-1.));
#11598=DIRECTION('center_axis',(1.,0.,0.));
#11599=DIRECTION('ref_axis',(0.,0.,-1.));
#11600=DIRECTION('center_axis',(1.,0.,0.));
#11601=DIRECTION('ref_axis',(0.,0.,-1.));
#11602=DIRECTION('center_axis',(1.,0.,0.));
#11603=DIRECTION('ref_axis',(0.,0.,-1.));
#11604=DIRECTION('center_axis',(1.,0.,0.));
#11605=DIRECTION('ref_axis',(0.,0.,-1.));
#11606=DIRECTION('center_axis',(1.,0.,0.));
#11607=DIRECTION('ref_axis',(0.,0.,-1.));
#11608=DIRECTION('center_axis',(1.,0.,0.));
#11609=DIRECTION('ref_axis',(0.,0.,-1.));
#11610=DIRECTION('center_axis',(1.,0.,0.));
#11611=DIRECTION('ref_axis',(0.,0.,-1.));
#11612=DIRECTION('center_axis',(1.,0.,0.));
#11613=DIRECTION('ref_axis',(0.,0.,-1.));
#11614=DIRECTION('center_axis',(1.,0.,0.));
#11615=DIRECTION('ref_axis',(0.,0.,-1.));
#11616=DIRECTION('center_axis',(1.,0.,0.));
#11617=DIRECTION('ref_axis',(0.,0.,-1.));
#11618=DIRECTION('center_axis',(1.,0.,0.));
#11619=DIRECTION('ref_axis',(0.,0.,-1.));
#11620=DIRECTION('center_axis',(1.,0.,0.));
#11621=DIRECTION('ref_axis',(0.,0.,-1.));
#11622=DIRECTION('center_axis',(1.,0.,0.));
#11623=DIRECTION('ref_axis',(0.,0.,-1.));
#11624=DIRECTION('center_axis',(1.,0.,0.));
#11625=DIRECTION('ref_axis',(0.,0.,-1.));
#11626=DIRECTION('center_axis',(1.,0.,0.));
#11627=DIRECTION('ref_axis',(0.,0.,-1.));
#11628=DIRECTION('center_axis',(1.,0.,0.));
#11629=DIRECTION('ref_axis',(0.,0.,-1.));
#11630=DIRECTION('center_axis',(1.,0.,0.));
#11631=DIRECTION('ref_axis',(0.,0.,-1.));
#11632=DIRECTION('center_axis',(1.,0.,0.));
#11633=DIRECTION('ref_axis',(0.,0.,-1.));
#11634=DIRECTION('center_axis',(1.,0.,0.));
#11635=DIRECTION('ref_axis',(0.,0.,-1.));
#11636=DIRECTION('center_axis',(1.,0.,0.));
#11637=DIRECTION('ref_axis',(0.,0.,-1.));
#11638=DIRECTION('center_axis',(1.,0.,0.));
#11639=DIRECTION('ref_axis',(0.,0.,-1.));
#11640=DIRECTION('center_axis',(1.,0.,0.));
#11641=DIRECTION('ref_axis',(0.,0.,-1.));
#11642=DIRECTION('center_axis',(1.,0.,0.));
#11643=DIRECTION('ref_axis',(0.,0.,-1.));
#11644=DIRECTION('center_axis',(1.,0.,0.));
#11645=DIRECTION('ref_axis',(0.,0.,-1.));
#11646=DIRECTION('center_axis',(1.,0.,0.));
#11647=DIRECTION('ref_axis',(0.,0.,-1.));
#11648=DIRECTION('center_axis',(1.,0.,0.));
#11649=DIRECTION('ref_axis',(0.,0.,-1.));
#11650=DIRECTION('center_axis',(1.,0.,0.));
#11651=DIRECTION('ref_axis',(0.,0.,-1.));
#11652=DIRECTION('center_axis',(1.,0.,0.));
#11653=DIRECTION('ref_axis',(0.,0.,-1.));
#11654=DIRECTION('center_axis',(1.,0.,0.));
#11655=DIRECTION('ref_axis',(0.,0.,-1.));
#11656=DIRECTION('center_axis',(1.,0.,0.));
#11657=DIRECTION('ref_axis',(0.,0.,-1.));
#11658=DIRECTION('center_axis',(1.,0.,0.));
#11659=DIRECTION('ref_axis',(0.,0.,-1.));
#11660=DIRECTION('center_axis',(1.,0.,0.));
#11661=DIRECTION('ref_axis',(0.,0.,-1.));
#11662=DIRECTION('center_axis',(1.,0.,0.));
#11663=DIRECTION('ref_axis',(0.,0.,-1.));
#11664=DIRECTION('center_axis',(1.,0.,0.));
#11665=DIRECTION('ref_axis',(0.,0.,-1.));
#11666=DIRECTION('center_axis',(1.,0.,0.));
#11667=DIRECTION('ref_axis',(0.,0.,-1.));
#11668=DIRECTION('center_axis',(1.,0.,0.));
#11669=DIRECTION('ref_axis',(0.,0.,-1.));
#11670=DIRECTION('center_axis',(1.,0.,0.));
#11671=DIRECTION('ref_axis',(0.,0.,-1.));
#11672=DIRECTION('center_axis',(1.,0.,0.));
#11673=DIRECTION('ref_axis',(0.,0.,-1.));
#11674=DIRECTION('center_axis',(1.,0.,0.));
#11675=DIRECTION('ref_axis',(0.,0.,-1.));
#11676=DIRECTION('center_axis',(1.,0.,0.));
#11677=DIRECTION('ref_axis',(0.,0.,-1.));
#11678=DIRECTION('center_axis',(1.,0.,0.));
#11679=DIRECTION('ref_axis',(0.,0.,-1.));
#11680=DIRECTION('center_axis',(1.,0.,0.));
#11681=DIRECTION('ref_axis',(0.,0.,-1.));
#11682=DIRECTION('center_axis',(1.,0.,0.));
#11683=DIRECTION('ref_axis',(0.,0.,-1.));
#11684=DIRECTION('center_axis',(1.,0.,0.));
#11685=DIRECTION('ref_axis',(0.,0.,-1.));
#11686=DIRECTION('center_axis',(1.,0.,0.));
#11687=DIRECTION('ref_axis',(0.,0.,-1.));
#11688=DIRECTION('center_axis',(1.,0.,0.));
#11689=DIRECTION('ref_axis',(0.,0.,-1.));
#11690=DIRECTION('center_axis',(1.,0.,0.));
#11691=DIRECTION('ref_axis',(0.,0.,-1.));
#11692=DIRECTION('center_axis',(1.,0.,0.));
#11693=DIRECTION('ref_axis',(0.,0.,-1.));
#11694=DIRECTION('center_axis',(1.,0.,0.));
#11695=DIRECTION('ref_axis',(0.,0.,-1.));
#11696=DIRECTION('center_axis',(1.,0.,0.));
#11697=DIRECTION('ref_axis',(0.,0.,-1.));
#11698=DIRECTION('center_axis',(1.,0.,0.));
#11699=DIRECTION('ref_axis',(0.,0.,-1.));
#11700=DIRECTION('center_axis',(1.,0.,0.));
#11701=DIRECTION('ref_axis',(0.,0.,-1.));
#11702=DIRECTION('center_axis',(1.,0.,0.));
#11703=DIRECTION('ref_axis',(0.,0.,-1.));
#11704=DIRECTION('center_axis',(1.,0.,0.));
#11705=DIRECTION('ref_axis',(0.,0.,-1.));
#11706=DIRECTION('center_axis',(1.,0.,0.));
#11707=DIRECTION('ref_axis',(0.,0.,-1.));
#11708=DIRECTION('center_axis',(1.,0.,0.));
#11709=DIRECTION('ref_axis',(0.,0.,-1.));
#11710=DIRECTION('center_axis',(1.,0.,0.));
#11711=DIRECTION('ref_axis',(0.,0.,-1.));
#11712=DIRECTION('center_axis',(1.,0.,0.));
#11713=DIRECTION('ref_axis',(0.,0.,-1.));
#11714=DIRECTION('center_axis',(1.,0.,0.));
#11715=DIRECTION('ref_axis',(0.,0.,-1.));
#11716=DIRECTION('center_axis',(1.,0.,0.));
#11717=DIRECTION('ref_axis',(0.,0.,-1.));
#11718=DIRECTION('center_axis',(1.,0.,0.));
#11719=DIRECTION('ref_axis',(0.,0.,-1.));
#11720=DIRECTION('center_axis',(1.,0.,0.));
#11721=DIRECTION('ref_axis',(0.,0.,-1.));
#11722=DIRECTION('center_axis',(1.,0.,0.));
#11723=DIRECTION('ref_axis',(0.,0.,-1.));
#11724=DIRECTION('center_axis',(1.,0.,0.));
#11725=DIRECTION('ref_axis',(0.,0.,-1.));
#11726=DIRECTION('center_axis',(1.,0.,0.));
#11727=DIRECTION('ref_axis',(0.,0.,-1.));
#11728=DIRECTION('center_axis',(1.,0.,0.));
#11729=DIRECTION('ref_axis',(0.,0.,-1.));
#11730=DIRECTION('center_axis',(1.,0.,0.));
#11731=DIRECTION('ref_axis',(0.,0.,-1.));
#11732=DIRECTION('center_axis',(1.,0.,0.));
#11733=DIRECTION('ref_axis',(0.,0.,-1.));
#11734=DIRECTION('center_axis',(1.,0.,0.));
#11735=DIRECTION('ref_axis',(0.,0.,-1.));
#11736=DIRECTION('center_axis',(1.,0.,0.));
#11737=DIRECTION('ref_axis',(0.,0.,-1.));
#11738=DIRECTION('center_axis',(1.,0.,0.));
#11739=DIRECTION('ref_axis',(0.,0.,-1.));
#11740=DIRECTION('center_axis',(1.,0.,0.));
#11741=DIRECTION('ref_axis',(0.,0.,-1.));
#11742=DIRECTION('center_axis',(1.,0.,0.));
#11743=DIRECTION('ref_axis',(0.,0.,-1.));
#11744=DIRECTION('center_axis',(1.,0.,0.));
#11745=DIRECTION('ref_axis',(0.,0.,-1.));
#11746=DIRECTION('center_axis',(1.,0.,0.));
#11747=DIRECTION('ref_axis',(0.,0.,-1.));
#11748=DIRECTION('center_axis',(1.,0.,0.));
#11749=DIRECTION('ref_axis',(0.,0.,-1.));
#11750=DIRECTION('center_axis',(1.,0.,0.));
#11751=DIRECTION('ref_axis',(0.,0.,-1.));
#11752=DIRECTION('center_axis',(1.,0.,0.));
#11753=DIRECTION('ref_axis',(0.,0.,-1.));
#11754=DIRECTION('center_axis',(1.,0.,0.));
#11755=DIRECTION('ref_axis',(0.,0.,-1.));
#11756=DIRECTION('center_axis',(1.,0.,0.));
#11757=DIRECTION('ref_axis',(0.,0.,-1.));
#11758=DIRECTION('center_axis',(1.,0.,0.));
#11759=DIRECTION('ref_axis',(0.,0.,-1.));
#11760=DIRECTION('center_axis',(1.,0.,0.));
#11761=DIRECTION('ref_axis',(0.,0.,-1.));
#11762=DIRECTION('center_axis',(1.,0.,0.));
#11763=DIRECTION('ref_axis',(0.,0.,-1.));
#11764=DIRECTION('center_axis',(1.,0.,0.));
#11765=DIRECTION('ref_axis',(0.,0.,-1.));
#11766=DIRECTION('center_axis',(1.,0.,0.));
#11767=DIRECTION('ref_axis',(0.,0.,-1.));
#11768=DIRECTION('',(0.,-1.,0.));
#11769=DIRECTION('',(0.,0.,1.));
#11770=DIRECTION('center_axis',(1.,0.,0.));
#11771=DIRECTION('ref_axis',(0.,0.,-1.));
#11772=DIRECTION('center_axis',(1.,0.,0.));
#11773=DIRECTION('ref_axis',(0.,0.,-1.));
#11774=DIRECTION('center_axis',(1.,0.,0.));
#11775=DIRECTION('ref_axis',(0.,0.,-1.));
#11776=DIRECTION('center_axis',(1.,0.,0.));
#11777=DIRECTION('ref_axis',(0.,0.,-1.));
#11778=DIRECTION('center_axis',(1.,0.,0.));
#11779=DIRECTION('ref_axis',(0.,0.,-1.));
#11780=DIRECTION('center_axis',(1.,0.,0.));
#11781=DIRECTION('ref_axis',(0.,0.,-1.));
#11782=DIRECTION('center_axis',(1.,0.,0.));
#11783=DIRECTION('ref_axis',(0.,0.,-1.));
#11784=DIRECTION('center_axis',(1.,0.,0.));
#11785=DIRECTION('ref_axis',(0.,0.,-1.));
#11786=DIRECTION('center_axis',(1.,0.,0.));
#11787=DIRECTION('ref_axis',(0.,0.,-1.));
#11788=DIRECTION('center_axis',(1.,0.,0.));
#11789=DIRECTION('ref_axis',(0.,0.,-1.));
#11790=DIRECTION('center_axis',(1.,0.,0.));
#11791=DIRECTION('ref_axis',(0.,0.,-1.));
#11792=DIRECTION('center_axis',(1.,0.,0.));
#11793=DIRECTION('ref_axis',(0.,0.,-1.));
#11794=DIRECTION('center_axis',(1.,0.,0.));
#11795=DIRECTION('ref_axis',(0.,0.,-1.));
#11796=DIRECTION('center_axis',(1.,0.,0.));
#11797=DIRECTION('ref_axis',(0.,0.,-1.));
#11798=DIRECTION('center_axis',(1.,0.,0.));
#11799=DIRECTION('ref_axis',(0.,0.,-1.));
#11800=DIRECTION('center_axis',(1.,0.,0.));
#11801=DIRECTION('ref_axis',(0.,0.,-1.));
#11802=DIRECTION('center_axis',(1.,0.,0.));
#11803=DIRECTION('ref_axis',(0.,0.,-1.));
#11804=DIRECTION('center_axis',(1.,0.,0.));
#11805=DIRECTION('ref_axis',(0.,0.,-1.));
#11806=DIRECTION('center_axis',(1.,0.,0.));
#11807=DIRECTION('ref_axis',(0.,0.,-1.));
#11808=DIRECTION('center_axis',(1.,0.,0.));
#11809=DIRECTION('ref_axis',(0.,0.,-1.));
#11810=DIRECTION('center_axis',(1.,0.,0.));
#11811=DIRECTION('ref_axis',(0.,0.,-1.));
#11812=DIRECTION('center_axis',(1.,0.,0.));
#11813=DIRECTION('ref_axis',(0.,0.,-1.));
#11814=DIRECTION('center_axis',(1.,0.,0.));
#11815=DIRECTION('ref_axis',(0.,0.,-1.));
#11816=DIRECTION('center_axis',(1.,0.,0.));
#11817=DIRECTION('ref_axis',(0.,0.,-1.));
#11818=DIRECTION('center_axis',(1.,0.,0.));
#11819=DIRECTION('ref_axis',(0.,0.,-1.));
#11820=DIRECTION('center_axis',(1.,0.,0.));
#11821=DIRECTION('ref_axis',(0.,0.,-1.));
#11822=DIRECTION('center_axis',(1.,0.,0.));
#11823=DIRECTION('ref_axis',(0.,0.,-1.));
#11824=DIRECTION('center_axis',(1.,0.,0.));
#11825=DIRECTION('ref_axis',(0.,0.,-1.));
#11826=DIRECTION('center_axis',(1.,0.,0.));
#11827=DIRECTION('ref_axis',(0.,0.,-1.));
#11828=DIRECTION('center_axis',(1.,0.,0.));
#11829=DIRECTION('ref_axis',(0.,0.,-1.));
#11830=DIRECTION('center_axis',(1.,0.,0.));
#11831=DIRECTION('ref_axis',(0.,0.,-1.));
#11832=DIRECTION('center_axis',(1.,0.,0.));
#11833=DIRECTION('ref_axis',(0.,0.,-1.));
#11834=DIRECTION('center_axis',(1.,0.,0.));
#11835=DIRECTION('ref_axis',(0.,0.,-1.));
#11836=DIRECTION('center_axis',(1.,0.,0.));
#11837=DIRECTION('ref_axis',(0.,0.,-1.));
#11838=DIRECTION('',(0.,1.69097693381258E-14,-1.));
#11839=DIRECTION('',(0.,0.70701988168205,-0.70719367001289));
#11840=DIRECTION('',(0.,0.707076785675046,0.707136775425692));
#11841=DIRECTION('',(0.,0.495358569784581,-0.868688602055405));
#11842=DIRECTION('',(0.,0.00010780229034573,-0.999999994189333));
#11843=DIRECTION('',(0.,0.,1.));
#11844=DIRECTION('center_axis',(0.,0.,-1.));
#11845=DIRECTION('ref_axis',(0.,-1.,0.));
#11846=DIRECTION('',(1.,0.,0.));
#11847=DIRECTION('',(0.,-1.,0.));
#11848=DIRECTION('',(1.,0.,0.));
#11849=DIRECTION('',(0.,-1.,0.));
#11850=DIRECTION('center_axis',(0.,0.,-1.));
#11851=DIRECTION('ref_axis',(0.,-1.,0.));
#11852=DIRECTION('',(1.,0.,0.));
#11853=DIRECTION('',(0.,-1.,0.));
#11854=DIRECTION('',(1.,0.,0.));
#11855=DIRECTION('',(0.,-1.,0.));
#11856=DIRECTION('center_axis',(0.,1.,0.));
#11857=DIRECTION('ref_axis',(1.,0.,0.));
#11858=DIRECTION('',(0.866025403784438,0.,-0.500000000000001));
#11859=DIRECTION('',(-1.,0.,0.));
#11860=DIRECTION('',(0.,0.,-1.));
#11861=DIRECTION('',(0.866025403784439,0.,-0.499999999999999));
#11862=DIRECTION('',(0.,0.,1.));
#11863=DIRECTION('',(-0.866025403784438,0.,-0.500000000000001));
#11864=DIRECTION('',(0.,0.,-1.));
#11865=DIRECTION('',(-1.,0.,0.));
#11866=DIRECTION('',(-0.866025403784438,0.,-0.500000000000002));
#11867=DIRECTION('',(0.,0.,1.));
#11868=DIRECTION('center_axis',(0.,-1.,0.));
#11869=DIRECTION('ref_axis',(0.,0.,-1.));
#11870=DIRECTION('',(-1.,0.,0.));
#11871=DIRECTION('',(0.,0.,1.));
#11872=DIRECTION('',(-0.866025403784439,0.,0.499999999999999));
#11873=DIRECTION('',(0.,0.,-1.));
#11874=DIRECTION('',(0.866025403784439,0.,0.5));
#11875=DIRECTION('',(0.,0.,1.));
#11876=DIRECTION('',(-1.,0.,0.));
#11877=DIRECTION('',(0.866025403784437,0.,0.500000000000002));
#11878=DIRECTION('',(0.,0.,-1.));
#11879=DIRECTION('',(-0.866025403784437,0.,0.500000000000002));
#11880=DIRECTION('center_axis',(0.,1.,0.));
#11881=DIRECTION('ref_axis',(1.,0.,0.));
#11882=DIRECTION('',(1.,0.,0.));
#11883=DIRECTION('',(1.00575340675835E-17,0.,1.));
#11884=DIRECTION('',(-1.,0.,0.));
#11885=DIRECTION('',(0.,0.,1.));
#11886=DIRECTION('',(-1.,0.,0.));
#11887=DIRECTION('',(0.,0.,-1.));
#11888=DIRECTION('',(-1.,0.,0.));
#11889=DIRECTION('',(0.,0.,-1.));
#11890=DIRECTION('center_axis',(0.,1.,0.));
#11891=DIRECTION('ref_axis',(1.,0.,0.));
#11892=DIRECTION('',(-1.,0.,0.));
#11893=DIRECTION('',(0.,0.,-1.));
#11894=DIRECTION('',(1.,0.,0.));
#11895=DIRECTION('',(0.,0.,-1.));
#11896=DIRECTION('',(1.,0.,0.));
#11897=DIRECTION('',(0.,0.,1.));
#11898=DIRECTION('',(1.,0.,0.));
#11899=DIRECTION('',(1.00575340675835E-17,0.,1.));
#11900=DIRECTION('center_axis',(0.,1.,0.));
#11901=DIRECTION('ref_axis',(1.,0.,0.));
#11902=DIRECTION('',(1.,0.,0.));
#11903=DIRECTION('',(1.00575340675835E-17,0.,1.));
#11904=DIRECTION('',(-1.,0.,0.));
#11905=DIRECTION('',(0.,0.,1.));
#11906=DIRECTION('',(-1.,0.,0.));
#11907=DIRECTION('',(0.,0.,-1.));
#11908=DIRECTION('',(-1.,0.,0.));
#11909=DIRECTION('',(0.,0.,-1.));
#11910=DIRECTION('center_axis',(0.,1.,0.));
#11911=DIRECTION('ref_axis',(1.,0.,0.));
#11912=DIRECTION('',(-1.,0.,0.));
#11913=DIRECTION('',(0.,0.,-1.));
#11914=DIRECTION('',(1.,0.,0.));
#11915=DIRECTION('',(0.,0.,-1.));
#11916=DIRECTION('',(1.,0.,0.));
#11917=DIRECTION('',(0.,0.,1.));
#11918=DIRECTION('',(1.,0.,0.));
#11919=DIRECTION('',(1.00575340675835E-17,0.,1.));
#11920=DIRECTION('center_axis',(0.,1.,0.));
#11921=DIRECTION('ref_axis',(1.,0.,0.));
#11922=DIRECTION('',(-1.,0.,0.));
#11923=DIRECTION('',(-0.358979079308867,0.,-0.93334560620306));
#11924=DIRECTION('',(-0.358979079308869,0.,0.93334560620306));
#11925=DIRECTION('center_axis',(1.,0.,0.));
#11926=DIRECTION('ref_axis',(0.,1.,0.));
#11927=DIRECTION('',(0.,-1.,0.));
#11928=DIRECTION('',(0.,0.,1.));
#11929=DIRECTION('',(0.,-1.,0.));
#11930=DIRECTION('center_axis',(0.93334560620306,0.,0.358979079308869));
#11931=DIRECTION('ref_axis',(0.,-1.,0.));
#11932=DIRECTION('',(-0.358979079308869,0.,0.93334560620306));
#11933=DIRECTION('',(0.,-1.,0.));
#11934=DIRECTION('',(0.358979079308869,0.,-0.93334560620306));
#11935=DIRECTION('',(0.,-1.,0.));
#11936=DIRECTION('',(-0.358979079308869,0.,0.93334560620306));
#11937=DIRECTION('',(0.,1.,0.));
#11938=DIRECTION('center_axis',(-0.93334560620306,0.,0.358979079308867));
#11939=DIRECTION('ref_axis',(0.,1.,0.));
#11940=DIRECTION('',(-0.358979079308867,0.,-0.93334560620306));
#11941=DIRECTION('',(0.,-1.,0.));
#11942=DIRECTION('',(-0.358979079308867,0.,-0.93334560620306));
#11943=DIRECTION('',(0.,-1.,0.));
#11944=DIRECTION('',(0.358979079308867,0.,0.93334560620306));
#11945=DIRECTION('',(0.,1.,0.));
#11946=DIRECTION('center_axis',(-1.,0.,0.));
#11947=DIRECTION('ref_axis',(0.,0.,1.));
#11948=DIRECTION('',(0.,0.,-1.));
#11949=DIRECTION('',(0.,1.,0.));
#11950=DIRECTION('',(0.,-1.,0.));
#11951=DIRECTION('center_axis',(1.,0.,0.));
#11952=DIRECTION('ref_axis',(0.,1.,0.));
#11953=DIRECTION('',(0.,0.,-1.));
#11954=DIRECTION('',(0.,-1.,0.));
#11955=DIRECTION('',(0.,0.,-1.));
#11956=DIRECTION('',(0.,-1.,0.));
#11957=DIRECTION('',(0.,0.,1.));
#11958=DIRECTION('',(0.,-1.,0.));
#11959=DIRECTION('',(0.,0.,-1.));
#11960=DIRECTION('',(0.,-1.,0.));
#11961=DIRECTION('',(0.,-1.,0.));
#11962=DIRECTION('',(0.,0.,1.));
#11963=DIRECTION('center_axis',(1.,0.,0.));
#11964=DIRECTION('ref_axis',(0.,0.,-1.));
#11965=DIRECTION('',(0.,1.,0.));
#11966=DIRECTION('',(0.,0.,-1.));
#11967=DIRECTION('',(0.,1.,0.));
#11968=DIRECTION('center_axis',(1.,0.,0.));
#11969=DIRECTION('ref_axis',(0.,1.,0.));
#11970=DIRECTION('',(0.,-1.,0.));
#11971=DIRECTION('',(0.,0.,-1.));
#11972=DIRECTION('',(0.,1.,0.));
#11973=DIRECTION('',(0.,0.,-1.));
#11974=DIRECTION('',(0.,1.,0.));
#11975=DIRECTION('center_axis',(1.,0.,0.));
#11976=DIRECTION('ref_axis',(0.,0.,-1.));
#11977=DIRECTION('',(0.,0.,1.));
#11978=DIRECTION('',(0.,-1.,0.));
#11979=DIRECTION('',(0.,-1.,0.));
#11980=DIRECTION('',(0.,0.,-1.));
#11981=DIRECTION('',(0.,-1.,0.));
#11982=DIRECTION('',(0.,0.,1.));
#11983=DIRECTION('',(0.,-1.,0.));
#11984=DIRECTION('',(0.,0.,-1.));
#11985=DIRECTION('center_axis',(0.,1.,0.));
#11986=DIRECTION('ref_axis',(1.,0.,0.));
#11987=DIRECTION('',(1.,0.,0.));
#11988=DIRECTION('',(-1.,0.,0.));
#11989=DIRECTION('center_axis',(1.,0.,0.));
#11990=DIRECTION('ref_axis',(0.,1.,0.));
#11991=DIRECTION('',(0.,0.,-1.));
#11992=DIRECTION('',(0.,-1.,0.));
#11993=DIRECTION('',(0.,0.,-1.));
#11994=DIRECTION('',(0.,-1.,0.));
#11995=DIRECTION('',(0.,0.,1.));
#11996=DIRECTION('',(0.,-1.,0.));
#11997=DIRECTION('',(0.,0.,-1.));
#11998=DIRECTION('',(0.,-1.,0.));
#11999=DIRECTION('',(0.,-1.,0.));
#12000=DIRECTION('',(0.,0.,1.));
#12001=DIRECTION('center_axis',(1.,0.,0.));
#12002=DIRECTION('ref_axis',(0.,0.,-1.));
#12003=DIRECTION('',(0.,1.,0.));
#12004=DIRECTION('',(0.,0.,-1.));
#12005=DIRECTION('',(0.,1.,0.));
#12006=DIRECTION('center_axis',(1.,0.,0.));
#12007=DIRECTION('ref_axis',(0.,1.,0.));
#12008=DIRECTION('',(0.,-1.,0.));
#12009=DIRECTION('',(0.,0.,-1.));
#12010=DIRECTION('',(0.,1.,0.));
#12011=DIRECTION('',(0.,0.,-1.));
#12012=DIRECTION('',(0.,1.,0.));
#12013=DIRECTION('center_axis',(1.,0.,0.));
#12014=DIRECTION('ref_axis',(0.,0.,-1.));
#12015=DIRECTION('',(0.,0.,1.));
#12016=DIRECTION('',(0.,-1.,0.));
#12017=DIRECTION('',(0.,-1.,0.));
#12018=DIRECTION('',(0.,0.,-1.));
#12019=DIRECTION('',(0.,-1.,0.));
#12020=DIRECTION('',(0.,0.,1.));
#12021=DIRECTION('',(0.,-1.,0.));
#12022=DIRECTION('',(0.,0.,-1.));
#12023=DIRECTION('center_axis',(0.,1.,0.));
#12024=DIRECTION('ref_axis',(1.,0.,0.));
#12025=DIRECTION('',(1.,0.,0.));
#12026=DIRECTION('',(-1.,0.,0.));
#12027=DIRECTION('center_axis',(1.,0.,0.));
#12028=DIRECTION('ref_axis',(0.,0.,1.));
#12029=DIRECTION('',(-1.,0.,0.));
#12030=DIRECTION('',(-1.,0.,0.));
#12031=DIRECTION('center_axis',(0.,-1.,0.));
#12032=DIRECTION('ref_axis',(0.,0.,-1.));
#12033=DIRECTION('',(-1.,0.,0.));
#12034=DIRECTION('center_axis',(1.,0.,0.));
#12035=DIRECTION('ref_axis',(0.,0.,1.));
#12036=DIRECTION('',(-1.,0.,0.));
#12037=DIRECTION('center_axis',(1.,0.,0.));
#12038=DIRECTION('ref_axis',(0.,0.,-1.));
#12039=DIRECTION('',(-1.,0.,0.));
#12040=DIRECTION('center_axis',(0.,-1.,0.));
#12041=DIRECTION('ref_axis',(0.,0.,-1.));
#12042=DIRECTION('',(0.,0.,1.));
#12043=DIRECTION('',(-1.,0.,0.));
#12044=DIRECTION('center_axis',(1.,0.,0.));
#12045=DIRECTION('ref_axis',(0.,0.,1.));
#12046=DIRECTION('center_axis',(1.,0.,0.));
#12047=DIRECTION('ref_axis',(0.,0.,-1.));
#12048=DIRECTION('',(-1.,0.,0.));
#12049=DIRECTION('',(-1.,0.,0.));
#12050=DIRECTION('center_axis',(0.,0.,-1.));
#12051=DIRECTION('ref_axis',(0.,-1.,0.));
#12052=DIRECTION('',(0.,-1.,0.));
#12053=DIRECTION('',(-2.35696124453371E-17,-1.,0.));
#12054=DIRECTION('',(-1.,0.,0.));
#12055=DIRECTION('',(0.,1.,0.));
#12056=DIRECTION('',(1.,0.,0.));
#12057=DIRECTION('',(-2.35696124453371E-17,-1.,0.));
#12058=DIRECTION('',(-1.,0.,0.));
#12059=DIRECTION('',(0.,1.,0.));
#12060=DIRECTION('',(1.,0.,0.));
#12061=DIRECTION('center_axis',(0.,0.,1.));
#12062=DIRECTION('ref_axis',(1.,0.,0.));
#12063=DIRECTION('',(-1.,0.,0.));
#12064=DIRECTION('',(-1.,0.,0.));
#12065=DIRECTION('',(0.,1.,0.));
#12066=DIRECTION('',(-1.,0.,0.));
#12067=DIRECTION('center_axis',(1.,0.,0.));
#12068=DIRECTION('ref_axis',(0.,0.,1.));
#12069=DIRECTION('',(-1.,0.,0.));
#12070=DIRECTION('center_axis',(0.,-1.,0.));
#12071=DIRECTION('ref_axis',(0.,0.,-1.));
#12072=DIRECTION('',(-1.,0.,0.));
#12073=DIRECTION('center_axis',(0.,0.,1.));
#12074=DIRECTION('ref_axis',(1.,0.,0.));
#12075=DIRECTION('',(0.,1.,0.));
#12076=DIRECTION('',(-1.,0.,0.));
#12077=DIRECTION('center_axis',(1.,0.,0.));
#12078=DIRECTION('ref_axis',(0.,0.,1.));
#12079=DIRECTION('center_axis',(1.,0.,0.));
#12080=DIRECTION('ref_axis',(0.,0.,-1.));
#12081=DIRECTION('center_axis',(1.,0.,0.));
#12082=DIRECTION('ref_axis',(0.,0.,1.));
#12083=DIRECTION('center_axis',(1.,0.,0.));
#12084=DIRECTION('ref_axis',(0.,0.,-1.));
#12085=DIRECTION('',(-1.,0.,0.));
#12086=DIRECTION('center_axis',(0.,0.,-1.));
#12087=DIRECTION('ref_axis',(0.,-1.,0.));
#12088=DIRECTION('',(0.,-1.,0.));
#12089=DIRECTION('',(-1.,0.,0.));
#12090=DIRECTION('center_axis',(0.,-0.499992958048075,-0.866029469419105));
#12091=DIRECTION('ref_axis',(0.,-0.866029469419105,0.499992958048075));
#12092=DIRECTION('',(0.,-0.866029469419105,0.499992958048075));
#12093=DIRECTION('center_axis',(1.,0.,0.));
#12094=DIRECTION('ref_axis',(0.,1.,0.));
#12095=DIRECTION('',(0.,0.,1.));
#12096=DIRECTION('',(0.,0.,1.));
#12097=DIRECTION('center_axis',(0.,-1.,0.));
#12098=DIRECTION('ref_axis',(0.,0.,-1.));
#12099=DIRECTION('center_axis',(0.,1.,0.));
#12100=DIRECTION('ref_axis',(1.,0.,0.));
#12101=DIRECTION('center_axis',(0.,-1.,0.));
#12102=DIRECTION('ref_axis',(0.,0.,-1.));
#12103=DIRECTION('center_axis',(0.,1.,0.));
#12104=DIRECTION('ref_axis',(1.,0.,0.));
#12105=DIRECTION('center_axis',(0.,1.,0.));
#12106=DIRECTION('ref_axis',(1.,0.,0.));
#12107=DIRECTION('',(0.,0.,-1.));
#12108=DIRECTION('',(-1.,0.,0.));
#12109=DIRECTION('',(1.,0.,0.));
#12110=DIRECTION('',(0.,0.,-1.));
#12111=DIRECTION('',(-1.,0.,0.));
#12112=DIRECTION('',(-1.,0.,0.));
#12113=DIRECTION('',(-1.,0.,0.));
#12114=DIRECTION('',(0.,0.,1.));
#12115=DIRECTION('',(1.,0.,0.));
#12116=DIRECTION('',(-1.,0.,0.));
#12117=DIRECTION('',(1.00575340675835E-17,0.,1.));
#12118=DIRECTION('',(1.,0.,0.));
#12119=DIRECTION('',(0.,0.,1.));
#12120=DIRECTION('',(-0.358979079308869,0.,0.93334560620306));
#12121=DIRECTION('',(1.,0.,0.));
#12122=DIRECTION('',(-0.358979079308867,0.,-0.93334560620306));
#12123=DIRECTION('',(0.,0.,-1.));
#12124=DIRECTION('',(1.,0.,0.));
#12125=DIRECTION('center_axis',(0.,0.,1.));
#12126=DIRECTION('ref_axis',(1.,0.,0.));
#12127=DIRECTION('',(-1.,0.,0.));
#12128=DIRECTION('center_axis',(0.,1.,0.));
#12129=DIRECTION('ref_axis',(1.,0.,0.));
#12130=DIRECTION('center_axis',(0.,1.,0.));
#12131=DIRECTION('ref_axis',(1.,0.,0.));
#12132=DIRECTION('',(0.,0.,-1.));
#12133=DIRECTION('',(-1.,0.,0.));
#12134=DIRECTION('',(1.,0.,0.));
#12135=DIRECTION('',(0.,0.,-1.));
#12136=DIRECTION('',(-1.,0.,0.));
#12137=DIRECTION('',(-1.,0.,0.));
#12138=DIRECTION('',(-1.,0.,0.));
#12139=DIRECTION('',(0.,0.,1.));
#12140=DIRECTION('',(1.,0.,0.));
#12141=DIRECTION('',(-1.,0.,0.));
#12142=DIRECTION('',(1.00575340675835E-17,0.,1.));
#12143=DIRECTION('',(1.,0.,0.));
#12144=DIRECTION('',(-0.358979079308869,0.,0.93334560620306));
#12145=DIRECTION('',(1.,0.,0.));
#12146=DIRECTION('',(1.,0.,0.));
#12147=DIRECTION('',(1.,0.,0.));
#12148=DIRECTION('',(-0.358979079308867,0.,-0.93334560620306));
#12149=DIRECTION('',(1.,0.,0.));
#12150=DIRECTION('center_axis',(0.,0.,1.));
#12151=DIRECTION('ref_axis',(1.,0.,0.));
#12152=DIRECTION('',(-1.,0.,0.));
#12153=DIRECTION('center_axis',(0.,1.,0.));
#12154=DIRECTION('ref_axis',(1.,0.,0.));
#12155=DIRECTION('center_axis',(-1.,0.,0.));
#12156=DIRECTION('ref_axis',(0.,0.,1.));
#12157=DIRECTION('',(0.,-1.,0.));
#12158=DIRECTION('',(0.,0.,-1.));
#12159=DIRECTION('',(0.,-1.,0.));
#12160=DIRECTION('center_axis',(1.,0.,0.));
#12161=DIRECTION('ref_axis',(0.,1.,0.));
#12162=DIRECTION('',(0.,-1.,0.));
#12163=DIRECTION('',(0.,0.,1.));
#12164=DIRECTION('',(0.,-1.,0.));
#12165=DIRECTION('center_axis',(0.,1.,0.));
#12166=DIRECTION('ref_axis',(1.,0.,0.));
#12167=DIRECTION('',(-1.,0.,0.));
#12168=DIRECTION('',(1.,0.,0.));
#12169=DIRECTION('center_axis',(0.,0.,1.));
#12170=DIRECTION('ref_axis',(1.,0.,0.));
#12171=DIRECTION('center_axis',(0.,1.,0.));
#12172=DIRECTION('ref_axis',(1.,0.,0.));
#12173=DIRECTION('',(1.,0.,0.));
#12174=DIRECTION('',(-1.,0.,0.));
#12175=DIRECTION('center_axis',(0.,0.,-1.));
#12176=DIRECTION('ref_axis',(0.,-1.,0.));
#12177=DIRECTION('center_axis',(0.,0.,1.));
#12178=DIRECTION('ref_axis',(1.,0.,0.));
#12179=DIRECTION('center_axis',(0.,0.,1.));
#12180=DIRECTION('ref_axis',(1.,0.,0.));
#12181=DIRECTION('center_axis',(0.,0.,-1.));
#12182=DIRECTION('ref_axis',(0.,-1.,0.));
#12183=DIRECTION('center_axis',(1.,0.,-1.00575340675835E-17));
#12184=DIRECTION('ref_axis',(-1.00575340675835E-17,0.,-1.));
#12185=DIRECTION('',(0.,-1.,0.));
#12186=DIRECTION('',(0.,-1.,0.));
#12187=DIRECTION('',(0.,-1.,0.));
#12188=DIRECTION('',(-7.1598256673571E-17,0.,1.));
#12189=DIRECTION('',(0.,-1.,0.));
#12190=DIRECTION('center_axis',(0.,0.,-1.));
#12191=DIRECTION('ref_axis',(0.,-1.,0.));
#12192=DIRECTION('',(0.,-1.,0.));
#12193=DIRECTION('center_axis',(1.,0.,0.));
#12194=DIRECTION('ref_axis',(0.,1.,0.));
#12195=DIRECTION('',(0.,-1.,0.));
#12196=DIRECTION('center_axis',(0.93334560620306,0.,0.358979079308869));
#12197=DIRECTION('ref_axis',(0.,-1.,0.));
#12198=DIRECTION('',(-0.358979079308869,0.,0.93334560620306));
#12199=DIRECTION('',(0.,-1.,0.));
#12200=DIRECTION('',(0.358979079308869,0.,-0.93334560620306));
#12201=DIRECTION('',(0.,-1.,0.));
#12202=DIRECTION('',(0.,-1.,0.));
#12203=DIRECTION('',(-0.358979079308869,0.,0.93334560620306));
#12204=DIRECTION('center_axis',(0.,0.,-1.));
#12205=DIRECTION('ref_axis',(0.,-1.,0.));
#12206=DIRECTION('',(-1.,0.,0.));
#12207=DIRECTION('',(0.,-1.,0.));
#12208=DIRECTION('center_axis',(-0.93334560620306,0.,0.358979079308867));
#12209=DIRECTION('ref_axis',(0.,1.,0.));
#12210=DIRECTION('',(-0.358979079308867,0.,-0.93334560620306));
#12211=DIRECTION('',(-0.358979079308867,0.,-0.93334560620306));
#12212=DIRECTION('',(0.,-1.,0.));
#12213=DIRECTION('',(0.,-1.,0.));
#12214=DIRECTION('',(0.358979079308867,0.,0.93334560620306));
#12215=DIRECTION('',(0.,1.,0.));
#12216=DIRECTION('center_axis',(-1.,0.,0.));
#12217=DIRECTION('ref_axis',(0.,0.,1.));
#12218=DIRECTION('',(0.,-1.,0.));
#12219=DIRECTION('center_axis',(0.,0.,-1.));
#12220=DIRECTION('ref_axis',(0.,-1.,0.));
#12221=DIRECTION('',(0.,-1.,0.));
#12222=DIRECTION('center_axis',(-1.,0.,0.));
#12223=DIRECTION('ref_axis',(0.,0.,1.));
#12224=DIRECTION('',(0.,-1.,0.));
#12225=DIRECTION('',(0.,0.,-1.));
#12226=DIRECTION('',(0.,-1.,0.));
#12227=DIRECTION('',(0.,-1.,0.));
#12228=DIRECTION('center_axis',(0.,0.,1.));
#12229=DIRECTION('ref_axis',(1.,0.,0.));
#12230=DIRECTION('center_axis',(0.,0.,1.));
#12231=DIRECTION('ref_axis',(1.,0.,0.));
#12232=DIRECTION('center_axis',(-1.,0.,0.));
#12233=DIRECTION('ref_axis',(0.,0.,1.));
#12234=DIRECTION('',(0.,-1.,0.));
#12235=DIRECTION('',(0.,0.,-1.));
#12236=DIRECTION('',(0.,-1.,0.));
#12237=DIRECTION('center_axis',(1.,0.,0.));
#12238=DIRECTION('ref_axis',(0.,1.,0.));
#12239=DIRECTION('',(0.,-1.,0.));
#12240=DIRECTION('',(0.,0.,1.));
#12241=DIRECTION('',(0.,-1.,0.));
#12242=DIRECTION('center_axis',(0.,1.,0.));
#12243=DIRECTION('ref_axis',(1.,0.,0.));
#12244=DIRECTION('',(-1.,0.,0.));
#12245=DIRECTION('',(1.,0.,0.));
#12246=DIRECTION('center_axis',(0.,0.,1.));
#12247=DIRECTION('ref_axis',(1.,0.,0.));
#12248=DIRECTION('center_axis',(0.,1.,0.));
#12249=DIRECTION('ref_axis',(1.,0.,0.));
#12250=DIRECTION('',(1.,0.,0.));
#12251=DIRECTION('',(-1.,0.,0.));
#12252=DIRECTION('center_axis',(0.,0.,-1.));
#12253=DIRECTION('ref_axis',(0.,-1.,0.));
#12254=DIRECTION('center_axis',(0.,0.,1.));
#12255=DIRECTION('ref_axis',(1.,0.,0.));
#12256=DIRECTION('center_axis',(0.,0.,1.));
#12257=DIRECTION('ref_axis',(1.,0.,0.));
#12258=DIRECTION('center_axis',(0.,0.,-1.));
#12259=DIRECTION('ref_axis',(0.,-1.,0.));
#12260=DIRECTION('center_axis',(1.,0.,-1.00575340675835E-17));
#12261=DIRECTION('ref_axis',(-1.00575340675835E-17,0.,-1.));
#12262=DIRECTION('',(0.,-1.,0.));
#12263=DIRECTION('',(0.,-1.,0.));
#12264=DIRECTION('',(0.,-1.,0.));
#12265=DIRECTION('',(-7.1598256673571E-17,0.,1.));
#12266=DIRECTION('',(0.,-1.,0.));
#12267=DIRECTION('center_axis',(0.,0.,-1.));
#12268=DIRECTION('ref_axis',(0.,-1.,0.));
#12269=DIRECTION('center_axis',(0.,0.,-1.));
#12270=DIRECTION('ref_axis',(0.,-1.,0.));
#12271=DIRECTION('',(-1.,0.,0.));
#12272=DIRECTION('center_axis',(0.,0.,-1.));
#12273=DIRECTION('ref_axis',(0.,-1.,0.));
#12274=DIRECTION('',(0.,-1.,0.));
#12275=DIRECTION('center_axis',(-1.,0.,0.));
#12276=DIRECTION('ref_axis',(0.,0.,1.));
#12277=DIRECTION('',(0.,-1.,0.));
#12278=DIRECTION('',(0.,0.,-1.));
#12279=DIRECTION('',(0.,-1.,0.));
#12280=DIRECTION('',(0.,-1.,0.));
#12281=DIRECTION('center_axis',(0.,0.,1.));
#12282=DIRECTION('ref_axis',(1.,0.,0.));
#12283=DIRECTION('center_axis',(0.,0.,1.));
#12284=DIRECTION('ref_axis',(1.,0.,0.));
#12285=DIRECTION('center_axis',(0.,0.,1.));
#12286=DIRECTION('ref_axis',(1.,0.,0.));
#12287=DIRECTION('',(-1.,0.,0.));
#12288=DIRECTION('center_axis',(0.,1.,0.));
#12289=DIRECTION('ref_axis',(1.,0.,0.));
#12290=DIRECTION('center_axis',(0.,0.,1.));
#12291=DIRECTION('ref_axis',(1.,0.,0.));
#12292=DIRECTION('',(0.,-1.,0.));
#12293=DIRECTION('',(-1.,0.,0.));
#12294=DIRECTION('',(0.,-1.,0.));
#12295=DIRECTION('center_axis',(0.93334560620306,0.,0.358979079308869));
#12296=DIRECTION('ref_axis',(0.,-1.,0.));
#12297=DIRECTION('',(-0.358979079308869,0.,0.93334560620306));
#12298=DIRECTION('',(0.,-1.,0.));
#12299=DIRECTION('center_axis',(0.,0.,-1.));
#12300=DIRECTION('ref_axis',(0.,-1.,0.));
#12301=DIRECTION('',(1.,0.,0.));
#12302=DIRECTION('',(0.,-1.,0.));
#12303=DIRECTION('center_axis',(-0.93334560620306,0.,0.358979079308867));
#12304=DIRECTION('ref_axis',(0.,1.,0.));
#12305=DIRECTION('',(-0.358979079308867,0.,-0.93334560620306));
#12306=DIRECTION('center_axis',(0.,1.,0.));
#12307=DIRECTION('ref_axis',(1.,0.,0.));
#12308=DIRECTION('center_axis',(0.,0.,1.));
#12309=DIRECTION('ref_axis',(1.,0.,0.));
#12310=DIRECTION('',(-1.,0.,0.));
#12311=DIRECTION('center_axis',(0.,0.,-1.));
#12312=DIRECTION('ref_axis',(0.,-1.,0.));
#12313=DIRECTION('',(1.,0.,0.));
#12314=DIRECTION('center_axis',(0.,1.,0.));
#12315=DIRECTION('ref_axis',(1.,0.,0.));
#12316=DIRECTION('center_axis',(0.,0.,1.));
#12317=DIRECTION('ref_axis',(1.,0.,0.));
#12318=DIRECTION('',(-1.,0.,0.));
#12319=DIRECTION('center_axis',(0.,0.,-1.));
#12320=DIRECTION('ref_axis',(0.,-1.,0.));
#12321=DIRECTION('',(1.,0.,0.));
#12322=DIRECTION('center_axis',(0.,1.,0.));
#12323=DIRECTION('ref_axis',(1.,0.,0.));
#12324=DIRECTION('center_axis',(0.,1.,0.));
#12325=DIRECTION('ref_axis',(1.,0.,0.));
#12326=DIRECTION('',(-0.866025403784438,0.,-0.500000000000001));
#12327=DIRECTION('',(0.,0.,1.));
#12328=DIRECTION('',(0.866025403784439,0.,-0.499999999999999));
#12329=DIRECTION('center_axis',(1.,0.,0.));
#12330=DIRECTION('ref_axis',(0.,1.,0.));
#12331=DIRECTION('center_axis',(-0.499999999999999,0.,-0.866025403784439));
#12332=DIRECTION('ref_axis',(-0.866025403784439,0.,0.499999999999999));
#12333=DIRECTION('center_axis',(-0.500000000000001,0.,0.866025403784438));
#12334=DIRECTION('ref_axis',(0.,1.,0.));
#12335=DIRECTION('center_axis',(0.,1.,0.));
#12336=DIRECTION('ref_axis',(1.,0.,0.));
#12337=DIRECTION('',(0.866025403784439,0.,0.5));
#12338=DIRECTION('',(0.,0.,-1.));
#12339=DIRECTION('',(-0.866025403784439,0.,0.499999999999999));
#12340=DIRECTION('center_axis',(-0.5,0.,0.866025403784439));
#12341=DIRECTION('ref_axis',(0.,1.,0.));
#12342=DIRECTION('center_axis',(1.,0.,0.));
#12343=DIRECTION('ref_axis',(0.,1.,0.));
#12344=DIRECTION('center_axis',(-0.5,0.,-0.866025403784439));
#12345=DIRECTION('ref_axis',(-0.866025403784439,0.,0.5));
#12346=DIRECTION('center_axis',(-0.500000000000002,0.,0.866025403784437));
#12347=DIRECTION('ref_axis',(0.,1.,0.));
#12348=DIRECTION('',(0.866025403784437,0.,0.500000000000002));
#12349=DIRECTION('center_axis',(1.,0.,0.));
#12350=DIRECTION('ref_axis',(0.,1.,0.));
#12351=DIRECTION('',(0.,0.,-1.));
#12352=DIRECTION('center_axis',(-0.500000000000002,0.,-0.866025403784437));
#12353=DIRECTION('ref_axis',(-0.866025403784437,0.,0.500000000000002));
#12354=DIRECTION('',(-0.866025403784437,0.,0.500000000000002));
#12355=DIRECTION('center_axis',(0.,1.,0.));
#12356=DIRECTION('ref_axis',(1.,0.,0.));
#12357=DIRECTION('center_axis',(1.,0.,0.));
#12358=DIRECTION('ref_axis',(0.,1.,0.));
#12359=DIRECTION('',(0.,0.,1.));
#12360=DIRECTION('center_axis',(-0.500000000000001,0.,-0.866025403784438));
#12361=DIRECTION('ref_axis',(-0.866025403784438,0.,0.500000000000001));
#12362=DIRECTION('',(0.866025403784438,0.,-0.500000000000001));
#12363=DIRECTION('center_axis',(-0.500000000000002,0.,0.866025403784438));
#12364=DIRECTION('ref_axis',(0.,1.,0.));
#12365=DIRECTION('',(-0.866025403784438,0.,-0.500000000000002));
#12366=DIRECTION('center_axis',(0.,1.,0.));
#12367=DIRECTION('ref_axis',(1.,0.,0.));
#12368=DIRECTION('center_axis',(-1.,2.35696124453371E-17,0.));
#12369=DIRECTION('ref_axis',(0.,0.,1.));
#12370=DIRECTION('',(0.,0.,1.));
#12371=DIRECTION('',(-2.35696124453371E-17,-1.,0.));
#12372=DIRECTION('',(0.,0.,1.));
#12373=DIRECTION('',(0.,0.,1.));
#12374=DIRECTION('',(0.,0.,1.));
#12375=DIRECTION('center_axis',(0.,1.,0.));
#12376=DIRECTION('ref_axis',(1.,0.,0.));
#12377=DIRECTION('',(-1.,0.,0.));
#12378=DIRECTION('center_axis',(0.,1.,0.));
#12379=DIRECTION('ref_axis',(1.,0.,0.));
#12380=DIRECTION('',(0.,0.,1.));
#12381=DIRECTION('center_axis',(0.,-1.,0.));
#12382=DIRECTION('ref_axis',(0.,0.,-1.));
#12383=DIRECTION('',(1.,0.,0.));
#12384=DIRECTION('center_axis',(0.,-1.,0.));
#12385=DIRECTION('ref_axis',(0.,0.,-1.));
#12386=DIRECTION('',(0.,0.,1.));
#12387=DIRECTION('center_axis',(1.,0.,0.));
#12388=DIRECTION('ref_axis',(0.,1.,0.));
#12389=DIRECTION('',(0.,0.,1.));
#12390=DIRECTION('',(0.,1.,0.));
#12391=DIRECTION('',(0.,0.,1.));
#12392=DIRECTION('center_axis',(0.,0.,1.));
#12393=DIRECTION('ref_axis',(1.,0.,0.));
#12394=DIRECTION('center_axis',(0.,1.,0.));
#12395=DIRECTION('ref_axis',(1.,0.,0.));
#12396=DIRECTION('',(-1.,0.,0.));
#12397=DIRECTION('center_axis',(0.,-1.,0.));
#12398=DIRECTION('ref_axis',(0.,0.,-1.));
#12399=DIRECTION('',(1.,0.,0.));
#12400=DIRECTION('center_axis',(0.,0.,1.));
#12401=DIRECTION('ref_axis',(1.,0.,0.));
#12402=DIRECTION('center_axis',(0.,0.,1.));
#12403=DIRECTION('ref_axis',(1.,0.,0.));
#12404=DIRECTION('',(-1.,0.,0.));
#12405=DIRECTION('',(-2.35696124453371E-17,-1.,0.));
#12406=DIRECTION('',(1.,0.,0.));
#12407=DIRECTION('center_axis',(0.,1.,0.));
#12408=DIRECTION('ref_axis',(1.,0.,0.));
#12409=DIRECTION('',(0.,0.,1.));
#12410=DIRECTION('center_axis',(0.,1.,0.));
#12411=DIRECTION('ref_axis',(1.,0.,0.));
#12412=DIRECTION('',(-1.,0.,0.));
#12413=DIRECTION('',(0.,0.,1.));
#12414=DIRECTION('center_axis',(-1.,2.35696124453371E-17,0.));
#12415=DIRECTION('ref_axis',(0.,0.,1.));
#12416=DIRECTION('',(0.,0.,1.));
#12417=DIRECTION('',(0.,0.,1.));
#12418=DIRECTION('',(0.,0.,1.));
#12419=DIRECTION('center_axis',(0.,-1.,0.));
#12420=DIRECTION('ref_axis',(0.,0.,-1.));
#12421=DIRECTION('center_axis',(0.,-1.,0.));
#12422=DIRECTION('ref_axis',(0.,0.,-1.));
#12423=DIRECTION('',(0.,0.,1.));
#12424=DIRECTION('',(1.,0.,0.));
#12425=DIRECTION('center_axis',(1.,0.,0.));
#12426=DIRECTION('ref_axis',(0.,1.,0.));
#12427=DIRECTION('',(0.,1.,0.));
#12428=DIRECTION('',(0.,0.,1.));
#12429=DIRECTION('',(0.,0.,1.));
#12430=DIRECTION('center_axis',(0.,1.,0.));
#12431=DIRECTION('ref_axis',(1.,0.,0.));
#12432=DIRECTION('center_axis',(0.,-1.,0.));
#12433=DIRECTION('ref_axis',(0.,0.,-1.));
#12434=DIRECTION('center_axis',(0.,0.,1.));
#12435=DIRECTION('ref_axis',(1.,0.,0.));
#12436=DIRECTION('center_axis',(1.,0.,0.));
#12437=DIRECTION('ref_axis',(0.,1.,0.));
#12438=DIRECTION('center_axis',(1.,0.,0.));
#12439=DIRECTION('ref_axis',(0.,1.,0.));
#12440=DIRECTION('center_axis',(1.,0.,0.));
#12441=DIRECTION('ref_axis',(0.,1.,0.));
#12442=DIRECTION('center_axis',(1.,0.,0.));
#12443=DIRECTION('ref_axis',(0.,1.,0.));
#12444=DIRECTION('center_axis',(1.,0.,0.));
#12445=DIRECTION('ref_axis',(0.,1.,0.));
#12446=DIRECTION('',(0.,-1.,0.));
#12447=DIRECTION('',(0.,0.,1.));
#12448=DIRECTION('center_axis',(1.,0.,0.));
#12449=DIRECTION('ref_axis',(0.,0.,-1.));
#12450=DIRECTION('center_axis',(1.,0.,0.));
#12451=DIRECTION('ref_axis',(0.,0.,-1.));
#12452=DIRECTION('center_axis',(1.,0.,0.));
#12453=DIRECTION('ref_axis',(0.,0.,-1.));
#12454=DIRECTION('center_axis',(1.,0.,0.));
#12455=DIRECTION('ref_axis',(0.,0.,-1.));
#12456=DIRECTION('center_axis',(1.,0.,0.));
#12457=DIRECTION('ref_axis',(0.,0.,-1.));
#12458=DIRECTION('center_axis',(1.,0.,0.));
#12459=DIRECTION('ref_axis',(0.,0.,-1.));
#12460=DIRECTION('center_axis',(1.,0.,0.));
#12461=DIRECTION('ref_axis',(0.,0.,-1.));
#12462=DIRECTION('center_axis',(1.,0.,0.));
#12463=DIRECTION('ref_axis',(0.,0.,-1.));
#12464=DIRECTION('center_axis',(1.,0.,0.));
#12465=DIRECTION('ref_axis',(0.,0.,-1.));
#12466=DIRECTION('center_axis',(1.,0.,0.));
#12467=DIRECTION('ref_axis',(0.,0.,-1.));
#12468=DIRECTION('center_axis',(1.,0.,0.));
#12469=DIRECTION('ref_axis',(0.,0.,-1.));
#12470=DIRECTION('center_axis',(1.,0.,0.));
#12471=DIRECTION('ref_axis',(0.,0.,-1.));
#12472=DIRECTION('center_axis',(1.,0.,0.));
#12473=DIRECTION('ref_axis',(0.,0.,-1.));
#12474=DIRECTION('center_axis',(1.,0.,0.));
#12475=DIRECTION('ref_axis',(0.,0.,-1.));
#12476=DIRECTION('center_axis',(1.,0.,0.));
#12477=DIRECTION('ref_axis',(0.,0.,-1.));
#12478=DIRECTION('center_axis',(1.,0.,0.));
#12479=DIRECTION('ref_axis',(0.,0.,-1.));
#12480=DIRECTION('center_axis',(1.,0.,0.));
#12481=DIRECTION('ref_axis',(0.,0.,-1.));
#12482=DIRECTION('center_axis',(1.,0.,0.));
#12483=DIRECTION('ref_axis',(0.,0.,-1.));
#12484=DIRECTION('center_axis',(-1.,0.,0.));
#12485=DIRECTION('ref_axis',(0.,0.118847189230308,-0.992912556881046));
#12486=DIRECTION('center_axis',(1.,0.,0.));
#12487=DIRECTION('ref_axis',(0.,0.,-1.));
#12488=DIRECTION('',(0.,4.736230351084E-15,-1.));
#12489=DIRECTION('',(0.,-1.,0.));
#12490=DIRECTION('',(0.,1.22009412305156E-14,1.));
#12491=DIRECTION('center_axis',(1.,0.,0.));
#12492=DIRECTION('ref_axis',(0.,0.,-1.));
#12493=DIRECTION('center_axis',(1.,0.,0.));
#12494=DIRECTION('ref_axis',(0.,0.,-1.));
#12495=DIRECTION('center_axis',(1.,0.,0.));
#12496=DIRECTION('ref_axis',(0.,0.,-1.));
#12497=DIRECTION('center_axis',(1.,0.,0.));
#12498=DIRECTION('ref_axis',(0.,0.,-1.));
#12499=DIRECTION('center_axis',(1.,0.,0.));
#12500=DIRECTION('ref_axis',(0.,0.,-1.));
#12501=DIRECTION('center_axis',(1.,0.,0.));
#12502=DIRECTION('ref_axis',(0.,0.,-1.));
#12503=DIRECTION('center_axis',(1.,0.,0.));
#12504=DIRECTION('ref_axis',(0.,0.,-1.));
#12505=DIRECTION('center_axis',(1.,0.,0.));
#12506=DIRECTION('ref_axis',(0.,0.,-1.));
#12507=DIRECTION('center_axis',(1.,0.,0.));
#12508=DIRECTION('ref_axis',(0.,0.,-1.));
#12509=DIRECTION('center_axis',(1.,0.,0.));
#12510=DIRECTION('ref_axis',(0.,0.,-1.));
#12511=DIRECTION('center_axis',(1.,0.,0.));
#12512=DIRECTION('ref_axis',(0.,0.,-1.));
#12513=DIRECTION('center_axis',(1.,0.,0.));
#12514=DIRECTION('ref_axis',(0.,0.,-1.));
#12515=DIRECTION('center_axis',(1.,0.,0.));
#12516=DIRECTION('ref_axis',(0.,0.,-1.));
#12517=DIRECTION('center_axis',(1.,0.,0.));
#12518=DIRECTION('ref_axis',(0.,0.,-1.));
#12519=DIRECTION('center_axis',(1.,0.,0.));
#12520=DIRECTION('ref_axis',(0.,0.,-1.));
#12521=DIRECTION('center_axis',(1.,0.,0.));
#12522=DIRECTION('ref_axis',(0.,0.,-1.));
#12523=DIRECTION('center_axis',(1.,0.,0.));
#12524=DIRECTION('ref_axis',(0.,0.,-1.));
#12525=DIRECTION('center_axis',(1.,0.,0.));
#12526=DIRECTION('ref_axis',(0.,0.,-1.));
#12527=DIRECTION('center_axis',(1.,0.,0.));
#12528=DIRECTION('ref_axis',(0.,0.,-1.));
#12529=DIRECTION('center_axis',(1.,0.,0.));
#12530=DIRECTION('ref_axis',(0.,0.,-1.));
#12531=DIRECTION('',(0.,5.75634150362782E-15,-1.));
#12532=DIRECTION('center_axis',(1.,0.,0.));
#12533=DIRECTION('ref_axis',(0.,1.,0.));
#12534=DIRECTION('center_axis',(1.,0.,0.));
#12535=DIRECTION('ref_axis',(0.,1.,0.));
#12536=DIRECTION('center_axis',(1.,0.,0.));
#12537=DIRECTION('ref_axis',(0.,1.,0.));
#12538=DIRECTION('center_axis',(1.,0.,0.));
#12539=DIRECTION('ref_axis',(0.,1.,0.));
#12540=DIRECTION('center_axis',(1.,0.,0.));
#12541=DIRECTION('ref_axis',(0.,0.,-1.));
#12542=DIRECTION('center_axis',(1.,0.,0.));
#12543=DIRECTION('ref_axis',(0.,0.,-1.));
#12544=DIRECTION('center_axis',(1.,0.,0.));
#12545=DIRECTION('ref_axis',(0.,0.,-1.));
#12546=DIRECTION('center_axis',(1.,0.,0.));
#12547=DIRECTION('ref_axis',(0.,0.,-1.));
#12548=DIRECTION('center_axis',(1.,0.,0.));
#12549=DIRECTION('ref_axis',(0.,0.,-1.));
#12550=DIRECTION('center_axis',(1.,0.,0.));
#12551=DIRECTION('ref_axis',(0.,0.,-1.));
#12552=DIRECTION('center_axis',(1.,0.,0.));
#12553=DIRECTION('ref_axis',(0.,0.,-1.));
#12554=DIRECTION('center_axis',(1.,0.,0.));
#12555=DIRECTION('ref_axis',(0.,0.,-1.));
#12556=DIRECTION('center_axis',(1.,0.,0.));
#12557=DIRECTION('ref_axis',(0.,0.,-1.));
#12558=DIRECTION('center_axis',(1.,0.,0.));
#12559=DIRECTION('ref_axis',(0.,0.,-1.));
#12560=DIRECTION('center_axis',(1.,0.,0.));
#12561=DIRECTION('ref_axis',(0.,0.,-1.));
#12562=DIRECTION('center_axis',(1.,0.,0.));
#12563=DIRECTION('ref_axis',(0.,0.,-1.));
#12564=DIRECTION('center_axis',(1.,0.,0.));
#12565=DIRECTION('ref_axis',(0.,0.,-1.));
#12566=DIRECTION('center_axis',(1.,0.,0.));
#12567=DIRECTION('ref_axis',(0.,0.,-1.));
#12568=DIRECTION('center_axis',(1.,0.,0.));
#12569=DIRECTION('ref_axis',(0.,0.,-1.));
#12570=DIRECTION('center_axis',(1.,0.,0.));
#12571=DIRECTION('ref_axis',(0.,0.,-1.));
#12572=DIRECTION('center_axis',(1.,0.,0.));
#12573=DIRECTION('ref_axis',(0.,0.,-1.));
#12574=DIRECTION('center_axis',(1.,0.,0.));
#12575=DIRECTION('ref_axis',(0.,0.,-1.));
#12576=DIRECTION('center_axis',(1.,0.,0.));
#12577=DIRECTION('ref_axis',(0.,0.,-1.));
#12578=DIRECTION('center_axis',(1.,0.,0.));
#12579=DIRECTION('ref_axis',(0.,0.,-1.));
#12580=DIRECTION('center_axis',(1.,0.,0.));
#12581=DIRECTION('ref_axis',(0.,0.,-1.));
#12582=DIRECTION('center_axis',(1.,0.,0.));
#12583=DIRECTION('ref_axis',(0.,0.,-1.));
#12584=DIRECTION('center_axis',(1.,0.,0.));
#12585=DIRECTION('ref_axis',(0.,0.,-1.));
#12586=DIRECTION('center_axis',(-1.,0.,0.));
#12587=DIRECTION('ref_axis',(0.,0.987604743581262,-0.156961366124882));
#12588=DIRECTION('center_axis',(1.,0.,0.));
#12589=DIRECTION('ref_axis',(0.,0.,-1.));
#12590=DIRECTION('center_axis',(1.,0.,0.));
#12591=DIRECTION('ref_axis',(0.,0.,-1.));
#12592=DIRECTION('center_axis',(1.,0.,0.));
#12593=DIRECTION('ref_axis',(0.,0.,-1.));
#12594=DIRECTION('center_axis',(1.,0.,0.));
#12595=DIRECTION('ref_axis',(0.,0.,-1.));
#12596=DIRECTION('center_axis',(1.,0.,0.));
#12597=DIRECTION('ref_axis',(0.,0.,-1.));
#12598=DIRECTION('center_axis',(1.,0.,0.));
#12599=DIRECTION('ref_axis',(0.,0.,-1.));
#12600=DIRECTION('center_axis',(1.,0.,0.));
#12601=DIRECTION('ref_axis',(0.,0.,-1.));
#12602=DIRECTION('center_axis',(1.,0.,0.));
#12603=DIRECTION('ref_axis',(0.,0.,-1.));
#12604=DIRECTION('center_axis',(1.,0.,0.));
#12605=DIRECTION('ref_axis',(0.,0.,-1.));
#12606=DIRECTION('center_axis',(1.,0.,0.));
#12607=DIRECTION('ref_axis',(0.,0.,-1.));
#12608=DIRECTION('center_axis',(1.,0.,0.));
#12609=DIRECTION('ref_axis',(0.,0.,-1.));
#12610=DIRECTION('center_axis',(1.,0.,0.));
#12611=DIRECTION('ref_axis',(0.,0.,-1.));
#12612=DIRECTION('center_axis',(1.,0.,0.));
#12613=DIRECTION('ref_axis',(0.,0.,-1.));
#12614=DIRECTION('center_axis',(1.,0.,0.));
#12615=DIRECTION('ref_axis',(0.,0.,-1.));
#12616=DIRECTION('center_axis',(1.,0.,0.));
#12617=DIRECTION('ref_axis',(0.,0.,-1.));
#12618=DIRECTION('center_axis',(1.,0.,0.));
#12619=DIRECTION('ref_axis',(0.,0.,-1.));
#12620=DIRECTION('center_axis',(1.,0.,0.));
#12621=DIRECTION('ref_axis',(0.,1.,0.));
#12622=DIRECTION('center_axis',(1.,0.,0.));
#12623=DIRECTION('ref_axis',(0.,1.,0.));
#12624=DIRECTION('center_axis',(1.,0.,0.));
#12625=DIRECTION('ref_axis',(0.,1.,0.));
#12626=DIRECTION('center_axis',(1.,0.,0.));
#12627=DIRECTION('ref_axis',(0.,1.,0.));
#12628=DIRECTION('center_axis',(1.,0.,0.));
#12629=DIRECTION('ref_axis',(0.,1.,0.));
#12630=DIRECTION('center_axis',(1.,0.,0.));
#12631=DIRECTION('ref_axis',(0.,0.,-1.));
#12632=DIRECTION('center_axis',(1.,0.,0.));
#12633=DIRECTION('ref_axis',(0.,0.,-1.));
#12634=DIRECTION('center_axis',(1.,0.,0.));
#12635=DIRECTION('ref_axis',(0.,0.,-1.));
#12636=DIRECTION('center_axis',(1.,0.,0.));
#12637=DIRECTION('ref_axis',(0.,0.,-1.));
#12638=DIRECTION('center_axis',(1.,0.,0.));
#12639=DIRECTION('ref_axis',(0.,0.,-1.));
#12640=DIRECTION('center_axis',(1.,0.,0.));
#12641=DIRECTION('ref_axis',(0.,0.,-1.));
#12642=DIRECTION('center_axis',(1.,0.,0.));
#12643=DIRECTION('ref_axis',(0.,0.,-1.));
#12644=DIRECTION('center_axis',(1.,0.,0.));
#12645=DIRECTION('ref_axis',(0.,0.,-1.));
#12646=DIRECTION('center_axis',(1.,0.,0.));
#12647=DIRECTION('ref_axis',(0.,0.,-1.));
#12648=DIRECTION('center_axis',(1.,0.,0.));
#12649=DIRECTION('ref_axis',(0.,0.,-1.));
#12650=DIRECTION('center_axis',(1.,0.,0.));
#12651=DIRECTION('ref_axis',(0.,0.,-1.));
#12652=DIRECTION('center_axis',(1.,0.,0.));
#12653=DIRECTION('ref_axis',(0.,0.,-1.));
#12654=DIRECTION('center_axis',(1.,0.,0.));
#12655=DIRECTION('ref_axis',(0.,0.,-1.));
#12656=DIRECTION('center_axis',(1.,0.,0.));
#12657=DIRECTION('ref_axis',(0.,0.,-1.));
#12658=DIRECTION('center_axis',(1.,0.,0.));
#12659=DIRECTION('ref_axis',(0.,0.,-1.));
#12660=DIRECTION('center_axis',(1.,0.,0.));
#12661=DIRECTION('ref_axis',(0.,0.,-1.));
#12662=DIRECTION('center_axis',(1.,0.,0.));
#12663=DIRECTION('ref_axis',(0.,0.,-1.));
#12664=DIRECTION('center_axis',(1.,0.,0.));
#12665=DIRECTION('ref_axis',(0.,0.,-1.));
#12666=DIRECTION('center_axis',(1.,0.,0.));
#12667=DIRECTION('ref_axis',(0.,0.,-1.));
#12668=DIRECTION('center_axis',(1.,0.,0.));
#12669=DIRECTION('ref_axis',(0.,0.,-1.));
#12670=DIRECTION('center_axis',(1.,0.,0.));
#12671=DIRECTION('ref_axis',(0.,0.,-1.));
#12672=DIRECTION('center_axis',(1.,0.,0.));
#12673=DIRECTION('ref_axis',(0.,0.,-1.));
#12674=DIRECTION('center_axis',(1.,0.,0.));
#12675=DIRECTION('ref_axis',(0.,0.,-1.));
#12676=DIRECTION('center_axis',(1.,0.,0.));
#12677=DIRECTION('ref_axis',(0.,0.,-1.));
#12678=DIRECTION('center_axis',(1.,0.,0.));
#12679=DIRECTION('ref_axis',(0.,0.,-1.));
#12680=DIRECTION('center_axis',(1.,0.,0.));
#12681=DIRECTION('ref_axis',(0.,0.,-1.));
#12682=DIRECTION('center_axis',(1.,0.,0.));
#12683=DIRECTION('ref_axis',(0.,0.,-1.));
#12684=DIRECTION('center_axis',(1.,0.,0.));
#12685=DIRECTION('ref_axis',(0.,0.,-1.));
#12686=DIRECTION('center_axis',(1.,0.,0.));
#12687=DIRECTION('ref_axis',(0.,0.,-1.));
#12688=DIRECTION('center_axis',(1.,0.,0.));
#12689=DIRECTION('ref_axis',(0.,0.,-1.));
#12690=DIRECTION('center_axis',(1.,0.,0.));
#12691=DIRECTION('ref_axis',(0.,0.,-1.));
#12692=DIRECTION('center_axis',(1.,0.,0.));
#12693=DIRECTION('ref_axis',(0.,0.,-1.));
#12694=DIRECTION('center_axis',(1.,0.,0.));
#12695=DIRECTION('ref_axis',(0.,0.,-1.));
#12696=DIRECTION('center_axis',(1.,0.,0.));
#12697=DIRECTION('ref_axis',(0.,0.,-1.));
#12698=DIRECTION('center_axis',(1.,0.,0.));
#12699=DIRECTION('ref_axis',(0.,0.,-1.));
#12700=DIRECTION('center_axis',(1.,0.,0.));
#12701=DIRECTION('ref_axis',(0.,0.,-1.));
#12702=DIRECTION('center_axis',(1.,0.,0.));
#12703=DIRECTION('ref_axis',(0.,0.,-1.));
#12704=DIRECTION('center_axis',(1.,0.,0.));
#12705=DIRECTION('ref_axis',(0.,0.,-1.));
#12706=DIRECTION('center_axis',(1.,0.,0.));
#12707=DIRECTION('ref_axis',(0.,0.,-1.));
#12708=DIRECTION('center_axis',(1.,0.,0.));
#12709=DIRECTION('ref_axis',(0.,0.,-1.));
#12710=DIRECTION('center_axis',(1.,0.,0.));
#12711=DIRECTION('ref_axis',(0.,0.,-1.));
#12712=DIRECTION('center_axis',(1.,0.,0.));
#12713=DIRECTION('ref_axis',(0.,1.,0.));
#12714=DIRECTION('center_axis',(1.,0.,0.));
#12715=DIRECTION('ref_axis',(0.,1.,0.));
#12716=DIRECTION('center_axis',(1.,0.,0.));
#12717=DIRECTION('ref_axis',(0.,0.,-1.));
#12718=DIRECTION('center_axis',(1.,0.,0.));
#12719=DIRECTION('ref_axis',(0.,0.,-1.));
#12720=DIRECTION('center_axis',(1.,0.,0.));
#12721=DIRECTION('ref_axis',(0.,0.,-1.));
#12722=DIRECTION('center_axis',(1.,0.,0.));
#12723=DIRECTION('ref_axis',(0.,0.,-1.));
#12724=DIRECTION('center_axis',(1.,0.,0.));
#12725=DIRECTION('ref_axis',(0.,0.,-1.));
#12726=DIRECTION('center_axis',(1.,0.,0.));
#12727=DIRECTION('ref_axis',(0.,0.,-1.));
#12728=DIRECTION('center_axis',(1.,0.,0.));
#12729=DIRECTION('ref_axis',(0.,0.,-1.));
#12730=DIRECTION('center_axis',(1.,0.,0.));
#12731=DIRECTION('ref_axis',(0.,0.,-1.));
#12732=DIRECTION('center_axis',(1.,0.,0.));
#12733=DIRECTION('ref_axis',(0.,0.,-1.));
#12734=DIRECTION('center_axis',(1.,0.,0.));
#12735=DIRECTION('ref_axis',(0.,0.,-1.));
#12736=DIRECTION('center_axis',(1.,0.,0.));
#12737=DIRECTION('ref_axis',(0.,0.,-1.));
#12738=DIRECTION('center_axis',(1.,0.,0.));
#12739=DIRECTION('ref_axis',(0.,0.,-1.));
#12740=DIRECTION('center_axis',(1.,0.,0.));
#12741=DIRECTION('ref_axis',(0.,0.,-1.));
#12742=DIRECTION('center_axis',(1.,0.,0.));
#12743=DIRECTION('ref_axis',(0.,0.,-1.));
#12744=DIRECTION('center_axis',(1.,0.,0.));
#12745=DIRECTION('ref_axis',(0.,0.,-1.));
#12746=DIRECTION('center_axis',(1.,0.,0.));
#12747=DIRECTION('ref_axis',(0.,0.,-1.));
#12748=DIRECTION('center_axis',(1.,0.,0.));
#12749=DIRECTION('ref_axis',(0.,0.,-1.));
#12750=DIRECTION('center_axis',(1.,0.,0.));
#12751=DIRECTION('ref_axis',(0.,0.,-1.));
#12752=DIRECTION('center_axis',(1.,0.,0.));
#12753=DIRECTION('ref_axis',(0.,0.,-1.));
#12754=DIRECTION('center_axis',(1.,0.,0.));
#12755=DIRECTION('ref_axis',(0.,0.,-1.));
#12756=DIRECTION('center_axis',(1.,0.,0.));
#12757=DIRECTION('ref_axis',(0.,0.,-1.));
#12758=DIRECTION('center_axis',(1.,0.,0.));
#12759=DIRECTION('ref_axis',(0.,0.,-1.));
#12760=DIRECTION('center_axis',(1.,0.,0.));
#12761=DIRECTION('ref_axis',(0.,0.,-1.));
#12762=DIRECTION('center_axis',(1.,0.,0.));
#12763=DIRECTION('ref_axis',(0.,0.,-1.));
#12764=DIRECTION('center_axis',(1.,0.,0.));
#12765=DIRECTION('ref_axis',(0.,0.,-1.));
#12766=DIRECTION('center_axis',(1.,0.,0.));
#12767=DIRECTION('ref_axis',(0.,0.,-1.));
#12768=DIRECTION('center_axis',(-1.,0.,0.));
#12769=DIRECTION('ref_axis',(0.,0.370740847678879,-0.928736358641324));
#12770=DIRECTION('center_axis',(1.,0.,0.));
#12771=DIRECTION('ref_axis',(0.,0.,-1.));
#12772=DIRECTION('center_axis',(1.,0.,0.));
#12773=DIRECTION('ref_axis',(0.,0.,-1.));
#12774=DIRECTION('center_axis',(1.,0.,0.));
#12775=DIRECTION('ref_axis',(0.,0.,-1.));
#12776=DIRECTION('center_axis',(1.,0.,0.));
#12777=DIRECTION('ref_axis',(0.,0.,-1.));
#12778=DIRECTION('center_axis',(1.,0.,0.));
#12779=DIRECTION('ref_axis',(0.,0.,-1.));
#12780=DIRECTION('center_axis',(1.,0.,0.));
#12781=DIRECTION('ref_axis',(0.,0.,-1.));
#12782=DIRECTION('center_axis',(1.,0.,0.));
#12783=DIRECTION('ref_axis',(0.,0.,-1.));
#12784=DIRECTION('center_axis',(1.,0.,0.));
#12785=DIRECTION('ref_axis',(0.,0.,-1.));
#12786=DIRECTION('center_axis',(1.,0.,0.));
#12787=DIRECTION('ref_axis',(0.,0.,-1.));
#12788=DIRECTION('center_axis',(1.,0.,0.));
#12789=DIRECTION('ref_axis',(0.,0.,-1.));
#12790=DIRECTION('center_axis',(1.,0.,0.));
#12791=DIRECTION('ref_axis',(0.,0.,-1.));
#12792=DIRECTION('center_axis',(1.,0.,0.));
#12793=DIRECTION('ref_axis',(0.,0.,-1.));
#12794=DIRECTION('center_axis',(1.,0.,0.));
#12795=DIRECTION('ref_axis',(0.,0.,-1.));
#12796=DIRECTION('center_axis',(1.,0.,0.));
#12797=DIRECTION('ref_axis',(0.,0.,-1.));
#12798=DIRECTION('center_axis',(1.,0.,0.));
#12799=DIRECTION('ref_axis',(0.,0.,-1.));
#12800=DIRECTION('center_axis',(1.,0.,0.));
#12801=DIRECTION('ref_axis',(0.,0.,-1.));
#12802=DIRECTION('center_axis',(1.,0.,0.));
#12803=DIRECTION('ref_axis',(0.,0.,-1.));
#12804=DIRECTION('center_axis',(1.,0.,0.));
#12805=DIRECTION('ref_axis',(0.,0.,-1.));
#12806=DIRECTION('center_axis',(1.,0.,0.));
#12807=DIRECTION('ref_axis',(0.,0.,-1.));
#12808=DIRECTION('center_axis',(1.,0.,0.));
#12809=DIRECTION('ref_axis',(0.,0.,-1.));
#12810=DIRECTION('center_axis',(1.,0.,0.));
#12811=DIRECTION('ref_axis',(0.,0.,-1.));
#12812=DIRECTION('center_axis',(1.,0.,0.));
#12813=DIRECTION('ref_axis',(0.,0.,-1.));
#12814=DIRECTION('center_axis',(1.,0.,0.));
#12815=DIRECTION('ref_axis',(0.,0.,-1.));
#12816=DIRECTION('center_axis',(1.,0.,0.));
#12817=DIRECTION('ref_axis',(0.,0.,-1.));
#12818=DIRECTION('center_axis',(1.,0.,0.));
#12819=DIRECTION('ref_axis',(0.,0.,-1.));
#12820=DIRECTION('center_axis',(-1.,0.,0.));
#12821=DIRECTION('ref_axis',(0.,-0.506122385038023,-0.862461669503882));
#12822=DIRECTION('center_axis',(1.,0.,0.));
#12823=DIRECTION('ref_axis',(0.,0.,-1.));
#12824=DIRECTION('center_axis',(1.,0.,0.));
#12825=DIRECTION('ref_axis',(0.,0.,-1.));
#12826=DIRECTION('center_axis',(1.,0.,0.));
#12827=DIRECTION('ref_axis',(0.,0.,-1.));
#12828=DIRECTION('center_axis',(1.,0.,0.));
#12829=DIRECTION('ref_axis',(0.,0.,-1.));
#12830=DIRECTION('center_axis',(1.,0.,0.));
#12831=DIRECTION('ref_axis',(0.,0.,-1.));
#12832=DIRECTION('center_axis',(1.,0.,0.));
#12833=DIRECTION('ref_axis',(0.,0.,-1.));
#12834=DIRECTION('center_axis',(1.,0.,0.));
#12835=DIRECTION('ref_axis',(0.,0.,-1.));
#12836=DIRECTION('center_axis',(1.,0.,0.));
#12837=DIRECTION('ref_axis',(0.,0.,-1.));
#12838=DIRECTION('center_axis',(1.,0.,0.));
#12839=DIRECTION('ref_axis',(0.,0.,-1.));
#12840=DIRECTION('center_axis',(1.,0.,0.));
#12841=DIRECTION('ref_axis',(0.,0.,-1.));
#12842=DIRECTION('center_axis',(1.,0.,0.));
#12843=DIRECTION('ref_axis',(0.,0.,-1.));
#12844=DIRECTION('center_axis',(1.,0.,0.));
#12845=DIRECTION('ref_axis',(0.,0.,-1.));
#12846=DIRECTION('center_axis',(1.,0.,0.));
#12847=DIRECTION('ref_axis',(0.,0.,-1.));
#12848=DIRECTION('center_axis',(1.,0.,0.));
#12849=DIRECTION('ref_axis',(0.,0.,-1.));
#12850=DIRECTION('center_axis',(1.,0.,0.));
#12851=DIRECTION('ref_axis',(0.,0.,-1.));
#12852=DIRECTION('center_axis',(1.,0.,0.));
#12853=DIRECTION('ref_axis',(0.,0.,-1.));
#12854=DIRECTION('center_axis',(1.,0.,0.));
#12855=DIRECTION('ref_axis',(0.,0.,-1.));
#12856=DIRECTION('center_axis',(1.,0.,0.));
#12857=DIRECTION('ref_axis',(0.,0.,-1.));
#12858=DIRECTION('center_axis',(1.,0.,0.));
#12859=DIRECTION('ref_axis',(0.,0.,-1.));
#12860=DIRECTION('center_axis',(1.,0.,0.));
#12861=DIRECTION('ref_axis',(0.,0.,-1.));
#12862=DIRECTION('center_axis',(1.,0.,0.));
#12863=DIRECTION('ref_axis',(0.,0.,-1.));
#12864=DIRECTION('center_axis',(1.,0.,0.));
#12865=DIRECTION('ref_axis',(0.,0.,-1.));
#12866=DIRECTION('center_axis',(1.,0.,0.));
#12867=DIRECTION('ref_axis',(0.,0.,-1.));
#12868=DIRECTION('center_axis',(1.,0.,0.));
#12869=DIRECTION('ref_axis',(0.,0.,-1.));
#12870=DIRECTION('center_axis',(1.,0.,0.));
#12871=DIRECTION('ref_axis',(0.,0.,-1.));
#12872=DIRECTION('center_axis',(1.,0.,0.));
#12873=DIRECTION('ref_axis',(0.,0.,-1.));
#12874=DIRECTION('center_axis',(1.,0.,0.));
#12875=DIRECTION('ref_axis',(0.,0.,-1.));
#12876=DIRECTION('center_axis',(1.,0.,0.));
#12877=DIRECTION('ref_axis',(0.,1.,0.));
#12878=DIRECTION('center_axis',(1.,0.,0.));
#12879=DIRECTION('ref_axis',(0.,1.,0.));
#12880=DIRECTION('center_axis',(1.,0.,0.));
#12881=DIRECTION('ref_axis',(0.,1.,0.));
#12882=DIRECTION('center_axis',(1.,0.,0.));
#12883=DIRECTION('ref_axis',(0.,1.,0.));
#12884=DIRECTION('',(0.,0.,1.));
#12885=DIRECTION('center_axis',(1.,0.,0.));
#12886=DIRECTION('ref_axis',(0.,0.,-1.));
#12887=DIRECTION('',(0.,0.948087200607785,0.318010471594401));
#12888=DIRECTION('',(0.,0.,-1.));
#12889=DIRECTION('center_axis',(1.,0.,0.));
#12890=DIRECTION('ref_axis',(0.,0.,-1.));
#12891=DIRECTION('',(0.,-0.960780301042557,-0.277310679795376));
#12892=DIRECTION('center_axis',(1.,0.,0.));
#12893=DIRECTION('ref_axis',(0.,1.,0.));
#12894=DIRECTION('center_axis',(1.,0.,0.));
#12895=DIRECTION('ref_axis',(0.,1.,0.));
#12896=DIRECTION('center_axis',(1.,0.,0.));
#12897=DIRECTION('ref_axis',(0.,1.,0.));
#12898=DIRECTION('center_axis',(0.,1.,0.));
#12899=DIRECTION('ref_axis',(-1.,0.,0.));
#12900=DIRECTION('center_axis',(0.,-1.,0.));
#12901=DIRECTION('ref_axis',(-1.,0.,0.));
#12902=DIRECTION('',(0.,-1.,0.));
#12903=DIRECTION('center_axis',(0.,-1.,0.));
#12904=DIRECTION('ref_axis',(-1.,0.,0.));
#12905=DIRECTION('center_axis',(0.,1.,0.));
#12906=DIRECTION('ref_axis',(-1.,0.,0.));
#12907=DIRECTION('center_axis',(0.,1.,0.));
#12908=DIRECTION('ref_axis',(1.,0.,0.));
#12909=DIRECTION('',(0.,-1.,0.));
#12910=DIRECTION('center_axis',(0.,-1.,0.));
#12911=DIRECTION('ref_axis',(-1.,0.,0.));
#12912=DIRECTION('',(0.,-1.,0.));
#12913=DIRECTION('center_axis',(0.,1.,0.));
#12914=DIRECTION('ref_axis',(1.,0.,0.));
#12915=DIRECTION('',(0.,-1.,0.));
#12916=DIRECTION('center_axis',(0.,-1.,0.));
#12917=DIRECTION('ref_axis',(-1.,0.,0.));
#12918=DIRECTION('',(0.,-1.,0.));
#12919=DIRECTION('center_axis',(0.,1.,0.));
#12920=DIRECTION('ref_axis',(1.,0.,0.));
#12921=DIRECTION('',(0.,-1.,0.));
#12922=DIRECTION('center_axis',(0.,-1.,0.));
#12923=DIRECTION('ref_axis',(-1.,0.,0.));
#12924=DIRECTION('center_axis',(0.,-1.,0.));
#12925=DIRECTION('ref_axis',(-1.,0.,0.));
#12926=DIRECTION('',(0.,0.,1.));
#12927=DIRECTION('',(-1.,0.,0.));
#12928=DIRECTION('',(4.8186763221578E-16,0.,-1.));
#12929=DIRECTION('',(-1.,0.,0.));
#12930=DIRECTION('center_axis',(0.,-1.,0.));
#12931=DIRECTION('ref_axis',(-1.,0.,0.));
#12932=DIRECTION('',(-1.,0.,0.));
#12933=DIRECTION('center_axis',(0.,-1.,0.));
#12934=DIRECTION('ref_axis',(-1.,0.,0.));
#12935=DIRECTION('center_axis',(0.,-1.,0.));
#12936=DIRECTION('ref_axis',(-1.,0.,0.));
#12937=DIRECTION('center_axis',(0.,-1.,0.));
#12938=DIRECTION('ref_axis',(-1.,0.,0.));
#12939=DIRECTION('',(1.,0.,0.));
#12940=DIRECTION('',(0.,0.,1.));
#12941=DIRECTION('',(1.,0.,0.));
#12942=DIRECTION('',(0.,0.,1.));
#12943=DIRECTION('center_axis',(-1.,0.,0.));
#12944=DIRECTION('ref_axis',(0.,-1.,0.));
#12945=DIRECTION('',(0.,-1.,0.));
#12946=DIRECTION('',(0.,0.,1.));
#12947=DIRECTION('',(0.,-1.,0.));
#12948=DIRECTION('center_axis',(0.,1.,0.));
#12949=DIRECTION('ref_axis',(0.,0.,-1.));
#12950=DIRECTION('',(-1.,0.,0.));
#12951=DIRECTION('',(0.,0.,1.));
#12952=DIRECTION('',(-1.,0.,0.));
#12953=DIRECTION('',(0.,0.,1.));
#12954=DIRECTION('',(1.,0.,0.));
#12955=DIRECTION('',(0.,0.,1.));
#12956=DIRECTION('',(1.,0.,0.));
#12957=DIRECTION('center_axis',(0.,-1.,0.));
#12958=DIRECTION('ref_axis',(-1.,0.,0.));
#12959=DIRECTION('',(1.,0.,0.));
#12960=DIRECTION('',(0.,0.,1.));
#12961=DIRECTION('',(1.,0.,0.));
#12962=DIRECTION('',(0.,0.,1.));
#12963=DIRECTION('center_axis',(1.,0.,0.));
#12964=DIRECTION('ref_axis',(0.,0.,-1.));
#12965=DIRECTION('',(0.,1.,0.));
#12966=DIRECTION('',(0.,0.,1.));
#12967=DIRECTION('',(0.,1.,0.));
#12968=DIRECTION('center_axis',(0.,1.,0.));
#12969=DIRECTION('ref_axis',(0.,0.,-1.));
#12970=DIRECTION('',(-1.,0.,0.));
#12971=DIRECTION('',(0.,0.,1.));
#12972=DIRECTION('',(-1.,0.,0.));
#12973=DIRECTION('center_axis',(-1.,0.,0.));
#12974=DIRECTION('ref_axis',(0.,-1.,0.));
#12975=DIRECTION('',(0.,-1.,0.));
#12976=DIRECTION('',(0.,-1.,0.));
#12977=DIRECTION('center_axis',(1.,0.,0.));
#12978=DIRECTION('ref_axis',(0.,0.,-1.));
#12979=DIRECTION('',(0.,1.,0.));
#12980=DIRECTION('',(0.,1.,0.));
#12981=DIRECTION('center_axis',(0.,0.,-1.));
#12982=DIRECTION('ref_axis',(0.,1.,0.));
#12983=DIRECTION('center_axis',(0.,0.,-1.));
#12984=DIRECTION('ref_axis',(0.,1.,0.));
#12985=DIRECTION('center_axis',(0.,-1.,0.));
#12986=DIRECTION('ref_axis',(-1.,0.,0.));
#12987=DIRECTION('',(1.,0.,0.));
#12988=DIRECTION('',(-4.8186763221578E-16,0.,-1.));
#12989=DIRECTION('',(1.,0.,0.));
#12990=DIRECTION('',(0.,0.,1.));
#12991=DIRECTION('',(1.,0.,0.));
#12992=DIRECTION('center_axis',(0.,-1.,0.));
#12993=DIRECTION('ref_axis',(-1.,0.,0.));
#12994=DIRECTION('center_axis',(0.,1.,0.));
#12995=DIRECTION('ref_axis',(0.,0.,-1.));
#12996=DIRECTION('center_axis',(0.,1.,0.));
#12997=DIRECTION('ref_axis',(0.,0.,-1.));
#12998=DIRECTION('',(1.,0.,0.));
#12999=DIRECTION('',(0.,0.,1.));
#13000=DIRECTION('',(1.,0.,0.));
#13001=DIRECTION('',(-4.8186763221578E-16,0.,-1.));
#13002=DIRECTION('',(1.,0.,0.));
#13003=DIRECTION('',(-1.,0.,0.));
#13004=DIRECTION('',(4.8186763221578E-16,0.,-1.));
#13005=DIRECTION('',(-1.,0.,0.));
#13006=DIRECTION('',(0.,0.,1.));
#13007=DIRECTION('',(-1.,0.,0.));
#13008=DIRECTION('center_axis',(-1.,0.,0.));
#13009=DIRECTION('ref_axis',(0.,-1.,0.));
#13010=DIRECTION('',(0.,1.,0.));
#13011=DIRECTION('',(0.,1.,0.));
#13012=DIRECTION('center_axis',(0.,0.,1.));
#13013=DIRECTION('ref_axis',(1.,0.,0.));
#13014=DIRECTION('',(0.,1.,0.));
#13015=DIRECTION('center_axis',(1.,0.,-4.8186763221578E-16));
#13016=DIRECTION('ref_axis',(-4.8186763221578E-16,0.,-1.));
#13017=DIRECTION('',(0.,1.,0.));
#13018=DIRECTION('center_axis',(0.,0.,1.));
#13019=DIRECTION('ref_axis',(1.,0.,0.));
#13020=DIRECTION('center_axis',(0.,0.,-1.));
#13021=DIRECTION('ref_axis',(0.,1.,0.));
#13022=DIRECTION('',(0.,1.,0.));
#13023=DIRECTION('center_axis',(1.,0.,4.8186763221578E-16));
#13024=DIRECTION('ref_axis',(4.8186763221578E-16,0.,-1.));
#13025=DIRECTION('',(0.,1.,0.));
#13026=DIRECTION('center_axis',(0.,0.,-1.));
#13027=DIRECTION('ref_axis',(0.,1.,0.));
#13028=DIRECTION('',(0.,1.,0.));
#13029=DIRECTION('center_axis',(-1.,0.,0.));
#13030=DIRECTION('ref_axis',(0.,-1.,0.));
#13031=DIRECTION('',(0.,1.,0.));
#13032=DIRECTION('center_axis',(0.,0.,-1.));
#13033=DIRECTION('ref_axis',(0.,1.,0.));
#13034=DIRECTION('center_axis',(0.,0.,1.));
#13035=DIRECTION('ref_axis',(1.,0.,0.));
#13036=DIRECTION('center_axis',(-1.,0.,0.));
#13037=DIRECTION('ref_axis',(0.,-1.,0.));
#13038=DIRECTION('',(0.,-1.,0.));
#13039=DIRECTION('',(0.,0.,1.));
#13040=DIRECTION('',(0.,-1.,0.));
#13041=DIRECTION('center_axis',(-0.957826285221152,0.287347885566345,0.));
#13042=DIRECTION('ref_axis',(0.,0.,1.));
#13043=DIRECTION('',(-0.287347885566345,-0.957826285221151,0.));
#13044=DIRECTION('',(0.,0.,1.));
#13045=DIRECTION('',(-0.287347885566345,-0.957826285221151,0.));
#13046=DIRECTION('center_axis',(0.,1.,0.));
#13047=DIRECTION('ref_axis',(0.,0.,-1.));
#13048=DIRECTION('',(-1.,0.,0.));
#13049=DIRECTION('',(0.,0.,1.));
#13050=DIRECTION('',(-1.,0.,0.));
#13051=DIRECTION('center_axis',(0.957826285221151,0.287347885566346,0.));
#13052=DIRECTION('ref_axis',(0.,0.,-1.));
#13053=DIRECTION('',(-0.287347885566346,0.957826285221151,0.));
#13054=DIRECTION('',(0.,0.,1.));
#13055=DIRECTION('',(-0.287347885566346,0.957826285221151,0.));
#13056=DIRECTION('center_axis',(1.,0.,0.));
#13057=DIRECTION('ref_axis',(0.,0.,-1.));
#13058=DIRECTION('',(0.,1.,0.));
#13059=DIRECTION('',(0.,1.,0.));
#13060=DIRECTION('center_axis',(0.,0.,-1.));
#13061=DIRECTION('ref_axis',(0.,1.,0.));
#13062=DIRECTION('center_axis',(0.,0.,-1.));
#13063=DIRECTION('ref_axis',(0.,1.,0.));
#13064=DIRECTION('center_axis',(0.,1.,0.));
#13065=DIRECTION('ref_axis',(-1.,0.,0.));
#13066=DIRECTION('center_axis',(0.,-1.,0.));
#13067=DIRECTION('ref_axis',(-1.,0.,0.));
#13068=DIRECTION('',(0.,-1.,0.));
#13069=DIRECTION('center_axis',(0.,-1.,0.));
#13070=DIRECTION('ref_axis',(-1.,0.,0.));
#13071=DIRECTION('center_axis',(0.,1.,0.));
#13072=DIRECTION('ref_axis',(-1.,0.,0.));
#13073=DIRECTION('center_axis',(0.,1.,0.));
#13074=DIRECTION('ref_axis',(1.,0.,0.));
#13075=DIRECTION('',(0.,-1.,0.));
#13076=DIRECTION('center_axis',(0.,-1.,0.));
#13077=DIRECTION('ref_axis',(-1.,0.,0.));
#13078=DIRECTION('',(0.,-1.,0.));
#13079=DIRECTION('center_axis',(0.,1.,0.));
#13080=DIRECTION('ref_axis',(1.,0.,0.));
#13081=DIRECTION('',(0.,-1.,0.));
#13082=DIRECTION('center_axis',(0.,-1.,0.));
#13083=DIRECTION('ref_axis',(-1.,0.,0.));
#13084=DIRECTION('',(0.,-1.,0.));
#13085=DIRECTION('center_axis',(0.,1.,0.));
#13086=DIRECTION('ref_axis',(1.,0.,0.));
#13087=DIRECTION('',(0.,-1.,0.));
#13088=DIRECTION('center_axis',(0.,-1.,0.));
#13089=DIRECTION('ref_axis',(-1.,0.,0.));
#13090=DIRECTION('center_axis',(0.,-1.,0.));
#13091=DIRECTION('ref_axis',(-1.,0.,0.));
#13092=DIRECTION('',(0.,0.,1.));
#13093=DIRECTION('',(-1.,0.,0.));
#13094=DIRECTION('',(4.8186763221578E-16,0.,-1.));
#13095=DIRECTION('',(-1.,0.,0.));
#13096=DIRECTION('center_axis',(0.,-1.,0.));
#13097=DIRECTION('ref_axis',(-1.,0.,0.));
#13098=DIRECTION('',(-1.,0.,0.));
#13099=DIRECTION('center_axis',(0.,-1.,0.));
#13100=DIRECTION('ref_axis',(-1.,0.,0.));
#13101=DIRECTION('center_axis',(0.,-1.,0.));
#13102=DIRECTION('ref_axis',(-1.,0.,0.));
#13103=DIRECTION('center_axis',(0.,-1.,0.));
#13104=DIRECTION('ref_axis',(-1.,0.,0.));
#13105=DIRECTION('',(1.,0.,0.));
#13106=DIRECTION('',(0.,0.,1.));
#13107=DIRECTION('',(1.,0.,0.));
#13108=DIRECTION('',(0.,0.,1.));
#13109=DIRECTION('center_axis',(-1.,0.,0.));
#13110=DIRECTION('ref_axis',(0.,-1.,0.));
#13111=DIRECTION('',(0.,-1.,0.));
#13112=DIRECTION('',(0.,0.,1.));
#13113=DIRECTION('',(0.,-1.,0.));
#13114=DIRECTION('center_axis',(0.,1.,0.));
#13115=DIRECTION('ref_axis',(0.,0.,-1.));
#13116=DIRECTION('',(-1.,0.,0.));
#13117=DIRECTION('',(0.,0.,1.));
#13118=DIRECTION('',(-1.,0.,0.));
#13119=DIRECTION('',(0.,0.,1.));
#13120=DIRECTION('',(1.,0.,0.));
#13121=DIRECTION('',(0.,0.,1.));
#13122=DIRECTION('',(1.,0.,0.));
#13123=DIRECTION('center_axis',(0.,-1.,0.));
#13124=DIRECTION('ref_axis',(-1.,0.,0.));
#13125=DIRECTION('',(1.,0.,0.));
#13126=DIRECTION('',(0.,0.,1.));
#13127=DIRECTION('',(1.,0.,0.));
#13128=DIRECTION('',(0.,0.,1.));
#13129=DIRECTION('center_axis',(1.,0.,0.));
#13130=DIRECTION('ref_axis',(0.,0.,-1.));
#13131=DIRECTION('',(0.,1.,0.));
#13132=DIRECTION('',(0.,0.,1.));
#13133=DIRECTION('',(0.,1.,0.));
#13134=DIRECTION('center_axis',(0.,1.,0.));
#13135=DIRECTION('ref_axis',(0.,0.,-1.));
#13136=DIRECTION('',(-1.,0.,0.));
#13137=DIRECTION('',(0.,0.,1.));
#13138=DIRECTION('',(-1.,0.,0.));
#13139=DIRECTION('center_axis',(-1.,0.,0.));
#13140=DIRECTION('ref_axis',(0.,-1.,0.));
#13141=DIRECTION('',(0.,-1.,0.));
#13142=DIRECTION('',(0.,-1.,0.));
#13143=DIRECTION('center_axis',(1.,0.,0.));
#13144=DIRECTION('ref_axis',(0.,0.,-1.));
#13145=DIRECTION('',(0.,1.,0.));
#13146=DIRECTION('',(0.,1.,0.));
#13147=DIRECTION('center_axis',(0.,0.,-1.));
#13148=DIRECTION('ref_axis',(0.,1.,0.));
#13149=DIRECTION('center_axis',(0.,0.,-1.));
#13150=DIRECTION('ref_axis',(0.,1.,0.));
#13151=DIRECTION('center_axis',(0.,-1.,0.));
#13152=DIRECTION('ref_axis',(-1.,0.,0.));
#13153=DIRECTION('',(1.,0.,0.));
#13154=DIRECTION('',(-4.8186763221578E-16,0.,-1.));
#13155=DIRECTION('',(1.,0.,0.));
#13156=DIRECTION('',(0.,0.,1.));
#13157=DIRECTION('',(1.,0.,0.));
#13158=DIRECTION('center_axis',(0.,-1.,0.));
#13159=DIRECTION('ref_axis',(-1.,0.,0.));
#13160=DIRECTION('center_axis',(0.,1.,0.));
#13161=DIRECTION('ref_axis',(0.,0.,-1.));
#13162=DIRECTION('center_axis',(0.,1.,0.));
#13163=DIRECTION('ref_axis',(0.,0.,-1.));
#13164=DIRECTION('',(1.,0.,0.));
#13165=DIRECTION('',(0.,0.,1.));
#13166=DIRECTION('',(1.,0.,0.));
#13167=DIRECTION('',(-4.8186763221578E-16,0.,-1.));
#13168=DIRECTION('',(1.,0.,0.));
#13169=DIRECTION('',(-1.,0.,0.));
#13170=DIRECTION('',(4.8186763221578E-16,0.,-1.));
#13171=DIRECTION('',(-1.,0.,0.));
#13172=DIRECTION('',(0.,0.,1.));
#13173=DIRECTION('',(-1.,0.,0.));
#13174=DIRECTION('center_axis',(-1.,0.,0.));
#13175=DIRECTION('ref_axis',(0.,-1.,0.));
#13176=DIRECTION('',(0.,1.,0.));
#13177=DIRECTION('',(0.,1.,0.));
#13178=DIRECTION('center_axis',(0.,0.,1.));
#13179=DIRECTION('ref_axis',(1.,0.,0.));
#13180=DIRECTION('',(0.,1.,0.));
#13181=DIRECTION('center_axis',(1.,0.,-4.8186763221578E-16));
#13182=DIRECTION('ref_axis',(-4.8186763221578E-16,0.,-1.));
#13183=DIRECTION('',(0.,1.,0.));
#13184=DIRECTION('center_axis',(0.,0.,1.));
#13185=DIRECTION('ref_axis',(1.,0.,0.));
#13186=DIRECTION('center_axis',(0.,0.,-1.));
#13187=DIRECTION('ref_axis',(0.,1.,0.));
#13188=DIRECTION('',(0.,1.,0.));
#13189=DIRECTION('center_axis',(1.,0.,4.8186763221578E-16));
#13190=DIRECTION('ref_axis',(4.8186763221578E-16,0.,-1.));
#13191=DIRECTION('',(0.,1.,0.));
#13192=DIRECTION('center_axis',(0.,0.,-1.));
#13193=DIRECTION('ref_axis',(0.,1.,0.));
#13194=DIRECTION('',(0.,1.,0.));
#13195=DIRECTION('center_axis',(-1.,0.,0.));
#13196=DIRECTION('ref_axis',(0.,-1.,0.));
#13197=DIRECTION('',(0.,1.,0.));
#13198=DIRECTION('center_axis',(0.,0.,-1.));
#13199=DIRECTION('ref_axis',(0.,1.,0.));
#13200=DIRECTION('center_axis',(0.,0.,1.));
#13201=DIRECTION('ref_axis',(1.,0.,0.));
#13202=DIRECTION('center_axis',(-1.,0.,0.));
#13203=DIRECTION('ref_axis',(0.,-1.,0.));
#13204=DIRECTION('',(0.,-1.,0.));
#13205=DIRECTION('',(0.,0.,1.));
#13206=DIRECTION('',(0.,-1.,0.));
#13207=DIRECTION('center_axis',(-0.957826285221152,0.287347885566345,0.));
#13208=DIRECTION('ref_axis',(0.,0.,1.));
#13209=DIRECTION('',(-0.287347885566345,-0.957826285221151,0.));
#13210=DIRECTION('',(0.,0.,1.));
#13211=DIRECTION('',(-0.287347885566345,-0.957826285221151,0.));
#13212=DIRECTION('center_axis',(0.,1.,0.));
#13213=DIRECTION('ref_axis',(0.,0.,-1.));
#13214=DIRECTION('',(-1.,0.,0.));
#13215=DIRECTION('',(0.,0.,1.));
#13216=DIRECTION('',(-1.,0.,0.));
#13217=DIRECTION('center_axis',(0.957826285221151,0.287347885566346,0.));
#13218=DIRECTION('ref_axis',(0.,0.,-1.));
#13219=DIRECTION('',(-0.287347885566346,0.957826285221151,0.));
#13220=DIRECTION('',(0.,0.,1.));
#13221=DIRECTION('',(-0.287347885566346,0.957826285221151,0.));
#13222=DIRECTION('center_axis',(1.,0.,0.));
#13223=DIRECTION('ref_axis',(0.,0.,-1.));
#13224=DIRECTION('',(0.,1.,0.));
#13225=DIRECTION('',(0.,1.,0.));
#13226=DIRECTION('center_axis',(0.,0.,-1.));
#13227=DIRECTION('ref_axis',(0.,1.,0.));
#13228=DIRECTION('center_axis',(0.,0.,-1.));
#13229=DIRECTION('ref_axis',(0.,1.,0.));
#13230=CARTESIAN_POINT('',(0.,0.,0.));
#13231=CARTESIAN_POINT('Origin',(10.161,1.81269433908022,-0.176371074605292));
#13232=CARTESIAN_POINT('',(10.161,1.84627614034829,-0.17637107460531));
#13233=CARTESIAN_POINT('',(10.161,1.79720871703834,-0.14657287186781));
#13234=CARTESIAN_POINT('Origin',(10.16,1.81269433908022,-0.176371074605292));
#13235=CARTESIAN_POINT('Origin',(10.161,1.81269433908022,-0.176371074605292));
#13236=CARTESIAN_POINT('Origin',(10.161,1.52661226699528,-0.774011499541871));
#13237=CARTESIAN_POINT('',(10.161,1.49303046572688,-0.77401149954188));
#13238=CARTESIAN_POINT('',(10.161,1.54209788903635,-0.803809702280157));
#13239=CARTESIAN_POINT('Origin',(10.161,1.52661226699528,-0.774011499541871));
#13240=CARTESIAN_POINT('Origin',(10.16,1.52661226699528,-0.774011499541871));
#13241=CARTESIAN_POINT('Origin',(10.161,1.07717172479903,-1.65434349668611));
#13242=CARTESIAN_POINT('',(10.161,1.04358992352822,-1.65434349668614));
#13243=CARTESIAN_POINT('',(10.161,1.08817902903451,-1.68607008853049));
#13244=CARTESIAN_POINT('Origin',(10.161,1.07717172479903,-1.65434349668611));
#13245=CARTESIAN_POINT('Origin',(10.16,1.07717172479903,-1.65434349668611));
#13246=CARTESIAN_POINT('Origin',(10.161,2.15178936542403,-1.3881326907912));
#13247=CARTESIAN_POINT('',(10.161,2.21895296796398,-1.38813269079118));
#13248=CARTESIAN_POINT('',(10.161,2.12840390374096,-1.32517183241066));
#13249=CARTESIAN_POINT('Origin',(10.161,2.15178936542403,-1.3881326907912));
#13250=CARTESIAN_POINT('Origin',(10.16,2.15178936542403,-1.3881326907912));
#13251=CARTESIAN_POINT('Origin',(10.161,0.640608308291754,-2.18062288565453));
#13252=CARTESIAN_POINT('',(10.161,0.439117500675327,-2.18062288565444));
#13253=CARTESIAN_POINT('',(10.161,0.708603657327542,-2.37029412243919));
#13254=CARTESIAN_POINT('Origin',(10.16,0.640608308291754,-2.18062288565453));
#13255=CARTESIAN_POINT('Origin',(10.161,0.640608308291754,-2.18062288565453));
#13256=CARTESIAN_POINT('Origin',(10.161,0.506281103216346,-0.131939696060616));
#13257=CARTESIAN_POINT('',(10.161,0.527520099203632,-0.0682227080924135));
#13258=CARTESIAN_POINT('',(10.161,0.439117500675327,-0.131939696060619));
#13259=CARTESIAN_POINT('Origin',(10.161,0.506281103216346,-0.131939696060616));
#13260=CARTESIAN_POINT('Origin',(10.16,0.506281103216346,-0.131939696060616));
#13261=CARTESIAN_POINT('Origin',(10.161,1.08882160644404,-0.158630373753327));
#13262=CARTESIAN_POINT('',(10.161,1.08614726779106,-0.19210551810478));
#13263=CARTESIAN_POINT('',(10.161,1.12240340771469,-0.15863037375335));
#13264=CARTESIAN_POINT('Origin',(10.161,1.08882160644404,-0.158630373753327));
#13265=CARTESIAN_POINT('Origin',(10.16,1.08882160644404,-0.158630373753327));
#13266=CARTESIAN_POINT('Origin',(10.161,2.02250473312657,0.305522969449184));
#13267=CARTESIAN_POINT('',(10.161,2.10641827289129,0.410414894153724));
#13268=CARTESIAN_POINT('',(10.161,1.98322917185325,0.433980076339908));
#13269=CARTESIAN_POINT('Origin',(10.161,2.02250473312657,0.305522969449184));
#13270=CARTESIAN_POINT('Origin',(10.16,2.02250473312657,0.305522969449184));
#13271=CARTESIAN_POINT('Origin',(10.161,3.58752712267658,-4.27091119490352));
#13272=CARTESIAN_POINT('',(10.1605,3.59190016404362,-0.927051286855216));
#13273=CARTESIAN_POINT('',(10.161,3.53610997905758,-0.927443760414932));
#13274=CARTESIAN_POINT('Origin',(10.161,3.58752712267658,-4.27091119490352));
#13275=CARTESIAN_POINT('Origin',(10.16,3.58752712267658,-4.27091119490352));
#13276=CARTESIAN_POINT('Origin',(10.161,3.59763818892332,-3.767159802653));
#13277=CARTESIAN_POINT('',(10.1610000000003,3.75723331906812,-0.93153311691479));
#13278=CARTESIAN_POINT('Origin',(10.161,3.59763818892332,-3.767159802653));
#13279=CARTESIAN_POINT('Origin',(10.16,3.59763818892332,-3.767159802653));
#13280=CARTESIAN_POINT('Origin',(10.161,7.94393799003941,-1.45095364223699));
#13281=CARTESIAN_POINT('',(10.161,8.46128188675409,-1.97112689911023));
#13282=CARTESIAN_POINT('',(10.161,7.42499776660161,-1.9695343679995));
#13283=CARTESIAN_POINT('Origin',(10.16,7.94393799003941,-1.45095364223699));
#13284=CARTESIAN_POINT('Origin',(10.161,7.94393799003941,-1.45095364223699));
#13285=CARTESIAN_POINT('Origin',(10.161,7.94393799003941,-1.45095364223699));
#13286=CARTESIAN_POINT('',(10.161,8.72745846068009,-2.23736890030877));
#13287=CARTESIAN_POINT('',(10.161,7.15880035285507,-2.23575436644518));
#13288=CARTESIAN_POINT('Origin',(10.161,7.94393799003941,-1.45095364223699));
#13289=CARTESIAN_POINT('Origin',(10.16,7.94393799003941,-1.45095364223699));
#13290=CARTESIAN_POINT('Origin',(10.161,7.94275579707035,0.89740541421064));
#13291=CARTESIAN_POINT('',(10.161,8.30859551229596,0.261566093123165));
#13292=CARTESIAN_POINT('',(10.161,7.75332217757224,0.188712784588189));
#13293=CARTESIAN_POINT('Origin',(10.16,7.94275579707035,0.89740541421064));
#13294=CARTESIAN_POINT('Origin',(10.161,7.94275579707035,0.89740541421064));
#13295=CARTESIAN_POINT('Origin',(10.161,7.94229199938481,0.897529224804421));
#13296=CARTESIAN_POINT('',(10.161,8.13133832383013,0.677531482604649));
#13297=CARTESIAN_POINT('',(10.161,7.75326948400205,0.677511025471603));
#13298=CARTESIAN_POINT('Origin',(10.161,7.94229199938481,0.897529224804421));
#13299=CARTESIAN_POINT('Origin',(10.16,7.94229199938481,0.897529224804421));
#13300=CARTESIAN_POINT('Origin',(10.161,7.94229199938481,0.897529224804421));
#13301=CARTESIAN_POINT('',(10.161,8.49600573543592,-0.067086997144637));
#13302=CARTESIAN_POINT('',(10.161,8.13133832383013,-0.198529552977435));
#13303=CARTESIAN_POINT('Origin',(10.161,7.94229199938481,0.897529224804421));
#13304=CARTESIAN_POINT('Origin',(10.16,7.94229199938481,0.897529224804421));
#13305=CARTESIAN_POINT('Origin',(9.66,12.,3.10370090847553));
#13306=CARTESIAN_POINT('',(9.7,0.,3.03441887617277));
#13307=CARTESIAN_POINT('',(9.58,0.,3.10370090847553));
#13308=CARTESIAN_POINT('Origin',(9.66,0.,3.10370090847553));
#13309=CARTESIAN_POINT('',(9.7,12.,3.03441887617277));
#13310=CARTESIAN_POINT('',(9.7,12.,3.03441887617277));
#13311=CARTESIAN_POINT('',(9.58,12.,3.10370090847553));
#13312=CARTESIAN_POINT('Origin',(9.66,12.,3.10370090847553));
#13313=CARTESIAN_POINT('',(9.58,12.,3.10370090847553));
#13314=CARTESIAN_POINT('Origin',(10.11,12.,3.21339745962155));
#13315=CARTESIAN_POINT('',(10.085,0.,3.25669872981078));
#13316=CARTESIAN_POINT('',(10.16,0.,3.21339745962155));
#13317=CARTESIAN_POINT('Origin',(10.11,0.,3.21339745962155));
#13318=CARTESIAN_POINT('',(10.16,12.,3.21339745962155));
#13319=CARTESIAN_POINT('',(10.16,12.,3.21339745962155));
#13320=CARTESIAN_POINT('',(10.085,12.,3.25669872981078));
#13321=CARTESIAN_POINT('Origin',(10.11,12.,3.21339745962155));
#13322=CARTESIAN_POINT('',(10.085,12.,3.25669872981078));
#13323=CARTESIAN_POINT('Origin',(10.11,12.,3.98660254037845));
#13324=CARTESIAN_POINT('',(10.16,12.,3.98660254037844));
#13325=CARTESIAN_POINT('',(10.085,12.,3.94330127018922));
#13326=CARTESIAN_POINT('Origin',(10.11,12.,3.98660254037845));
#13327=CARTESIAN_POINT('',(10.16,0.,3.98660254037844));
#13328=CARTESIAN_POINT('',(10.16,12.,3.98660254037844));
#13329=CARTESIAN_POINT('',(10.085,0.,3.94330127018922));
#13330=CARTESIAN_POINT('Origin',(10.11,0.,3.98660254037845));
#13331=CARTESIAN_POINT('',(10.085,12.,3.94330127018922));
#13332=CARTESIAN_POINT('Origin',(9.66,12.,4.09629909152447));
#13333=CARTESIAN_POINT('',(9.58,12.,4.09629909152447));
#13334=CARTESIAN_POINT('',(9.7,12.,4.16558112382723));
#13335=CARTESIAN_POINT('Origin',(9.66,12.,4.09629909152447));
#13336=CARTESIAN_POINT('',(9.7,0.,4.16558112382723));
#13337=CARTESIAN_POINT('',(9.7,12.,4.16558112382723));
#13338=CARTESIAN_POINT('',(9.58,0.,4.09629909152447));
#13339=CARTESIAN_POINT('Origin',(9.66,0.,4.09629909152447));
#13340=CARTESIAN_POINT('',(9.58,12.,4.09629909152447));
#13341=CARTESIAN_POINT('Origin',(10.21,14.7,-2.48760254037844));
#13342=CARTESIAN_POINT('',(10.16,18.,-2.48760254037844));
#13343=CARTESIAN_POINT('',(10.235,18.,-2.44430127018922));
#13344=CARTESIAN_POINT('Origin',(10.21,18.,-2.48760254037844));
#13345=CARTESIAN_POINT('',(10.235,14.7,-2.44430127018922));
#13346=CARTESIAN_POINT('',(10.235,14.7,-2.44430127018922));
#13347=CARTESIAN_POINT('',(10.16,14.7,-2.48760254037844));
#13348=CARTESIAN_POINT('Origin',(10.21,14.7,-2.48760254037844));
#13349=CARTESIAN_POINT('',(10.16,14.7,-2.48760254037844));
#13350=CARTESIAN_POINT('Origin',(10.66,14.7,-2.59729909152447));
#13351=CARTESIAN_POINT('',(10.74,18.,-2.59729909152447));
#13352=CARTESIAN_POINT('',(10.62,18.,-2.66658112382723));
#13353=CARTESIAN_POINT('Origin',(10.66,18.,-2.59729909152447));
#13354=CARTESIAN_POINT('',(10.74,14.7,-2.59729909152447));
#13355=CARTESIAN_POINT('',(10.74,14.7,-2.59729909152447));
#13356=CARTESIAN_POINT('',(10.62,14.7,-2.66658112382723));
#13357=CARTESIAN_POINT('Origin',(10.66,14.7,-2.59729909152447));
#13358=CARTESIAN_POINT('',(10.62,14.7,-2.66658112382723));
#13359=CARTESIAN_POINT('Origin',(10.66,14.7,-1.60470090847553));
#13360=CARTESIAN_POINT('',(10.62,14.7,-1.53541887617277));
#13361=CARTESIAN_POINT('',(10.74,14.7,-1.60470090847553));
#13362=CARTESIAN_POINT('Origin',(10.66,14.7,-1.60470090847553));
#13363=CARTESIAN_POINT('',(10.74,18.,-1.60470090847553));
#13364=CARTESIAN_POINT('',(10.74,14.7,-1.60470090847553));
#13365=CARTESIAN_POINT('',(10.62,18.,-1.53541887617277));
#13366=CARTESIAN_POINT('Origin',(10.66,18.,-1.60470090847553));
#13367=CARTESIAN_POINT('',(10.62,14.7,-1.53541887617277));
#13368=CARTESIAN_POINT('Origin',(10.21,14.7,-1.71439745962156));
#13369=CARTESIAN_POINT('',(10.235,14.7,-1.75769872981078));
#13370=CARTESIAN_POINT('',(10.16,14.7,-1.71439745962156));
#13371=CARTESIAN_POINT('Origin',(10.21,14.7,-1.71439745962156));
#13372=CARTESIAN_POINT('',(10.235,18.,-1.75769872981078));
#13373=CARTESIAN_POINT('',(10.235,14.7,-1.75769872981078));
#13374=CARTESIAN_POINT('',(10.16,18.,-1.71439745962156));
#13375=CARTESIAN_POINT('Origin',(10.21,18.,-1.71439745962156));
#13376=CARTESIAN_POINT('',(10.16,14.7,-1.71439745962156));
#13377=CARTESIAN_POINT('Origin',(0.0800000000000003,14.7,-2.53956406460551));
#13378=CARTESIAN_POINT('',(0.,14.7,-2.53956406460551));
#13379=CARTESIAN_POINT('',(0.12,14.7,-2.47028203230276));
#13380=CARTESIAN_POINT('Origin',(0.0800000000000003,14.7,-2.53956406460551));
#13381=CARTESIAN_POINT('',(0.12,18.,-2.47028203230276));
#13382=CARTESIAN_POINT('',(0.12,14.7,-2.47028203230276));
#13383=CARTESIAN_POINT('',(-1.49077798716757E-16,18.,-2.53956406460551));
#13384=CARTESIAN_POINT('Origin',(0.0800000000000003,18.,-2.53956406460551));
#13385=CARTESIAN_POINT('',(-1.49077798716757E-16,14.7,-2.53956406460551));
#13386=CARTESIAN_POINT('Origin',(0.55,14.7,-2.66080762113533));
#13387=CARTESIAN_POINT('',(0.6,14.7,-2.66080762113533));
#13388=CARTESIAN_POINT('',(0.525,14.7,-2.70410889132455));
#13389=CARTESIAN_POINT('Origin',(0.55,14.7,-2.66080762113533));
#13390=CARTESIAN_POINT('',(0.6,18.,-2.66080762113533));
#13391=CARTESIAN_POINT('',(0.6,14.7,-2.66080762113533));
#13392=CARTESIAN_POINT('',(0.525,18.,-2.70410889132455));
#13393=CARTESIAN_POINT('Origin',(0.55,18.,-2.66080762113533));
#13394=CARTESIAN_POINT('',(0.525,14.7,-2.70410889132455));
#13395=CARTESIAN_POINT('Origin',(0.55,14.7,-1.54119237886467));
#13396=CARTESIAN_POINT('',(0.525,18.,-1.49789110867545));
#13397=CARTESIAN_POINT('',(0.6,18.,-1.54119237886467));
#13398=CARTESIAN_POINT('Origin',(0.55,18.,-1.54119237886467));
#13399=CARTESIAN_POINT('',(0.6,14.7,-1.54119237886467));
#13400=CARTESIAN_POINT('',(0.6,14.7,-1.54119237886467));
#13401=CARTESIAN_POINT('',(0.525,14.7,-1.49789110867545));
#13402=CARTESIAN_POINT('Origin',(0.55,14.7,-1.54119237886467));
#13403=CARTESIAN_POINT('',(0.525,14.7,-1.49789110867545));
#13404=CARTESIAN_POINT('Origin',(0.08,14.7,-1.66243593539449));
#13405=CARTESIAN_POINT('',(0.12,18.,-1.73171796769725));
#13406=CARTESIAN_POINT('',(0.,18.,-1.66243593539449));
#13407=CARTESIAN_POINT('Origin',(0.08,18.,-1.66243593539449));
#13408=CARTESIAN_POINT('',(0.12,14.7,-1.73171796769725));
#13409=CARTESIAN_POINT('',(0.12,14.7,-1.73171796769725));
#13410=CARTESIAN_POINT('',(0.,14.7,-1.66243593539449));
#13411=CARTESIAN_POINT('Origin',(0.08,14.7,-1.66243593539449));
#13412=CARTESIAN_POINT('',(0.,14.7,-1.66243593539449));
#13413=CARTESIAN_POINT('Origin',(-0.5,12.,3.10370090847553));
#13414=CARTESIAN_POINT('',(-0.46,12.,3.03441887617277));
#13415=CARTESIAN_POINT('',(-0.58,12.,3.10370090847553));
#13416=CARTESIAN_POINT('Origin',(-0.5,12.,3.10370090847553));
#13417=CARTESIAN_POINT('',(-0.46,0.,3.03441887617277));
#13418=CARTESIAN_POINT('',(-0.46,12.,3.03441887617277));
#13419=CARTESIAN_POINT('',(-0.58,0.,3.10370090847553));
#13420=CARTESIAN_POINT('Origin',(-0.5,0.,3.10370090847553));
#13421=CARTESIAN_POINT('',(-0.58,12.,3.10370090847553));
#13422=CARTESIAN_POINT('Origin',(-0.0500000000000001,12.,3.21339745962156));
#13423=CARTESIAN_POINT('',(-0.0750000000000001,12.,3.25669872981078));
#13424=CARTESIAN_POINT('',(0.,12.,3.21339745962156));
#13425=CARTESIAN_POINT('Origin',(-0.0500000000000001,12.,3.21339745962156));
#13426=CARTESIAN_POINT('',(0.,0.,3.21339745962156));
#13427=CARTESIAN_POINT('',(0.,12.,3.21339745962156));
#13428=CARTESIAN_POINT('',(-0.0750000000000001,0.,3.25669872981078));
#13429=CARTESIAN_POINT('Origin',(-0.0500000000000001,0.,3.21339745962156));
#13430=CARTESIAN_POINT('',(-0.0750000000000001,12.,3.25669872981078));
#13431=CARTESIAN_POINT('Origin',(-0.0500000000000001,12.,3.98660254037844));
#13432=CARTESIAN_POINT('',(-3.72694496791892E-16,0.,3.98660254037844));
#13433=CARTESIAN_POINT('',(-0.0750000000000002,0.,3.94330127018922));
#13434=CARTESIAN_POINT('Origin',(-0.0500000000000001,0.,3.98660254037844));
#13435=CARTESIAN_POINT('',(-3.72694496791892E-16,12.,3.98660254037844));
#13436=CARTESIAN_POINT('',(-3.72694496791892E-16,12.,3.98660254037844));
#13437=CARTESIAN_POINT('',(-0.0750000000000002,12.,3.94330127018922));
#13438=CARTESIAN_POINT('Origin',(-0.0500000000000001,12.,3.98660254037844));
#13439=CARTESIAN_POINT('',(-0.0750000000000002,12.,3.94330127018922));
#13440=CARTESIAN_POINT('Origin',(-0.5,12.,4.09629909152447));
#13441=CARTESIAN_POINT('',(-0.58,0.,4.09629909152447));
#13442=CARTESIAN_POINT('',(-0.46,0.,4.16558112382723));
#13443=CARTESIAN_POINT('Origin',(-0.5,0.,4.09629909152447));
#13444=CARTESIAN_POINT('',(-0.46,12.,4.16558112382723));
#13445=CARTESIAN_POINT('',(-0.46,12.,4.16558112382723));
#13446=CARTESIAN_POINT('',(-0.58,12.,4.09629909152447));
#13447=CARTESIAN_POINT('Origin',(-0.5,12.,4.09629909152447));
#13448=CARTESIAN_POINT('',(-0.58,12.,4.09629909152447));
#13449=CARTESIAN_POINT('Origin',(7.62,14.1,0.));
#13450=CARTESIAN_POINT('',(7.62,14.1,1.5));
#13451=CARTESIAN_POINT('Origin',(7.62,14.1,0.));
#13452=CARTESIAN_POINT('',(7.62,14.7,1.5));
#13453=CARTESIAN_POINT('',(7.62,14.1,1.5));
#13454=CARTESIAN_POINT('Origin',(7.62,14.7,0.));
#13455=CARTESIAN_POINT('Origin',(7.62,14.1,0.));
#13456=CARTESIAN_POINT('',(7.62,14.7,2.));
#13457=CARTESIAN_POINT('Origin',(7.62,14.7,0.));
#13458=CARTESIAN_POINT('',(7.62,17.3,2.));
#13459=CARTESIAN_POINT('',(7.62,14.1,2.));
#13460=CARTESIAN_POINT('Origin',(7.62,17.3,0.));
#13461=CARTESIAN_POINT('Origin',(7.62,14.1,0.));
#13462=CARTESIAN_POINT('',(7.62,17.3,1.85));
#13463=CARTESIAN_POINT('Origin',(7.62,17.3,0.));
#13464=CARTESIAN_POINT('',(7.62,17.7585578744754,1.85));
#13465=CARTESIAN_POINT('',(7.62,14.1,1.85));
#13466=CARTESIAN_POINT('Origin',(7.62,17.7585578744754,0.));
#13467=CARTESIAN_POINT('Origin',(7.62,17.7585578744754,0.));
#13468=CARTESIAN_POINT('',(7.62,17.80836760938,1.90435778713738));
#13469=CARTESIAN_POINT('Origin',(7.62,17.80836760938,0.));
#13470=CARTESIAN_POINT('Origin',(7.62,17.7585578744754,1.9));
#13471=CARTESIAN_POINT('Origin',(7.62,17.8,0.));
#13472=CARTESIAN_POINT('',(7.62,17.8,2.));
#13473=CARTESIAN_POINT('Origin',(7.62,17.8,0.));
#13474=CARTESIAN_POINT('',(7.62,17.8,2.));
#13475=CARTESIAN_POINT('Origin',(7.62,14.1,0.));
#13476=CARTESIAN_POINT('',(7.62,18.,2.));
#13477=CARTESIAN_POINT('',(7.62,14.1,2.));
#13478=CARTESIAN_POINT('Origin',(7.62,18.,0.));
#13479=CARTESIAN_POINT('Origin',(2.54,14.1,0.));
#13480=CARTESIAN_POINT('',(2.54,14.1,1.5));
#13481=CARTESIAN_POINT('Origin',(2.54,14.1,0.));
#13482=CARTESIAN_POINT('',(2.54,14.7,1.5));
#13483=CARTESIAN_POINT('',(2.54,14.1,1.5));
#13484=CARTESIAN_POINT('Origin',(2.54,14.7,0.));
#13485=CARTESIAN_POINT('Origin',(2.54,14.1,0.));
#13486=CARTESIAN_POINT('',(2.54,14.7,2.));
#13487=CARTESIAN_POINT('Origin',(2.54,14.7,0.));
#13488=CARTESIAN_POINT('',(2.54,17.3,2.));
#13489=CARTESIAN_POINT('',(2.54,14.1,2.));
#13490=CARTESIAN_POINT('Origin',(2.54,17.3,0.));
#13491=CARTESIAN_POINT('Origin',(2.54,14.1,0.));
#13492=CARTESIAN_POINT('',(2.54,17.3,1.85));
#13493=CARTESIAN_POINT('Origin',(2.54,17.3,0.));
#13494=CARTESIAN_POINT('',(2.54,17.7585578744754,1.85));
#13495=CARTESIAN_POINT('',(2.54,14.1,1.85));
#13496=CARTESIAN_POINT('Origin',(2.54,17.7585578744754,0.));
#13497=CARTESIAN_POINT('Origin',(2.54,17.7585578744754,0.));
#13498=CARTESIAN_POINT('',(2.54,17.80836760938,1.90435778713738));
#13499=CARTESIAN_POINT('Origin',(2.54,17.80836760938,0.));
#13500=CARTESIAN_POINT('Origin',(2.54,17.7585578744754,1.9));
#13501=CARTESIAN_POINT('Origin',(2.54,17.8,0.));
#13502=CARTESIAN_POINT('',(2.54,17.8,2.));
#13503=CARTESIAN_POINT('Origin',(2.54,17.8,0.));
#13504=CARTESIAN_POINT('',(2.54,17.8,2.));
#13505=CARTESIAN_POINT('Origin',(2.54,14.1,0.));
#13506=CARTESIAN_POINT('',(2.54,18.,2.));
#13507=CARTESIAN_POINT('',(2.54,14.1,2.));
#13508=CARTESIAN_POINT('Origin',(2.54,18.,0.));
#13509=CARTESIAN_POINT('Origin',(10.16,11.6,5.1));
#13510=CARTESIAN_POINT('',(10.16,0.,-5.5));
#13511=CARTESIAN_POINT('',(10.16,0.,5.5));
#13512=CARTESIAN_POINT('',(10.16,9.,-5.5));
#13513=CARTESIAN_POINT('',(10.16,0.,-5.5));
#13514=CARTESIAN_POINT('',(10.16,9.5,-5.));
#13515=CARTESIAN_POINT('Origin',(10.16,9.,-5.));
#13516=CARTESIAN_POINT('',(10.16,9.5,-3.3));
#13517=CARTESIAN_POINT('',(10.16,9.5,-5.));
#13518=CARTESIAN_POINT('',(10.16,17.8,-3.3));
#13519=CARTESIAN_POINT('',(10.16,9.5,-3.3));
#13520=CARTESIAN_POINT('',(10.16,18.,-3.1));
#13521=CARTESIAN_POINT('Origin',(10.16,17.8,-3.09999999999999));
#13522=CARTESIAN_POINT('',(10.16,18.,-3.1));
#13523=CARTESIAN_POINT('',(10.16,14.7,5.1));
#13524=CARTESIAN_POINT('',(10.16,18.,2.5));
#13525=CARTESIAN_POINT('',(10.16,18.,-3.1));
#13526=CARTESIAN_POINT('',(10.16,17.8,2.7));
#13527=CARTESIAN_POINT('Origin',(10.16,17.8,2.49999999999999));
#13528=CARTESIAN_POINT('',(10.16,16.157,2.7));
#13529=CARTESIAN_POINT('',(10.16,17.8,2.7));
#13530=CARTESIAN_POINT('',(10.16,12.,5.1));
#13531=CARTESIAN_POINT('',(10.16,16.157,2.7));
#13532=CARTESIAN_POINT('',(10.16,11.6,5.5));
#13533=CARTESIAN_POINT('Origin',(10.16,11.6,5.1));
#13534=CARTESIAN_POINT('',(10.16,0.,5.5));
#13535=CARTESIAN_POINT('',(10.16,11.6,5.5));
#13536=CARTESIAN_POINT('',(10.16,0.,5.5));
#13537=CARTESIAN_POINT('',(10.16,12.,5.1));
#13538=CARTESIAN_POINT('',(10.161,8.65395866870616,-2.36453626247375));
#13539=CARTESIAN_POINT('',(10.161,8.65395866870616,-3.08724746558972));
#13540=CARTESIAN_POINT('',(10.161,8.65395866870616,-2.36453626247375));
#13541=CARTESIAN_POINT('',(10.161,9.032,-2.36453626247375));
#13542=CARTESIAN_POINT('',(10.161,9.032,-2.36453626247375));
#13543=CARTESIAN_POINT('',(10.161,9.032,-4.188));
#13544=CARTESIAN_POINT('',(10.161,9.032,-4.188));
#13545=CARTESIAN_POINT('',(10.161,8.65395866870616,-4.188));
#13546=CARTESIAN_POINT('',(10.161,8.65395866870616,-4.188));
#13547=CARTESIAN_POINT('',(10.161,8.65395866870616,-3.46528879688402));
#13548=CARTESIAN_POINT('',(10.161,8.65395866870616,-3.46528879688402));
#13549=CARTESIAN_POINT('',(10.161,6.86623364982855,-3.46528879688402));
#13550=CARTESIAN_POINT('',(10.161,6.86623364982855,-3.46528879688402));
#13551=CARTESIAN_POINT('',(10.161,6.86623364982855,-3.08724746558972));
#13552=CARTESIAN_POINT('',(10.161,6.86623364982855,-3.08724746558972));
#13553=CARTESIAN_POINT('',(10.161,8.65395866870616,-3.08724746558972));
#13554=CARTESIAN_POINT('',(10.161,6.3332390401359,0.9895691700617));
#13555=CARTESIAN_POINT('',(10.161,6.20136242128583,0.9895691700617));
#13556=CARTESIAN_POINT('',(10.161,6.3332390401359,0.9895691700617));
#13557=CARTESIAN_POINT('',(10.161,6.3332390401359,0.18182487960506));
#13558=CARTESIAN_POINT('',(10.161,6.3332390401359,0.18182487960506));
#13559=CARTESIAN_POINT('',(10.161,6.20136242128583,0.18182487960506));
#13560=CARTESIAN_POINT('',(10.161,6.20136242128583,0.18182487960506));
#13561=CARTESIAN_POINT('',(10.161,6.20136242128583,0.49503184937395));
#13562=CARTESIAN_POINT('',(10.161,6.20136242128583,0.49503184937395));
#13563=CARTESIAN_POINT('',(10.161,4.99798827427897,0.49503184937395));
#13564=CARTESIAN_POINT('',(10.161,4.99798827427897,0.49503184937395));
#13565=CARTESIAN_POINT('',(10.161,4.99798827427897,0.64339304558029));
#13566=CARTESIAN_POINT('',(10.161,4.99798827427897,0.64339304558029));
#13567=CARTESIAN_POINT('',(10.161,6.20136242128583,0.64339304558029));
#13568=CARTESIAN_POINT('',(10.161,6.20136242128583,0.64339304558029));
#13569=CARTESIAN_POINT('',(10.161,6.20136242128583,0.9895691700617));
#13570=CARTESIAN_POINT('',(10.161,5.31969510424724,-0.823734339126661));
#13571=CARTESIAN_POINT('',(10.161,5.28808238325149,-0.82433731177605));
#13572=CARTESIAN_POINT('Origin',(10.161,5.3239100587168,-1.87371568186319));
#13573=CARTESIAN_POINT('',(10.161,5.42658728554172,-0.82373433912666));
#13574=CARTESIAN_POINT('',(10.161,5.42658728554172,-0.82373433912666));
#13575=CARTESIAN_POINT('',(10.161,5.42658728554172,-0.97209553533299));
#13576=CARTESIAN_POINT('',(10.161,5.42658728554172,-0.97209553533299));
#13577=CARTESIAN_POINT('',(10.161,5.29908938255203,-0.972095535332988));
#13578=CARTESIAN_POINT('',(10.161,5.29908938255203,-0.97209553533299));
#13579=CARTESIAN_POINT('',(10.161,5.27397558755256,-0.973020982475637));
#13580=CARTESIAN_POINT('Origin',(10.161,5.3194287546068,-1.86526204690709));
#13581=CARTESIAN_POINT('',(10.161,5.22014511110604,-0.98061623817014));
#13582=CARTESIAN_POINT('Origin',(10.161,5.28521127446965,-1.2472087801584));
#13583=CARTESIAN_POINT('',(10.161,5.18465056389521,-0.993216179356346));
#13584=CARTESIAN_POINT('Origin',(10.161,5.26440384016672,-1.1615896422707));
#13585=CARTESIAN_POINT('',(10.161,5.14728777235248,-1.0198970491849));
#13586=CARTESIAN_POINT('Origin',(10.161,5.23971394827467,-1.1098257680068));
#13587=CARTESIAN_POINT('',(10.161,5.12449300529276,-1.05485632401113));
#13588=CARTESIAN_POINT('Origin',(10.161,5.23063644696089,-1.09915469360257));
#13589=CARTESIAN_POINT('',(10.161,5.11501169014845,-1.09124132145664));
#13590=CARTESIAN_POINT('Origin',(10.161,5.24309882663865,-1.10519082962325));
#13591=CARTESIAN_POINT('',(10.161,5.11423983978719,-1.0995750381696));
#13592=CARTESIAN_POINT('Origin',(10.161,5.31681701759497,-1.1141346852557));
#13593=CARTESIAN_POINT('',(10.161,5.11338031577278,-1.11633558720035));
#13594=CARTESIAN_POINT('Origin',(10.161,5.62479587411899,-1.13415997711291));
#13595=CARTESIAN_POINT('',(10.161,5.11396191035999,-1.13445646847416));
#13596=CARTESIAN_POINT('Origin',(10.161,5.47297815945753,-1.11386397097026));
#13597=CARTESIAN_POINT('',(10.161,5.1238813094833,-1.18161597649282));
#13598=CARTESIAN_POINT('Origin',(10.161,5.2762506963673,-1.12494406211698));
#13599=CARTESIAN_POINT('',(10.161,5.17459814899941,-1.23919874595355));
#13600=CARTESIAN_POINT('Origin',(10.161,5.22009476482334,-1.14800078539896));
#13601=CARTESIAN_POINT('',(10.161,5.19132957669815,-1.24616560640151));
#13602=CARTESIAN_POINT('Origin',(10.161,5.23290185393668,-1.12275241821135));
#13603=CARTESIAN_POINT('',(10.161,5.20287671378347,-1.24975704079574));
#13604=CARTESIAN_POINT('Origin',(10.161,5.26421503435279,-1.03218397712239));
#13605=CARTESIAN_POINT('',(10.161,5.24418267205654,-1.2587796037184));
#13606=CARTESIAN_POINT('Origin',(10.161,5.29523925656373,-0.925976652912515));
#13607=CARTESIAN_POINT('',(10.161,5.2801566868897,-1.26331826729327));
#13608=CARTESIAN_POINT('Origin',(10.161,5.34327908860769,-0.618165619925152));
#13609=CARTESIAN_POINT('',(10.161,5.38876467641423,-1.26863828112422));
#13610=CARTESIAN_POINT('Origin',(10.161,5.37876678268519,-1.25110730420052));
#13611=CARTESIAN_POINT('',(10.161,5.41293599491856,-1.26881792774567));
#13612=CARTESIAN_POINT('Origin',(10.161,5.42003258527525,1.31222922828001));
#13613=CARTESIAN_POINT('',(10.161,6.3332390401359,-1.26881792774567));
#13614=CARTESIAN_POINT('',(10.161,6.3332390401359,-1.26881792774567));
#13615=CARTESIAN_POINT('',(10.161,6.3332390401359,-1.41717912395201));
#13616=CARTESIAN_POINT('',(10.161,6.3332390401359,-1.41717912395201));
#13617=CARTESIAN_POINT('',(10.161,5.31274067317531,-1.41717912395201));
#13618=CARTESIAN_POINT('',(10.161,5.31274067317531,-1.41717912395201));
#13619=CARTESIAN_POINT('',(10.161,5.28023133661279,-1.41627826488596));
#13620=CARTESIAN_POINT('Origin',(10.161,5.33983776782059,0.147708080070004));
#13621=CARTESIAN_POINT('',(10.161,5.1836814215383,-1.40328221395769));
#13622=CARTESIAN_POINT('Origin',(10.161,5.29538165714276,-0.938582854557548));
#13623=CARTESIAN_POINT('',(10.161,5.11513147990436,-1.37803195962364));
#13624=CARTESIAN_POINT('Origin',(10.161,5.26395538882235,-1.07967712923577));
#13625=CARTESIAN_POINT('',(10.161,5.04512976889782,-1.32321375003706));
#13626=CARTESIAN_POINT('Origin',(10.161,5.21792679853591,-1.1746600126956));
#13627=CARTESIAN_POINT('',(10.161,5.00761008284015,-1.26067796061127));
#13628=CARTESIAN_POINT('Origin',(10.161,5.22976746949618,-1.16991314330651));
#13629=CARTESIAN_POINT('',(10.161,4.98787615367746,-1.19036101568045));
#13630=CARTESIAN_POINT('Origin',(10.161,5.29397288716098,-1.142384800182));
#13631=CARTESIAN_POINT('',(10.161,4.981837952941,-1.12564503706262));
#13632=CARTESIAN_POINT('Origin',(10.161,5.43125362336484,-1.11635284730243));
#13633=CARTESIAN_POINT('',(10.161,4.98150369692271,-1.10938115612808));
#13634=CARTESIAN_POINT('Origin',(10.161,5.87367474218746,-1.09918059164874));
#13635=CARTESIAN_POINT('',(10.161,4.98215165078857,-1.08567367409593));
#13636=CARTESIAN_POINT('Origin',(10.161,5.7385753232283,-1.11821023432604));
#13637=CARTESIAN_POINT('',(10.161,4.99750921110237,-1.00033857343449));
#13638=CARTESIAN_POINT('Origin',(10.161,5.31393349901596,-1.10133420186203));
#13639=CARTESIAN_POINT('',(10.161,5.04922958093233,-0.91246739652942));
#13640=CARTESIAN_POINT('Origin',(10.161,5.21930219848384,-1.07172768373199));
#13641=CARTESIAN_POINT('',(10.161,5.09191382969931,-0.877416448826379));
#13642=CARTESIAN_POINT('Origin',(10.161,5.22388781679966,-1.08164680432635));
#13643=CARTESIAN_POINT('',(10.161,5.11251306913455,-0.865670752707743));
#13644=CARTESIAN_POINT('Origin',(10.161,5.23149468022102,-1.09827303433305));
#13645=CARTESIAN_POINT('',(10.161,5.1635920485082,-0.844593901871243));
#13646=CARTESIAN_POINT('Origin',(10.161,5.24859497194753,-1.12302783425042));
#13647=CARTESIAN_POINT('',(10.161,5.20182807156094,-0.834595288341553));
#13648=CARTESIAN_POINT('Origin',(10.161,5.29587785932308,-1.27236325543849));
#13649=CARTESIAN_POINT('',(10.161,5.22517610790337,-0.830518507677428));
#13650=CARTESIAN_POINT('Origin',(10.161,5.2767754071819,-1.19492805236742));
#13651=CARTESIAN_POINT('',(10.161,5.27230886791703,-0.825227696726323));
#13652=CARTESIAN_POINT('Origin',(10.161,5.32870278935151,-1.54019295889008));
#13653=CARTESIAN_POINT('Origin',(10.161,5.3047551876144,-1.25986468771562));
#13654=CARTESIAN_POINT('',(10.161,5.34416439876039,-2.65352242567134));
#13655=CARTESIAN_POINT('',(10.161,5.30777476643594,-2.65482371786821));
#13656=CARTESIAN_POINT('Origin',(10.161,5.37627107074786,-4.06081537972794));
#13657=CARTESIAN_POINT('',(10.161,5.34493711332399,-2.80188362187768));
#13658=CARTESIAN_POINT('',(10.161,5.34493711332399,-2.80188362187768));
#13659=CARTESIAN_POINT('',(10.161,5.33360396639156,-2.80188362187768));
#13660=CARTESIAN_POINT('',(10.161,5.33360396639156,-2.80188362187768));
#13661=CARTESIAN_POINT('',(10.161,5.31172410148197,-2.8023618656456));
#13662=CARTESIAN_POINT('Origin',(10.161,5.33783648495117,-3.49626912017366));
#13663=CARTESIAN_POINT('',(10.161,5.26282072668497,-2.80783930850062));
#13664=CARTESIAN_POINT('Origin',(10.161,5.23722157496014,-2.83324350164482));
#13665=CARTESIAN_POINT('',(10.161,5.21545282328488,-2.8209936310838));
#13666=CARTESIAN_POINT('Origin',(10.161,5.30283659713521,-3.04379559616975));
#13667=CARTESIAN_POINT('',(10.161,5.20029697415686,-2.82731185797672));
#13668=CARTESIAN_POINT('Origin',(10.161,5.31822901723961,-3.08886472769767));
#13669=CARTESIAN_POINT('',(10.161,5.17640218697804,-2.84058062534516));
#13670=CARTESIAN_POINT('Origin',(10.161,5.27131749039825,-2.98335729794291));
#13671=CARTESIAN_POINT('',(10.161,5.12919020825005,-2.88567456065487));
#13672=CARTESIAN_POINT('Origin',(10.161,5.27069843771357,-2.98656765236339));
#13673=CARTESIAN_POINT('',(10.161,5.10571083067301,-2.93485423319433));
#13674=CARTESIAN_POINT('Origin',(10.161,5.26818361690751,-2.98222744843642));
#13675=CARTESIAN_POINT('',(10.161,5.09748987982044,-2.98329539258681));
#13676=CARTESIAN_POINT('Origin',(10.161,5.30280101986961,-2.9932205847118));
#13677=CARTESIAN_POINT('',(10.161,5.09689573841651,-2.99969855015278));
#13678=CARTESIAN_POINT('Origin',(10.161,5.6369908969906,-3.01104908458169));
#13679=CARTESIAN_POINT('',(10.161,5.09778901933154,-3.02029328115592));
#13680=CARTESIAN_POINT('Origin',(10.161,5.50547948985052,-2.9922932764747));
#13681=CARTESIAN_POINT('',(10.161,5.10718901821615,-3.06735650823751));
#13682=CARTESIAN_POINT('Origin',(10.161,5.29183202316677,-3.00600717286866));
#13683=CARTESIAN_POINT('',(10.161,5.12879428202524,-3.11018456904957));
#13684=CARTESIAN_POINT('Origin',(10.161,5.27353693345661,-3.01030336508929));
#13685=CARTESIAN_POINT('',(10.161,5.14172024889692,-3.12623293147399));
#13686=CARTESIAN_POINT('Origin',(10.161,5.26415515323998,-3.01438944563763));
#13687=CARTESIAN_POINT('',(10.161,5.15620253293282,-3.14091224493409));
#13688=CARTESIAN_POINT('Origin',(10.161,5.304225382692,-2.98039258863692));
#13689=CARTESIAN_POINT('',(10.161,5.17226203242603,-3.15381432059327));
#13690=CARTESIAN_POINT('Origin',(10.161,5.26719699257275,-3.01920082657982));
#13691=CARTESIAN_POINT('',(10.161,5.2265685892471,-3.18313573519366));
#13692=CARTESIAN_POINT('Origin',(10.161,5.32327816332929,-2.9390670975944));
#13693=CARTESIAN_POINT('',(10.161,5.29239913687969,-3.20247564238132));
#13694=CARTESIAN_POINT('Origin',(10.161,5.36181913558625,-2.84446963076296));
#13695=CARTESIAN_POINT('',(10.161,5.39473136054378,-3.21358405063593));
#13696=CARTESIAN_POINT('Origin',(10.161,5.35371757604812,-3.16982262522386));
#13697=CARTESIAN_POINT('',(10.161,5.42220856968146,-3.21399805578404));
#13698=CARTESIAN_POINT('Origin',(10.161,5.43439235420417,-1.49334165864918));
#13699=CARTESIAN_POINT('',(10.161,5.44953043688696,-3.21358963101259));
#13700=CARTESIAN_POINT('Origin',(10.161,5.41029679868041,-1.5030894784627));
#13701=CARTESIAN_POINT('',(10.161,5.55796412769745,-3.20109306194117));
#13702=CARTESIAN_POINT('Origin',(10.161,5.43627071623241,-2.62184199387355));
#13703=CARTESIAN_POINT('',(10.161,5.61032266155907,-3.18556472617869));
#13704=CARTESIAN_POINT('Origin',(10.161,5.47715734113628,-2.8325926896034));
#13705=CARTESIAN_POINT('',(10.161,5.66986791773875,-3.15252013858801));
#13706=CARTESIAN_POINT('Origin',(10.161,5.52704647353071,-2.96533219699018));
#13707=CARTESIAN_POINT('',(10.161,5.70745391864502,-3.11309674670227));
#13708=CARTESIAN_POINT('Origin',(10.161,5.56118768496824,-3.01127630575153));
#13709=CARTESIAN_POINT('',(10.161,5.73557271754812,-3.04393497519088));
#13710=CARTESIAN_POINT('Origin',(10.161,5.55539483664183,-3.01097779660787));
#13711=CARTESIAN_POINT('',(10.161,5.73894800756194,-3.01682909037966));
#13712=CARTESIAN_POINT('Origin',(10.161,5.51739428319506,-3.00300377942037));
#13713=CARTESIAN_POINT('',(10.161,5.73979425531061,-2.99635012037732));
#13714=CARTESIAN_POINT('Origin',(10.161,5.2214268122487,-2.98518671187382));
#13715=CARTESIAN_POINT('',(10.161,5.73925615766208,-2.9808877447451));
#13716=CARTESIAN_POINT('Origin',(10.161,4.96530090789793,-3.01556228747721));
#13717=CARTESIAN_POINT('',(10.161,5.72030712820108,-2.90252204489023));
#13718=CARTESIAN_POINT('Origin',(10.161,5.53531757121214,-2.98872681168872));
#13719=CARTESIAN_POINT('',(10.161,5.6225099146414,-2.81398162057105));
#13720=CARTESIAN_POINT('Origin',(10.161,5.56322267088783,-2.9777483769375));
#13721=CARTESIAN_POINT('',(10.161,5.60791763646053,-2.8088380529498));
#13722=CARTESIAN_POINT('Origin',(10.161,5.40720194859911,-3.40153845318175));
#13723=CARTESIAN_POINT('',(10.161,5.61899321187175,-2.68649158038387));
#13724=CARTESIAN_POINT('',(10.161,5.61899321187175,-2.68649158038387));
#13725=CARTESIAN_POINT('',(10.161,6.31675446277963,-2.75732374871155));
#13726=CARTESIAN_POINT('',(10.161,6.31675446277963,-2.75732374871155));
#13727=CARTESIAN_POINT('',(10.161,6.31675446277963,-3.3131630914428));
#13728=CARTESIAN_POINT('',(10.161,6.31675446277963,-3.3131630914428));
#13729=CARTESIAN_POINT('',(10.161,6.18487784392956,-3.3131630914428));
#13730=CARTESIAN_POINT('',(10.161,6.18487784392956,-3.3131630914428));
#13731=CARTESIAN_POINT('',(10.161,6.18487784392956,-2.87091278955701));
#13732=CARTESIAN_POINT('',(10.161,6.18487784392956,-2.87091278955701));
#13733=CARTESIAN_POINT('',(10.161,5.77791484044697,-2.82351962965778));
#13734=CARTESIAN_POINT('',(10.161,5.77791484044697,-2.82351962965778));
#13735=CARTESIAN_POINT('',(10.161,5.78773274769548,-2.82886861768445));
#13736=CARTESIAN_POINT('Origin',(10.161,5.62300093084516,-3.11954420026878));
#13737=CARTESIAN_POINT('',(10.161,5.79716904911354,-2.83477624026917));
#13738=CARTESIAN_POINT('Origin',(10.161,5.72508343358616,-2.93942911756953));
#13739=CARTESIAN_POINT('',(10.161,5.81130588264462,-2.8468255674311));
#13740=CARTESIAN_POINT('Origin',(10.161,5.73847967257272,-2.9179510189437));
#13741=CARTESIAN_POINT('',(10.161,5.83776962268577,-2.88262593917198));
#13742=CARTESIAN_POINT('Origin',(10.161,5.69250903824336,-2.96232176715623));
#13743=CARTESIAN_POINT('',(10.161,5.86101523108861,-2.94123469353065));
#13744=CARTESIAN_POINT('Origin',(10.161,5.82671103986993,-2.92521964168465));
#13745=CARTESIAN_POINT('',(10.161,5.871019795654,-3.00727715427863));
#13746=CARTESIAN_POINT('Origin',(10.161,5.83094357815461,-2.9640457578508));
#13747=CARTESIAN_POINT('',(10.161,5.87167087416067,-3.02957684661117));
#13748=CARTESIAN_POINT('Origin',(10.161,5.07659356276075,-3.04163116798502));
#13749=CARTESIAN_POINT('',(10.161,5.87055539607987,-3.05838095141188));
#13750=CARTESIAN_POINT('Origin',(10.161,5.20731436526433,-3.01827239006213));
#13751=CARTESIAN_POINT('',(10.161,5.8496478625805,-3.15178297192544));
#13752=CARTESIAN_POINT('Origin',(10.161,5.56026933105951,-3.03796613498934));
#13753=CARTESIAN_POINT('',(10.161,5.77903165264708,-3.25361096249884));
#13754=CARTESIAN_POINT('Origin',(10.161,5.58977943102807,-3.04696769203349));
#13755=CARTESIAN_POINT('',(10.161,5.66548022397019,-3.32429644016859));
#13756=CARTESIAN_POINT('Origin',(10.161,5.53345292844837,-2.98565446342951));
#13757=CARTESIAN_POINT('',(10.161,5.56380894329617,-3.35242454710631));
#13758=CARTESIAN_POINT('Origin',(10.161,5.48480480976404,-2.86904429966367));
#13759=CARTESIAN_POINT('',(10.161,5.45868241848358,-3.3620985074697));
#13760=CARTESIAN_POINT('Origin',(10.161,5.44966052505571,-2.68801820090496));
#13761=CARTESIAN_POINT('',(10.161,5.43946586160138,-3.36235925199039));
#13762=CARTESIAN_POINT('Origin',(10.161,5.43034188192696,-1.98168403583946));
#13763=CARTESIAN_POINT('',(10.161,5.39713583118517,-3.3613586195715));
#13764=CARTESIAN_POINT('Origin',(10.161,5.46588247685646,-1.34900004099906));
#13765=CARTESIAN_POINT('',(10.161,5.27118112094936,-3.34612687202834));
#13766=CARTESIAN_POINT('Origin',(10.161,5.42010189511524,-2.64305748712002));
#13767=CARTESIAN_POINT('',(10.161,5.1999411426312,-3.32586519419453));
#13768=CARTESIAN_POINT('Origin',(10.161,5.3967237898214,-2.7693487713197));
#13769=CARTESIAN_POINT('',(10.161,5.12347457223984,-3.28970530418605));
#13770=CARTESIAN_POINT('Origin',(10.161,5.3569947703435,-2.8948160596023));
#13771=CARTESIAN_POINT('',(10.161,5.01663060891728,-3.18866842472418));
#13772=CARTESIAN_POINT('Origin',(10.161,5.29224293383838,-3.00422615493678));
#13773=CARTESIAN_POINT('',(10.161,4.98437029785048,-3.12213143175749));
#13774=CARTESIAN_POINT('Origin',(10.161,5.26336226960017,-3.02795196913383));
#13775=CARTESIAN_POINT('',(10.161,4.96631060511728,-3.02885586288575));
#13776=CARTESIAN_POINT('Origin',(10.161,5.31072686079093,-3.0105572918296));
#13777=CARTESIAN_POINT('',(10.161,4.96501911956643,-2.99712283494076));
#13778=CARTESIAN_POINT('Origin',(10.161,5.87900548536141,-2.97581778685267));
#13779=CARTESIAN_POINT('',(10.161,4.96579979077337,-2.9698175160956));
#13780=CARTESIAN_POINT('Origin',(10.161,5.93615287178319,-3.01122416143461));
#13781=CARTESIAN_POINT('',(10.161,4.97731562842296,-2.88880993276677));
#13782=CARTESIAN_POINT('Origin',(10.161,5.40074065151888,-2.9903253097425));
#13783=CARTESIAN_POINT('',(10.161,5.00284291895889,-2.82074349380479));
#13784=CARTESIAN_POINT('Origin',(10.161,5.29030080814008,-2.9673702682286));
#13785=CARTESIAN_POINT('',(10.161,5.03817559794631,-2.76783126357777));
#13786=CARTESIAN_POINT('Origin',(10.161,5.2617994715022,-2.95541136843637));
#13787=CARTESIAN_POINT('',(10.161,5.15675574346661,-2.68565003259074));
#13788=CARTESIAN_POINT('Origin',(10.161,5.26354580969204,-2.96637939299487));
#13789=CARTESIAN_POINT('',(10.161,5.27149486729207,-2.65787040038305));
#13790=CARTESIAN_POINT('Origin',(10.161,5.32237316143655,-3.11885987810694));
#13791=CARTESIAN_POINT('Origin',(10.161,5.33720883925807,-3.22285857646224));
#13792=CARTESIAN_POINT('',(10.161,3.27560233601851,0.408199479001715));
#13793=CARTESIAN_POINT('',(10.161,3.23921270369449,0.406898186804804));
#13794=CARTESIAN_POINT('Origin',(10.161,3.30770900800548,-0.999093474978821));
#13795=CARTESIAN_POINT('',(10.161,3.27637505058211,0.25983828279537));
#13796=CARTESIAN_POINT('',(10.161,3.27637505058211,0.25983828279537));
#13797=CARTESIAN_POINT('',(10.161,3.26504190364968,0.259838282795372));
#13798=CARTESIAN_POINT('',(10.161,3.26504190364968,0.259838282795372));
#13799=CARTESIAN_POINT('',(10.161,3.2431620387397,0.259360039027438));
#13800=CARTESIAN_POINT('Origin',(10.161,3.26927442220929,-0.434547215499192));
#13801=CARTESIAN_POINT('',(10.161,3.19425866394641,0.25388259617299));
#13802=CARTESIAN_POINT('Origin',(10.161,3.16865951216526,0.228478402999769));
#13803=CARTESIAN_POINT('',(10.161,3.14689076054357,0.24072827358947));
#13804=CARTESIAN_POINT('Origin',(10.161,3.23427453439322,0.0179263085037309));
#13805=CARTESIAN_POINT('',(10.161,3.13173491141652,0.234410046697028));
#13806=CARTESIAN_POINT('Origin',(10.161,3.24966695449681,-0.0271428230223688));
#13807=CARTESIAN_POINT('',(10.161,3.10784012423636,0.221141279328021));
#13808=CARTESIAN_POINT('Origin',(10.161,3.20275542765653,0.0783646067298533));
#13809=CARTESIAN_POINT('',(10.161,3.06062814550786,0.176047344017729));
#13810=CARTESIAN_POINT('Origin',(10.161,3.20213637497172,0.0751542523096362));
#13811=CARTESIAN_POINT('',(10.161,3.03714876793128,0.126867671479152));
#13812=CARTESIAN_POINT('Origin',(10.161,3.19962155416504,0.0794944562369879));
#13813=CARTESIAN_POINT('',(10.161,3.0289278170786,0.0784265120871558));
#13814=CARTESIAN_POINT('Origin',(10.161,3.23423895712656,0.0685013199613633));
#13815=CARTESIAN_POINT('',(10.161,3.02833367567463,0.0620233545204214));
#13816=CARTESIAN_POINT('Origin',(10.161,3.56842883425294,0.0506728200911749));
#13817=CARTESIAN_POINT('',(10.161,3.0292269565896,0.0414286235179794));
#13818=CARTESIAN_POINT('Origin',(10.161,3.43691742710926,0.069428628198366));
#13819=CARTESIAN_POINT('',(10.161,3.03862695547433,-0.00563460356467926));
#13820=CARTESIAN_POINT('Origin',(10.161,3.22326996042603,0.0557147318045304));
#13821=CARTESIAN_POINT('',(10.161,3.06023221928359,-0.0484626643768513));
#13822=CARTESIAN_POINT('Origin',(10.161,3.2049748707148,0.0514185395838733));
#13823=CARTESIAN_POINT('',(10.161,3.07315818615497,-0.0645110268008588));
#13824=CARTESIAN_POINT('Origin',(10.161,3.19559309049832,0.0473324590356442));
#13825=CARTESIAN_POINT('',(10.161,3.08764047019028,-0.0791903402604376));
#13826=CARTESIAN_POINT('Origin',(10.161,3.23566331995162,0.0813293160375479));
#13827=CARTESIAN_POINT('',(10.161,3.10369996968528,-0.0920924159210734));
#13828=CARTESIAN_POINT('Origin',(10.161,3.19863492983208,0.0425210780941507));
#13829=CARTESIAN_POINT('',(10.161,3.15800652650413,-0.121413830520177));
#13830=CARTESIAN_POINT('Origin',(10.161,3.25471610058669,0.122654807077751));
#13831=CARTESIAN_POINT('',(10.161,3.22383707413916,-0.140753737708572));
#13832=CARTESIAN_POINT('Origin',(10.161,3.29325707284574,0.217252273914036));
#13833=CARTESIAN_POINT('',(10.161,3.32616929775221,-0.151862145961787));
#13834=CARTESIAN_POINT('Origin',(10.161,3.28515551328342,-0.108100720658708));
#13835=CARTESIAN_POINT('',(10.161,3.35364650693957,-0.152276151111108));
#13836=CARTESIAN_POINT('Origin',(10.161,3.36583029146122,1.56838024571244));
#13837=CARTESIAN_POINT('',(10.161,3.3809683741597,-0.151867726339212));
#13838=CARTESIAN_POINT('Origin',(10.161,3.34173473591837,1.55863242709263));
#13839=CARTESIAN_POINT('',(10.161,3.48940206495597,-0.139371157268025));
#13840=CARTESIAN_POINT('Origin',(10.161,3.36770865349048,0.439879910799839));
#13841=CARTESIAN_POINT('',(10.161,3.5417605988252,-0.123842821502689));
#13842=CARTESIAN_POINT('Origin',(10.161,3.40859527839232,0.22912921507827));
#13843=CARTESIAN_POINT('',(10.161,3.60130585499688,-0.0907982339149605));
#13844=CARTESIAN_POINT('Origin',(10.161,3.45848441078758,0.096389707684639));
#13845=CARTESIAN_POINT('',(10.161,3.63889185590317,-0.0513748420291776));
#13846=CARTESIAN_POINT('Origin',(10.161,3.49262562222631,0.0504455989215629));
#13847=CARTESIAN_POINT('',(10.161,3.66701065480652,0.0177869294836148));
#13848=CARTESIAN_POINT('Origin',(10.161,3.48683277390073,0.0507441080648756));
#13849=CARTESIAN_POINT('',(10.161,3.67038594482013,0.0448928142944638));
#13850=CARTESIAN_POINT('Origin',(10.161,3.44883222045293,0.0587181252526852));
#13851=CARTESIAN_POINT('',(10.161,3.67123219256873,0.0653717842958618));
#13852=CARTESIAN_POINT('Origin',(10.161,3.15286474950852,0.076535192799169));
#13853=CARTESIAN_POINT('',(10.161,3.6706940949202,0.0808341599280544));
#13854=CARTESIAN_POINT('Origin',(10.161,2.89673884515164,0.0461596171956663));
#13855=CARTESIAN_POINT('',(10.161,3.6517450654594,0.159199859782394));
#13856=CARTESIAN_POINT('Origin',(10.161,3.46675550847043,0.0729950929843576));
#13857=CARTESIAN_POINT('',(10.161,3.5539478519004,0.247740284101687));
#13858=CARTESIAN_POINT('Origin',(10.161,3.49466060814592,0.0839735277355317));
#13859=CARTESIAN_POINT('',(10.161,3.53935557371866,0.252883851723246));
#13860=CARTESIAN_POINT('Origin',(10.161,3.33863988586078,-0.339816548498719));
#13861=CARTESIAN_POINT('',(10.161,3.55043114912993,0.37523032428918));
#13862=CARTESIAN_POINT('',(10.161,3.55043114912993,0.37523032428918));
#13863=CARTESIAN_POINT('',(10.161,4.24819240003776,0.3043981559615));
#13864=CARTESIAN_POINT('',(10.161,4.24819240003776,0.3043981559615));
#13865=CARTESIAN_POINT('',(10.161,4.24819240003776,-0.25144118676986));
#13866=CARTESIAN_POINT('',(10.161,4.24819240003776,-0.25144118676986));
#13867=CARTESIAN_POINT('',(10.161,4.11631578118769,-0.25144118676986));
#13868=CARTESIAN_POINT('',(10.161,4.11631578118769,-0.25144118676986));
#13869=CARTESIAN_POINT('',(10.161,4.11631578118769,0.19080911511604));
#13870=CARTESIAN_POINT('',(10.161,4.11631578118769,0.19080911511604));
#13871=CARTESIAN_POINT('',(10.161,3.70935277770509,0.238202275015271));
#13872=CARTESIAN_POINT('',(10.161,3.70935277770509,0.238202275015271));
#13873=CARTESIAN_POINT('',(10.161,3.71917068497461,0.232853286976693));
#13874=CARTESIAN_POINT('Origin',(10.161,3.55443886809943,-0.0578222956028581));
#13875=CARTESIAN_POINT('',(10.161,3.72860698637138,0.226945664404081));
#13876=CARTESIAN_POINT('Origin',(10.161,3.65652137084386,0.122292787102808));
#13877=CARTESIAN_POINT('',(10.161,3.74274381990449,0.214896337240157));
#13878=CARTESIAN_POINT('Origin',(10.161,3.66991760983066,0.143770885729142));
#13879=CARTESIAN_POINT('',(10.161,3.76920755994362,0.179095965501567));
#13880=CARTESIAN_POINT('Origin',(10.161,3.62394697550155,0.0994001375168803));
#13881=CARTESIAN_POINT('',(10.161,3.79245316834959,0.120487211131304));
#13882=CARTESIAN_POINT('Origin',(10.161,3.75814897711099,0.136502262975289));
#13883=CARTESIAN_POINT('',(10.161,3.80245773291199,0.0544447503977496));
#13884=CARTESIAN_POINT('Origin',(10.161,3.76238151541582,0.0976761468231097));
#13885=CARTESIAN_POINT('',(10.161,3.8031088114188,0.0321450580619114));
#13886=CARTESIAN_POINT('Origin',(10.161,3.008031500021,0.0200907366880346));
#13887=CARTESIAN_POINT('',(10.161,3.80199333333799,0.00334095326112051));
#13888=CARTESIAN_POINT('Origin',(10.161,3.13875230251957,0.0434495146110577));
#13889=CARTESIAN_POINT('',(10.161,3.78108579983864,-0.0900610672524365));
#13890=CARTESIAN_POINT('Origin',(10.161,3.49170726831721,0.0237557696837315));
#13891=CARTESIAN_POINT('',(10.161,3.7104695898869,-0.191889057842566));
#13892=CARTESIAN_POINT('Origin',(10.161,3.52121736828583,0.0147542126398699));
#13893=CARTESIAN_POINT('',(10.161,3.59691816123001,-0.262574535494944));
#13894=CARTESIAN_POINT('Origin',(10.161,3.46489086570536,0.076067441245038));
#13895=CARTESIAN_POINT('',(10.161,3.49524688055318,-0.290702642433453));
#13896=CARTESIAN_POINT('Origin',(10.161,3.41624274702179,0.19267760501186));
#13897=CARTESIAN_POINT('',(10.161,3.39012035574186,-0.30037660279667));
#13898=CARTESIAN_POINT('Origin',(10.161,3.38109846231326,0.373703703772588));
#13899=CARTESIAN_POINT('',(10.161,3.37090379885959,-0.300637347317447));
#13900=CARTESIAN_POINT('Origin',(10.161,3.36177981917429,1.08003786916437));
#13901=CARTESIAN_POINT('',(10.161,3.3285737684423,-0.29963671489841));
#13902=CARTESIAN_POINT('Origin',(10.161,3.3973204141332,1.71272186423375));
#13903=CARTESIAN_POINT('',(10.161,3.20261905820562,-0.284404967354882));
#13904=CARTESIAN_POINT('Origin',(10.161,3.3515398323734,0.418664417553249));
#13905=CARTESIAN_POINT('',(10.161,3.13137907988918,-0.264143289521521));
#13906=CARTESIAN_POINT('Origin',(10.161,3.32816172708143,0.292373133362614));
#13907=CARTESIAN_POINT('',(10.161,3.05491250947869,-0.227983399501628));
#13908=CARTESIAN_POINT('Origin',(10.161,3.28843270759826,0.166905845062713));
#13909=CARTESIAN_POINT('',(10.161,2.94806854617534,-0.126946520051047));
#13910=CARTESIAN_POINT('Origin',(10.161,3.22368087109674,0.0574957497364733));
#13911=CARTESIAN_POINT('',(10.161,2.91580823510856,-0.0604095270843451));
#13912=CARTESIAN_POINT('Origin',(10.161,3.19480020685821,0.0337699355391821));
#13913=CARTESIAN_POINT('',(10.161,2.89774854237535,0.0328660417882289));
#13914=CARTESIAN_POINT('Origin',(10.161,3.24216479804897,0.0511646128434296));
#13915=CARTESIAN_POINT('',(10.161,2.89645705682462,0.064599069732315));
#13916=CARTESIAN_POINT('Origin',(10.161,3.81044342252353,0.0859041178148101));
#13917=CARTESIAN_POINT('',(10.161,2.89723772803157,0.0919043885789372));
#13918=CARTESIAN_POINT('Origin',(10.161,3.86759080891155,0.0504977432440977));
#13919=CARTESIAN_POINT('',(10.161,2.90875356568101,0.172911971905994));
#13920=CARTESIAN_POINT('Origin',(10.161,3.33217858877929,0.0713965949301998));
#13921=CARTESIAN_POINT('',(10.161,2.93428085621663,0.240978410867511));
#13922=CARTESIAN_POINT('Origin',(10.161,3.22173874539778,0.0943516364446494));
#13923=CARTESIAN_POINT('',(10.161,2.96961353520451,0.293890641095366));
#13924=CARTESIAN_POINT('Origin',(10.161,3.19323740876018,0.106310536236779));
#13925=CARTESIAN_POINT('',(10.161,3.08819368072763,0.376071872083385));
#13926=CARTESIAN_POINT('Origin',(10.161,3.19498374695041,0.0953425116777375));
#13927=CARTESIAN_POINT('',(10.161,3.20293280454887,0.403851504289805));
#13928=CARTESIAN_POINT('Origin',(10.161,3.25381109869376,-0.0571379734304619));
#13929=CARTESIAN_POINT('Origin',(10.161,3.26864677651849,-0.161136671819542));
#13930=CARTESIAN_POINT('',(10.161,3.11075656245597,-0.54790600766127));
#13931=CARTESIAN_POINT('',(10.161,2.9294262115371,-0.54790600766127));
#13932=CARTESIAN_POINT('',(10.161,3.11075656245597,-0.54790600766127));
#13933=CARTESIAN_POINT('',(10.161,3.11075656245597,-0.71275178122381));
#13934=CARTESIAN_POINT('',(10.161,3.11075656245597,-0.71275178122381));
#13935=CARTESIAN_POINT('',(10.161,2.9294262115371,-0.71275178122381));
#13936=CARTESIAN_POINT('',(10.161,2.9294262115371,-0.71275178122381));
#13937=CARTESIAN_POINT('',(10.161,2.9294262115371,-0.54790600766127));
#13938=CARTESIAN_POINT('',(10.161,1.27328598291281,-2.719051402873));
#13939=CARTESIAN_POINT('',(10.161,0.783565982912837,-2.719051402873));
#13940=CARTESIAN_POINT('',(10.161,1.27328598291281,-2.719051402873));
#13941=CARTESIAN_POINT('',(10.161,1.27328598291281,-2.87674740287299));
#13942=CARTESIAN_POINT('',(10.161,1.27328598291281,-2.87674740287299));
#13943=CARTESIAN_POINT('',(10.161,0.800505982912953,-2.87674740287299));
#13944=CARTESIAN_POINT('',(10.161,0.800505982912952,-2.87674740287299));
#13945=CARTESIAN_POINT('',(10.161,0.784399401764117,-2.87715641483458));
#13946=CARTESIAN_POINT('Origin',(10.161,0.818149542062519,-3.88887438109714));
#13947=CARTESIAN_POINT('',(10.161,0.728596506668673,-2.88454493706096));
#13948=CARTESIAN_POINT('Origin',(10.161,0.789649081395444,-3.13122941415639));
#13949=CARTESIAN_POINT('',(10.161,0.701921388051497,-2.89361204831275));
#13950=CARTESIAN_POINT('Origin',(10.161,0.769901291044711,-3.04983432316375));
#13951=CARTESIAN_POINT('',(10.161,0.67452701890408,-2.91043038446264));
#13952=CARTESIAN_POINT('Origin',(10.161,0.75095612454603,-3.00420144323978));
#13953=CARTESIAN_POINT('',(10.161,0.651524733995525,-2.93821551856619));
#13954=CARTESIAN_POINT('Origin',(10.161,0.73749947972594,-2.98597689330718));
#13955=CARTESIAN_POINT('',(10.161,0.643014368123916,-2.95646138011055));
#13956=CARTESIAN_POINT('Origin',(10.161,0.765835004862771,-3.00264060041214));
#13957=CARTESIAN_POINT('',(10.161,0.639389858054762,-2.96798736664145));
#13958=CARTESIAN_POINT('Origin',(10.161,0.761838829491144,-3.00016030121485));
#13959=CARTESIAN_POINT('',(10.161,0.633126394001692,-3.00771248796618));
#13960=CARTESIAN_POINT('Origin',(10.161,0.817744063040053,-3.01646483406065));
#13961=CARTESIAN_POINT('',(10.161,0.632645982912851,-3.02381740287296));
#13962=CARTESIAN_POINT('Origin',(10.161,1.11925386602494,-3.03027333785196));
#13963=CARTESIAN_POINT('',(10.161,0.63311233679863,-3.04001012563789));
#13964=CARTESIAN_POINT('Origin',(10.161,1.10287521931863,-3.01837777702139));
#13965=CARTESIAN_POINT('',(10.161,0.637290306733646,-3.07211193785588));
#13966=CARTESIAN_POINT('Origin',(10.161,0.840224981896051,-3.02937771922318));
#13967=CARTESIAN_POINT('',(10.161,0.645813861452115,-3.09911857579703));
#13968=CARTESIAN_POINT('Origin',(10.161,0.788025853983298,-3.03938672607776));
#13969=CARTESIAN_POINT('',(10.161,0.662626500450023,-3.12669997289023));
#13970=CARTESIAN_POINT('Origin',(10.161,0.749507764515436,-3.05482535139958));
#13971=CARTESIAN_POINT('',(10.161,0.683764275071736,-3.14547401643965));
#13972=CARTESIAN_POINT('Origin',(10.161,0.737966846144529,-3.06316053715304));
#13973=CARTESIAN_POINT('',(10.161,0.716553752254301,-3.16114594245217));
#13974=CARTESIAN_POINT('Origin',(10.161,0.755353239083051,-3.03783024877505));
#13975=CARTESIAN_POINT('',(10.161,0.7600768914576,-3.17033064534692));
#13976=CARTESIAN_POINT('Origin',(10.161,0.782941403965249,-2.95427068237208));
#13977=CARTESIAN_POINT('',(10.161,0.776221899688034,-3.17165304613435));
#13978=CARTESIAN_POINT('Origin',(10.161,0.793146578220564,-2.86580470170685));
#13979=CARTESIAN_POINT('',(10.161,0.792407893928339,-3.17225862765334));
#13980=CARTESIAN_POINT('Origin',(10.161,0.802622103135077,-2.68264048153568));
#13981=CARTESIAN_POINT('',(10.161,0.800505982912631,-3.17242740287294));
#13982=CARTESIAN_POINT('',(10.161,0.800505982912631,-3.17242740287294));
#13983=CARTESIAN_POINT('',(10.161,1.27328598291281,-3.17242740287294));
#13984=CARTESIAN_POINT('',(10.161,1.27328598291281,-3.17242740287294));
#13985=CARTESIAN_POINT('',(10.161,1.27328598291281,-3.33012340287293));
#13986=CARTESIAN_POINT('',(10.161,1.27328598291281,-3.33012340287293));
#13987=CARTESIAN_POINT('',(10.161,0.783565982912836,-3.33012340287293));
#13988=CARTESIAN_POINT('',(10.161,0.783565982912837,-3.33012340287293));
#13989=CARTESIAN_POINT('',(10.161,0.753670178775381,-3.3291452145704));
#13990=CARTESIAN_POINT('Origin',(10.161,0.794133895041908,-2.54980921605669));
#13991=CARTESIAN_POINT('',(10.161,0.665725519169505,-3.31249909633802));
#13992=CARTESIAN_POINT('Origin',(10.161,0.773531306900015,-2.98357766093978));
#13993=CARTESIAN_POINT('',(10.161,0.587777805419852,-3.2689881414157));
#13994=CARTESIAN_POINT('Origin',(10.161,0.744122891127386,-3.08047889442228));
#13995=CARTESIAN_POINT('',(10.161,0.535525593282848,-3.2059656578722));
#13996=CARTESIAN_POINT('Origin',(10.161,0.736713239537278,-3.0923326238156));
#13997=CARTESIAN_POINT('',(10.161,0.511769973291893,-3.1511745604343));
#13998=CARTESIAN_POINT('Origin',(10.161,0.763336651354602,-3.07464888960986));
#13999=CARTESIAN_POINT('',(10.161,0.495996149342852,-3.06302824359288));
#14000=CARTESIAN_POINT('Origin',(10.161,0.874576400474163,-3.04076565844009));
#14001=CARTESIAN_POINT('',(10.161,0.495016266165967,-3.04061872774794));
#14002=CARTESIAN_POINT('Origin',(10.161,1.08934309865737,-3.02585724957512));
#14003=CARTESIAN_POINT('',(10.161,0.494661982912896,-3.02566540287282));
#14004=CARTESIAN_POINT('Origin',(10.161,1.58448581989248,-3.00732549413614));
#14005=CARTESIAN_POINT('',(10.161,0.495567073947658,-2.99564506801166));
#14006=CARTESIAN_POINT('Origin',(10.161,1.59007593678023,-3.04366751724037));
#14007=CARTESIAN_POINT('',(10.161,0.509534794637284,-2.9068115394506));
#14008=CARTESIAN_POINT('Origin',(10.161,0.889541324108328,-3.01207665414651));
#14009=CARTESIAN_POINT('',(10.161,0.551397352948819,-2.81917446392284));
#14010=CARTESIAN_POINT('Origin',(10.161,0.771039036015452,-2.97791011409109));
#14011=CARTESIAN_POINT('',(10.161,0.658207367469106,-2.73938958894794));
#14012=CARTESIAN_POINT('Origin',(10.161,0.7379317131311,-2.95750563239033));
#14013=CARTESIAN_POINT('',(10.161,0.716246966275436,-2.72420849222904));
#14014=CARTESIAN_POINT('Origin',(10.161,0.764502184778772,-3.02723296872237));
#14015=CARTESIAN_POINT('',(10.161,0.768548117071094,-2.71939219847681));
#14016=CARTESIAN_POINT('Origin',(10.161,0.775906149407514,-3.08567739194069));
#14017=CARTESIAN_POINT('Origin',(10.161,0.79698432703686,-3.64142571288167));
#14018=CARTESIAN_POINT('',(10.161,0.750917982912842,-3.5128008063872));
#14019=CARTESIAN_POINT('',(10.161,0.736708091221347,-3.5139143100119));
#14020=CARTESIAN_POINT('Origin',(10.161,0.797234663226313,-4.19509357132911));
#14021=CARTESIAN_POINT('',(10.161,0.750917982912842,-3.67049680638719));
#14022=CARTESIAN_POINT('',(10.161,0.750917982912842,-3.67049680638719));
#14023=CARTESIAN_POINT('',(10.161,0.740246648160298,-3.67233377329439));
#14024=CARTESIAN_POINT('Origin',(10.161,0.800806780652319,-3.99222605212016));
#14025=CARTESIAN_POINT('',(10.161,0.70279913011093,-3.68513638973826));
#14026=CARTESIAN_POINT('Origin',(10.161,0.766805865405741,-3.81118730943698));
#14027=CARTESIAN_POINT('',(10.161,0.678935446666728,-3.70128649105205));
#14028=CARTESIAN_POINT('Origin',(10.161,0.759241209542062,-3.79424198989682));
#14029=CARTESIAN_POINT('',(10.161,0.656336678837214,-3.72924128900668));
#14030=CARTESIAN_POINT('Origin',(10.161,0.753693034037029,-3.78483268166716));
#14031=CARTESIAN_POINT('',(10.161,0.645748942858652,-3.75214086435597));
#14032=CARTESIAN_POINT('Origin',(10.161,0.767018076550946,-3.79431283492695));
#14033=CARTESIAN_POINT('',(10.161,0.637438905477776,-3.78350648353444));
#14034=CARTESIAN_POINT('Origin',(10.161,0.712933111196354,-3.74155125444485));
#14035=CARTESIAN_POINT('',(10.161,0.63292682079757,-3.82654229647396));
#14036=CARTESIAN_POINT('Origin',(10.161,0.928377982023069,-3.83576439731143));
#14037=CARTESIAN_POINT('',(10.161,0.632645982912848,-3.84097480638722));
#14038=CARTESIAN_POINT('Origin',(10.161,1.3964601021392,-3.84861864907772));
#14039=CARTESIAN_POINT('',(10.161,0.632780721243118,-3.85258777068795));
#14040=CARTESIAN_POINT('Origin',(10.161,1.12178874975951,-3.84110683705797));
#14041=CARTESIAN_POINT('',(10.161,0.633427035249639,-3.86417555759708));
#14042=CARTESIAN_POINT('Origin',(10.161,0.832006450740559,-3.8472877840476));
#14043=CARTESIAN_POINT('',(10.161,0.634524340832902,-3.87573966722867));
#14044=CARTESIAN_POINT('Origin',(10.161,1.24253776925145,-3.81221182905834));
#14045=CARTESIAN_POINT('',(10.161,0.637021366232183,-3.89296752969046));
#14046=CARTESIAN_POINT('Origin',(10.161,0.644580572254085,-3.85370807436192));
#14047=CARTESIAN_POINT('',(10.161,0.640330339964566,-3.90710533308121));
#14048=CARTESIAN_POINT('Origin',(10.161,0.853761914036309,-3.84969522163955));
#14049=CARTESIAN_POINT('',(10.161,0.643971545244283,-3.9181228326988));
#14050=CARTESIAN_POINT('Origin',(10.161,0.748731306615118,-3.87739003046253));
#14051=CARTESIAN_POINT('',(10.161,0.648484672387036,-3.92882852795472));
#14052=CARTESIAN_POINT('Origin',(10.161,0.819405359916116,-3.8504705243079));
#14053=CARTESIAN_POINT('',(10.161,0.655664083718769,-3.94142782264478));
#14054=CARTESIAN_POINT('Origin',(10.161,0.727140695157408,-3.89235340251214));
#14055=CARTESIAN_POINT('',(10.161,0.664731764034202,-3.95274747401606));
#14056=CARTESIAN_POINT('Origin',(10.161,0.726017427926375,-3.89436250674531));
#14057=CARTESIAN_POINT('',(10.161,0.699490230359331,-3.97285664029682));
#14058=CARTESIAN_POINT('Origin',(10.161,0.717962162352073,-3.90083372394118));
#14059=CARTESIAN_POINT('',(10.161,0.710875940456224,-3.97516580034892));
#14060=CARTESIAN_POINT('Origin',(10.161,0.726788082654821,-3.86748407203135));
#14061=CARTESIAN_POINT('',(10.161,0.719544068187474,-3.97590390776281));
#14062=CARTESIAN_POINT('Origin',(10.161,0.72176930875589,-3.89850421109926));
#14063=CARTESIAN_POINT('',(10.161,0.725353982912961,-3.97603280638715));
#14064=CARTESIAN_POINT('Origin',(10.161,0.725961836759401,-3.81763359069864));
#14065=CARTESIAN_POINT('',(10.161,0.730930309976931,-3.97564215275904));
#14066=CARTESIAN_POINT('Origin',(10.161,0.721652163470118,-3.8831971836619));
#14067=CARTESIAN_POINT('',(10.161,0.743454377557951,-3.97221755097212));
#14068=CARTESIAN_POINT('Origin',(10.161,0.726556472941372,-3.9350335441203));
#14069=CARTESIAN_POINT('',(10.161,0.75617790214984,-3.96454875749795));
#14070=CARTESIAN_POINT('Origin',(10.161,0.72005955031152,-3.91901310664045));
#14071=CARTESIAN_POINT('',(10.161,0.767028672746811,-3.95437650585931));
#14072=CARTESIAN_POINT('Origin',(10.161,0.70329351387566,-3.8972634255368));
#14073=CARTESIAN_POINT('',(10.161,0.784434278571373,-3.93028774605969));
#14074=CARTESIAN_POINT('Origin',(10.161,0.664619695525996,-3.86204705260788));
#14075=CARTESIAN_POINT('',(10.161,0.796267916701741,-3.90709070483318));
#14076=CARTESIAN_POINT('Origin',(10.161,0.545129080936347,-3.79359272805722));
#14077=CARTESIAN_POINT('',(10.161,0.804873662722584,-3.88649146582669));
#14078=CARTESIAN_POINT('Origin',(10.161,0.447506532517648,-3.74929139733193));
#14079=CARTESIAN_POINT('',(10.161,0.821315883060614,-3.83708079619182));
#14080=CARTESIAN_POINT('Origin',(10.161,0.299072639677607,-3.69073673549645));
#14081=CARTESIAN_POINT('',(10.161,0.82909101954669,-3.80834543857158));
#14082=CARTESIAN_POINT('Origin',(10.161,-0.91823235411812,-3.35097890335137));
#14083=CARTESIAN_POINT('',(10.161,0.832627833839935,-3.79388963356954));
#14084=CARTESIAN_POINT('Origin',(10.161,0.23262460499501,-3.6547510440073));
#14085=CARTESIAN_POINT('',(10.161,0.835955484564605,-3.77924060079091));
#14086=CARTESIAN_POINT('Origin',(10.161,-0.204681457616368,-3.55055365503527));
#14087=CARTESIAN_POINT('',(10.161,0.83682422350593,-3.77488110115405));
#14088=CARTESIAN_POINT('Origin',(10.161,0.913692135592533,-3.79246525694476));
#14089=CARTESIAN_POINT('',(10.161,0.838118625358341,-3.76867808934457));
#14090=CARTESIAN_POINT('',(10.161,0.838118625358341,-3.76867808934457));
#14091=CARTESIAN_POINT('',(10.161,0.839007774214469,-3.76463638313558));
#14092=CARTESIAN_POINT('',(10.161,0.839007774214468,-3.76463638313559));
#14093=CARTESIAN_POINT('',(10.161,0.840391982912783,-3.75858480638741));
#14094=CARTESIAN_POINT('',(10.161,0.840391982912781,-3.75858480638741));
#14095=CARTESIAN_POINT('',(10.161,0.844801506698093,-3.73881044786127));
#14096=CARTESIAN_POINT('Origin',(10.161,2.38895823495438,-4.0935238707916));
#14097=CARTESIAN_POINT('',(10.161,0.849665758832691,-3.71914558936924));
#14098=CARTESIAN_POINT('Origin',(10.161,1.52950532090244,-3.89774310363961));
#14099=CARTESIAN_POINT('',(10.161,0.854932192847807,-3.69958092465803));
#14100=CARTESIAN_POINT('Origin',(10.161,2.31287058935552,-4.10252123546463));
#14101=CARTESIAN_POINT('',(10.161,0.872460673204792,-3.64672169204188));
#14102=CARTESIAN_POINT('Origin',(10.161,1.37561451151469,-3.84290681820247));
#14103=CARTESIAN_POINT('',(10.161,0.880414220287961,-3.62808764838846));
#14104=CARTESIAN_POINT('Origin',(10.161,1.19938571478146,-3.77524830217285));
#14105=CARTESIAN_POINT('',(10.161,0.889861335256539,-3.6101759881936));
#14106=CARTESIAN_POINT('Origin',(10.161,1.0522333770666,-3.70726275200148));
#14107=CARTESIAN_POINT('',(10.161,0.892443982912843,-3.60581680638723));
#14108=CARTESIAN_POINT('',(10.161,0.892443982912843,-3.60581680638723));
#14109=CARTESIAN_POINT('',(10.161,0.899623545448966,-3.59558108678176));
#14110=CARTESIAN_POINT('Origin',(10.161,1.31025313285436,-3.89124167105253));
#14111=CARTESIAN_POINT('',(10.161,0.975661254104417,-3.53779850531303));
#14112=CARTESIAN_POINT('Origin',(10.161,1.0348182627491,-3.6945662212472));
#14113=CARTESIAN_POINT('',(10.161,1.00250981981445,-3.52953212368949));
#14114=CARTESIAN_POINT('Origin',(10.161,1.04939457315086,-3.72954438164741));
#14115=CARTESIAN_POINT('',(10.161,1.0457338402144,-3.52333343065456));
#14116=CARTESIAN_POINT('Origin',(10.161,1.05778472518766,-3.76116704445888));
#14117=CARTESIAN_POINT('',(10.161,1.06446198291275,-3.52265680638722));
#14118=CARTESIAN_POINT('Origin',(10.161,1.0773896279754,-4.14000291162122));
#14119=CARTESIAN_POINT('',(10.161,1.08425842530859,-3.52338880309435));
#14120=CARTESIAN_POINT('Origin',(10.161,1.05396373187205,-4.07463401257146));
#14121=CARTESIAN_POINT('',(10.161,1.13625565945548,-3.53213494462465));
#14122=CARTESIAN_POINT('Origin',(10.161,1.07031280101858,-3.76523688656079));
#14123=CARTESIAN_POINT('',(10.161,1.17884103810255,-3.54990232155977));
#14124=CARTESIAN_POINT('Origin',(10.161,1.07686185187692,-3.73441043396572));
#14125=CARTESIAN_POINT('',(10.161,1.23736437372561,-3.60251134703152));
#14126=CARTESIAN_POINT('Origin',(10.161,1.08320781943599,-3.71514241223914));
#14127=CARTESIAN_POINT('',(10.161,1.26613969355494,-3.65432892360496));
#14128=CARTESIAN_POINT('Origin',(10.161,1.05484179113457,-3.73776826737032));
#14129=CARTESIAN_POINT('',(10.161,1.28567112396338,-3.72415224004691));
#14130=CARTESIAN_POINT('Origin',(10.161,0.949266517694378,-3.78061012848487));
#14131=CARTESIAN_POINT('',(10.161,1.29242984890645,-3.7897786879603));
#14132=CARTESIAN_POINT('Origin',(10.161,0.808828124975405,-3.80642251913633));
#14133=CARTESIAN_POINT('',(10.161,1.29299798291278,-3.81618080638733));
#14134=CARTESIAN_POINT('Origin',(10.161,0.0557832860935371,-3.82959663991322));
#14135=CARTESIAN_POINT('',(10.161,1.29222092035825,-3.84288624944894));
#14136=CARTESIAN_POINT('Origin',(10.161,0.24150483853268,-3.79894897502906));
#14137=CARTESIAN_POINT('',(10.161,1.27878181460014,-3.92848990274288));
#14138=CARTESIAN_POINT('Origin',(10.161,0.917497269002496,-3.82791430349929));
#14139=CARTESIAN_POINT('',(10.161,1.2422670521951,-4.00686493699733));
#14140=CARTESIAN_POINT('Origin',(10.161,1.02516012109213,-3.8580216854361));
#14141=CARTESIAN_POINT('',(10.161,1.13189465530176,-4.08951642871114));
#14142=CARTESIAN_POINT('Origin',(10.161,1.06444439308104,-3.88442255441872));
#14143=CARTESIAN_POINT('',(10.161,1.06659314651218,-4.10281996687802));
#14144=CARTESIAN_POINT('Origin',(10.161,1.04565974405944,-3.83314596675588));
#14145=CARTESIAN_POINT('',(10.161,1.04659798291285,-4.10416080638722));
#14146=CARTESIAN_POINT('Origin',(10.161,1.00811085162092,-3.38046592047712));
#14147=CARTESIAN_POINT('',(10.161,1.04659798291285,-3.94646480638723));
#14148=CARTESIAN_POINT('',(10.161,1.04659798291285,-3.94646480638723));
#14149=CARTESIAN_POINT('',(10.161,1.05963901596597,-3.9450590889316));
#14150=CARTESIAN_POINT('Origin',(10.161,1.01801398988738,-3.62009261236653));
#14151=CARTESIAN_POINT('',(10.161,1.09440689677892,-3.9357806812783));
#14152=CARTESIAN_POINT('Origin',(10.161,1.04135245019445,-3.80675601155306));
#14153=CARTESIAN_POINT('',(10.161,1.10611916279288,-3.92989062153226));
#14154=CARTESIAN_POINT('Origin',(10.161,1.05518264236338,-3.84319420254569));
#14155=CARTESIAN_POINT('',(10.161,1.11445426549651,-3.92465506385595));
#14156=CARTESIAN_POINT('Origin',(10.161,1.03856310024969,-3.8130875495408));
#14157=CARTESIAN_POINT('',(10.161,1.14666382013692,-3.88805467007111));
#14158=CARTESIAN_POINT('Origin',(10.161,1.0538832688343,-3.83887765493678));
#14159=CARTESIAN_POINT('',(10.161,1.15929895002578,-3.85437776369238));
#14160=CARTESIAN_POINT('Origin',(10.161,1.03122528272752,-3.82553493752961));
#14161=CARTESIAN_POINT('',(10.161,1.16455423777892,-3.81543359332527));
#14162=CARTESIAN_POINT('Origin',(10.161,0.965236399517402,-3.80836348849758));
#14163=CARTESIAN_POINT('',(10.161,1.16486998291284,-3.80232080638725));
#14164=CARTESIAN_POINT('Origin',(10.161,0.594826146246612,-3.79515481414975));
#14165=CARTESIAN_POINT('',(10.161,1.16423034726676,-3.78599712918482));
#14166=CARTESIAN_POINT('Origin',(10.161,0.617507533076609,-3.81559457711708));
#14167=CARTESIAN_POINT('',(10.161,1.16029988924588,-3.7563355264895));
#14168=CARTESIAN_POINT('Origin',(10.161,0.989776231527185,-3.79402282467997));
#14169=CARTESIAN_POINT('',(10.161,1.14789345031933,-3.72326769300545));
#14170=CARTESIAN_POINT('Origin',(10.161,1.03744992927341,-3.78356530726356));
#14171=CARTESIAN_POINT('',(10.161,1.13316905342061,-3.70376648218917));
#14172=CARTESIAN_POINT('Origin',(10.161,1.07326772834743,-3.76430443749483));
#14173=CARTESIAN_POINT('',(10.161,1.11587814138563,-3.69066251680307));
#14174=CARTESIAN_POINT('Origin',(10.161,1.12084521942718,-3.74119568845177));
#14175=CARTESIAN_POINT('',(10.161,1.09553896007095,-3.68302219188157));
#14176=CARTESIAN_POINT('Origin',(10.161,1.12004073875216,-3.77022460948899));
#14177=CARTESIAN_POINT('',(10.161,1.08211461373303,-3.68080972997553));
#14178=CARTESIAN_POINT('Origin',(10.161,1.07282099507947,-3.77903279365306));
#14179=CARTESIAN_POINT('',(10.161,1.07668349180022,-3.68048786879704));
#14180=CARTESIAN_POINT('Origin',(10.161,1.07316794447381,-3.78579322554179));
#14181=CARTESIAN_POINT('',(10.161,1.07123798291286,-3.6803528063872));
#14182=CARTESIAN_POINT('Origin',(10.161,1.06924839192213,-3.87041486660391));
#14183=CARTESIAN_POINT('',(10.161,1.06352354397579,-3.68109034867479));
#14184=CARTESIAN_POINT('Origin',(10.161,1.08281818550057,-3.8421917085363));
#14185=CARTESIAN_POINT('',(10.161,1.05844841236208,-3.68190583255832));
#14186=CARTESIAN_POINT('Origin',(10.161,1.07155294588761,-3.74726119521387));
#14187=CARTESIAN_POINT('',(10.161,1.04629144108381,-3.68608760365718));
#14188=CARTESIAN_POINT('Origin',(10.161,1.06856104298119,-3.73106647172684));
#14189=CARTESIAN_POINT('',(10.161,1.02947165278559,-3.69793046278683));
#14190=CARTESIAN_POINT('Origin',(10.161,1.07656209354156,-3.74694497378029));
#14191=CARTESIAN_POINT('',(10.161,1.01764206156127,-3.71152101095534));
#14192=CARTESIAN_POINT('Origin',(10.161,1.09843316050974,-3.76990015440555));
#14193=CARTESIAN_POINT('',(10.161,1.00790220308132,-3.72668309515947));
#14194=CARTESIAN_POINT('Origin',(10.161,1.13603553609674,-3.79828431404256));
#14195=CARTESIAN_POINT('',(10.161,1.00091958125786,-3.74045816258365));
#14196=CARTESIAN_POINT('Origin',(10.161,1.17036170164563,-3.81769157784307));
#14197=CARTESIAN_POINT('',(10.161,0.985077507045479,-3.7839625777484));
#14198=CARTESIAN_POINT('Origin',(10.161,1.27533090963121,-3.86502132095218));
#14199=CARTESIAN_POINT('',(10.161,0.982361969809136,-3.79389435576991));
#14200=CARTESIAN_POINT('Origin',(10.161,1.54898085852016,-3.94348162094207));
#14201=CARTESIAN_POINT('',(10.161,0.97976198291085,-3.80386080639493));
#14202=CARTESIAN_POINT('Origin',(10.161,2.00248898299153,-4.06534123346131));
#14203=CARTESIAN_POINT('',(10.161,0.976466237039348,-3.81686812295367));
#14204=CARTESIAN_POINT('',(10.161,0.976466237039348,-3.81686812295367));
#14205=CARTESIAN_POINT('',(10.161,0.973274642580033,-3.82990130509109));
#14206=CARTESIAN_POINT('',(10.161,0.973274642580031,-3.82990130509109));
#14207=CARTESIAN_POINT('',(10.161,0.97001543664621,-3.84291770305363));
#14208=CARTESIAN_POINT('Origin',(10.161,-0.134694110740861,-3.55939069026303));
#14209=CARTESIAN_POINT('',(10.161,0.966671982912715,-3.85591280638773));
#14210=CARTESIAN_POINT('',(10.161,0.966671982912715,-3.85591280638773));
#14211=CARTESIAN_POINT('',(10.161,0.948932019902619,-3.92585904293276));
#14212=CARTESIAN_POINT('Origin',(10.161,-3.73386002440367,-2.70097328739944));
#14213=CARTESIAN_POINT('',(10.161,0.940856455700237,-3.95482130338845));
#14214=CARTESIAN_POINT('Origin',(10.161,-2.81033763391753,-2.89326665066067));
#14215=CARTESIAN_POINT('',(10.161,0.925655212006177,-4.00045126985876));
#14216=CARTESIAN_POINT('Origin',(10.161,0.405009677144681,-3.80165547445707));
#14217=CARTESIAN_POINT('',(10.161,0.913559338457847,-4.0279680051592));
#14218=CARTESIAN_POINT('Origin',(10.161,0.639292487851823,-3.89098818028097));
#14219=CARTESIAN_POINT('',(10.161,0.908151982912874,-4.03871080638713));
#14220=CARTESIAN_POINT('Origin',(10.161,0.378832752871419,-3.76554733184551));
#14221=CARTESIAN_POINT('',(10.161,0.901680900256475,-4.049681315919));
#14222=CARTESIAN_POINT('Origin',(10.161,0.338620285278115,-3.7101596861958));
#14223=CARTESIAN_POINT('',(10.161,0.800155743501864,-4.12633575611039));
#14224=CARTESIAN_POINT('Origin',(10.161,0.758536650185824,-3.9656534098602));
#14225=CARTESIAN_POINT('',(10.161,0.759373942062027,-4.13293599437068));
#14226=CARTESIAN_POINT('Origin',(10.161,0.747236398560458,-3.92864789555379));
#14227=CARTESIAN_POINT('',(10.161,0.740291982912856,-4.13372880638713));
#14228=CARTESIAN_POINT('Origin',(10.161,0.728240922838581,-3.61363995125061));
#14229=CARTESIAN_POINT('',(10.161,0.719420972064406,-4.13302890713746));
#14230=CARTESIAN_POINT('Origin',(10.161,0.74774759487052,-3.59986534729043));
#14231=CARTESIAN_POINT('',(10.161,0.684930662062833,-4.12860204830817));
#14232=CARTESIAN_POINT('Origin',(10.161,0.733309867322436,-3.88824550058101));
#14233=CARTESIAN_POINT('',(10.161,0.651334533576752,-4.11961907365481));
#14234=CARTESIAN_POINT('Origin',(10.161,0.729672127383711,-3.89395406806218));
#14235=CARTESIAN_POINT('',(10.161,0.565924893725606,-4.06150416848089));
#14236=CARTESIAN_POINT('Origin',(10.161,0.719359403655695,-3.92782569444433));
#14237=CARTESIAN_POINT('',(10.161,0.519868482802246,-3.98416132160143));
#14238=CARTESIAN_POINT('Origin',(10.161,0.756407310132974,-3.89569063256334));
#14239=CARTESIAN_POINT('',(10.161,0.497209224358519,-3.88255982740008));
#14240=CARTESIAN_POINT('Origin',(10.161,0.889120883885238,-3.84848282096471));
#14241=CARTESIAN_POINT('',(10.161,0.495381154681199,-3.85478684618842));
#14242=CARTESIAN_POINT('Origin',(10.161,1.00272417378823,-3.83533923186687));
#14243=CARTESIAN_POINT('',(10.161,0.494661982912882,-3.82696080638689));
#14244=CARTESIAN_POINT('Origin',(10.161,1.81740901270251,-3.80669635356026));
#14245=CARTESIAN_POINT('',(10.161,0.495413045517293,-3.79847484904788));
#14246=CARTESIAN_POINT('Origin',(10.161,1.63456924553536,-3.84276279547976));
#14247=CARTESIAN_POINT('',(10.161,0.508883809782721,-3.70701195375323));
#14248=CARTESIAN_POINT('Origin',(10.161,0.928826915597729,-3.81558511781195));
#14249=CARTESIAN_POINT('',(10.161,0.549662953607923,-3.61649691992159));
#14250=CARTESIAN_POINT('Origin',(10.161,0.790209725389291,-3.77931237432336));
#14251=CARTESIAN_POINT('',(10.161,0.673805894170156,-3.525760313243));
#14252=CARTESIAN_POINT('Origin',(10.161,0.738617256790359,-3.74472567470276));
#14253=CARTESIAN_POINT('Origin',(10.161,0.760425458424408,-3.81278149158206));
#14254=CARTESIAN_POINT('',(10.161,2.16853930265102,0.360718070345305));
#14255=CARTESIAN_POINT('',(10.161,2.16853930265102,0.360718070345306));
#14256=CARTESIAN_POINT('',(10.161,2.21895296796398,0.25582614564131));
#14257=CARTESIAN_POINT('Origin',(10.161,2.08462576288676,0.255826145641406));
#14258=CARTESIAN_POINT('',(10.161,2.21895296796398,-0.92948410055932));
#14259=CARTESIAN_POINT('',(10.161,2.21895296796398,-0.92948410055932));
#14260=CARTESIAN_POINT('',(10.161,2.13139668625286,-1.05540581731746));
#14261=CARTESIAN_POINT('Origin',(10.161,2.08462576288693,-0.929484100559351));
#14262=CARTESIAN_POINT('',(10.161,1.08943044774583,-1.40425668633636));
#14263=CARTESIAN_POINT('',(10.161,1.08943044774583,-1.40425668633636));
#14264=CARTESIAN_POINT('',(10.161,1.04358992352822,-1.46794558518719));
#14265=CARTESIAN_POINT('Origin',(10.161,1.11075352606632,-1.46794558518721));
#14266=CARTESIAN_POINT('',(10.161,1.04358992352822,-1.65434349668614));
#14267=CARTESIAN_POINT('',(10.161,2.12840390374096,-1.32517183241066));
#14268=CARTESIAN_POINT('',(10.161,2.21895296796398,-1.78157668506254));
#14269=CARTESIAN_POINT('',(10.161,2.21895296796398,-1.78157668506254));
#14270=CARTESIAN_POINT('',(10.161,2.1744544817681,-1.84480043066065));
#14271=CARTESIAN_POINT('Origin',(10.161,2.1517893654217,-1.78157668506249));
#14272=CARTESIAN_POINT('',(10.161,0.708603657327542,-2.37029412243919));
#14273=CARTESIAN_POINT('',(10.161,0.439117500675326,-1.10365200936373));
#14274=CARTESIAN_POINT('',(10.161,0.439117500675327,-1.10365200936373));
#14275=CARTESIAN_POINT('',(10.161,0.485268211389861,-1.03986009856638));
#14276=CARTESIAN_POINT('Origin',(10.161,0.506281103214161,-1.10365200936371));
#14277=CARTESIAN_POINT('',(10.161,0.995622529741947,-0.871750694888979));
#14278=CARTESIAN_POINT('',(10.161,0.995622529741947,-0.871750694888979));
#14279=CARTESIAN_POINT('',(10.161,0.995622529742054,-0.738860363700081));
#14280=CARTESIAN_POINT('Origin',(10.161,0.995622529741883,-0.80530552929453));
#14281=CARTESIAN_POINT('',(10.161,0.439117500675327,-0.63739652294681));
#14282=CARTESIAN_POINT('',(10.161,0.439117500675327,-0.63739652294681));
#14283=CARTESIAN_POINT('',(10.161,0.439117500675327,-0.131939696060619));
#14284=CARTESIAN_POINT('',(10.161,0.976426320988213,-0.183339880950379));
#14285=CARTESIAN_POINT('',(10.161,0.976426320988213,-0.183339880950379));
#14286=CARTESIAN_POINT('',(10.161,1.08614726779106,-0.19210551810478));
#14287=CARTESIAN_POINT('',(10.161,1.12240340771469,-0.0110945198463684));
#14288=CARTESIAN_POINT('',(10.161,1.12240340771469,-0.0110945198463685));
#14289=CARTESIAN_POINT('',(10.161,1.21636369313498,0.199512145161963));
#14290=CARTESIAN_POINT('Origin',(10.161,1.35341597367087,0.0121043882128203));
#14291=CARTESIAN_POINT('',(10.161,1.98322917185325,0.433980076339907));
#14292=CARTESIAN_POINT('',(10.161,0.893829982912448,1.07710156789505));
#14293=CARTESIAN_POINT('',(10.161,0.874771275382777,1.07667769605768));
#14294=CARTESIAN_POINT('Origin',(10.161,0.91485664395508,-0.29701185936618));
#14295=CARTESIAN_POINT('',(10.161,0.932799028218664,1.07599675621926));
#14296=CARTESIAN_POINT('Origin',(10.161,0.875634815171863,-0.252493238794315));
#14297=CARTESIAN_POINT('',(10.161,1.03871249575476,1.06048899249574));
#14298=CARTESIAN_POINT('Origin',(10.161,0.908656658656918,0.541678662833196));
#14299=CARTESIAN_POINT('',(10.161,1.12924156851179,1.02500702897651));
#14300=CARTESIAN_POINT('Origin',(10.161,0.944168922999864,0.686040060317749));
#14301=CARTESIAN_POINT('',(10.161,1.26265064646041,0.874888063181573));
#14302=CARTESIAN_POINT('Origin',(10.161,0.985413452186638,0.762849485065602));
#14303=CARTESIAN_POINT('',(10.161,1.28445824523557,0.800149236077061));
#14304=CARTESIAN_POINT('Origin',(10.161,0.914564497793456,0.73277110334337));
#14305=CARTESIAN_POINT('',(10.161,1.29259841736629,0.722685453688269));
#14306=CARTESIAN_POINT('Origin',(10.161,0.830584423440151,0.713294956312825));
#14307=CARTESIAN_POINT('',(10.161,1.29299798291278,0.703189567894839));
#14308=CARTESIAN_POINT('Origin',(10.161,0.202722988521857,0.690596566539965));
#14309=CARTESIAN_POINT('',(10.161,1.29222519629621,0.67325790521589));
#14310=CARTESIAN_POINT('Origin',(10.161,0.317036249915817,0.713411497558008));
#14311=CARTESIAN_POINT('',(10.161,1.27673785576544,0.577390930741234));
#14312=CARTESIAN_POINT('Origin',(10.161,0.866981550677171,0.69277167314984));
#14313=CARTESIAN_POINT('',(10.161,1.20651093172624,0.455372002466587));
#14314=CARTESIAN_POINT('Origin',(10.161,1.00229785835763,0.654123755107231));
#14315=CARTESIAN_POINT('',(10.161,1.11920899570124,0.398722506197526));
#14316=CARTESIAN_POINT('Origin',(10.161,1.03004793108632,0.631722464870898));
#14317=CARTESIAN_POINT('',(10.161,1.0319505888733,0.378614237005359));
#14318=CARTESIAN_POINT('Origin',(10.161,1.00447625849654,0.697217109393006));
#14319=CARTESIAN_POINT('',(10.161,1.01702998291281,0.377325567895116));
#14320=CARTESIAN_POINT('Origin',(10.161,0.959910090581294,1.12569919885287));
#14321=CARTESIAN_POINT('',(10.161,1.01702998291281,0.535021567895102));
#14322=CARTESIAN_POINT('',(10.161,1.01702998291281,0.535021567895101));
#14323=CARTESIAN_POINT('',(10.161,1.0319918142269,0.537810962982759));
#14324=CARTESIAN_POINT('Origin',(10.161,0.942456862384682,0.976539879865406));
#14325=CARTESIAN_POINT('',(10.161,1.07505823748668,0.55262145110513));
#14326=CARTESIAN_POINT('Origin',(10.161,0.997186044994689,0.709040543945241));
#14327=CARTESIAN_POINT('',(10.161,1.12403721411171,0.594013510043107));
#14328=CARTESIAN_POINT('Origin',(10.161,1.01130729458598,0.67773185687395));
#14329=CARTESIAN_POINT('',(10.161,1.14792200817965,0.645498525013746));
#14330=CARTESIAN_POINT('Origin',(10.161,1.00097812985143,0.682385553159677));
#14331=CARTESIAN_POINT('',(10.161,1.15409321550625,0.682997730355362));
#14332=CARTESIAN_POINT('Origin',(10.161,0.949116737857442,0.69747311017056));
#14333=CARTESIAN_POINT('',(10.161,1.15481854921587,0.698200072286345));
#14334=CARTESIAN_POINT('Origin',(10.161,0.807334389203836,0.707160752216109));
#14335=CARTESIAN_POINT('',(10.161,1.15501398291282,0.705807567895011));
#14336=CARTESIAN_POINT('Origin',(10.161,0.466090911715055,0.7196994840096));
#14337=CARTESIAN_POINT('',(10.161,1.15440394923089,0.723871416919379));
#14338=CARTESIAN_POINT('Origin',(10.161,0.539609299802971,0.694066980764376));
#14339=CARTESIAN_POINT('',(10.161,1.14193009094765,0.78873694462793));
#14340=CARTESIAN_POINT('Origin',(10.161,0.927583259568999,0.713885184651773));
#14341=CARTESIAN_POINT('',(10.161,1.11624902566838,0.836277908668039));
#14342=CARTESIAN_POINT('Origin',(10.161,0.972350384031417,0.727838782507318));
#14343=CARTESIAN_POINT('',(10.161,1.05642948499826,0.885943603810641));
#14344=CARTESIAN_POINT('Origin',(10.161,0.972984837243277,0.724581725414223));
#14345=CARTESIAN_POINT('',(10.161,0.988517800250473,0.910090382793206));
#14346=CARTESIAN_POINT('Origin',(10.161,0.935995102016658,0.654800148875596));
#14347=CARTESIAN_POINT('',(10.161,0.928873153000535,0.918200274907328));
#14348=CARTESIAN_POINT('Origin',(10.161,0.905179662281109,0.52056033117731));
#14349=CARTESIAN_POINT('',(10.161,0.904797810886266,0.919156118546378));
#14350=CARTESIAN_POINT('Origin',(10.161,0.891603071334666,0.283136050549618));
#14351=CARTESIAN_POINT('',(10.161,0.89275198291296,0.919405567895057));
#14352=CARTESIAN_POINT('Origin',(10.161,0.87253604660341,-0.347784709601933));
#14353=CARTESIAN_POINT('',(10.161,0.869175608808329,0.918940383612395));
#14354=CARTESIAN_POINT('Origin',(10.161,0.898146639635211,0.048315622856233));
#14355=CARTESIAN_POINT('',(10.161,0.816429759696009,0.913494542143903));
#14356=CARTESIAN_POINT('Origin',(10.161,0.829890035493411,0.90422087681563));
#14357=CARTESIAN_POINT('',(10.161,0.759535662080215,0.898362770056287));
#14358=CARTESIAN_POINT('Origin',(10.161,0.870622164834524,0.595211766332062));
#14359=CARTESIAN_POINT('',(10.161,0.698243111673958,0.8636356019394));
#14360=CARTESIAN_POINT('Origin',(10.161,0.833851388965691,0.695743976528889));
#14361=CARTESIAN_POINT('',(10.161,0.656623147140274,0.814355955396835));
#14362=CARTESIAN_POINT('Origin',(10.161,0.809339274397015,0.727592198053703));
#14363=CARTESIAN_POINT('',(10.161,0.638163305407855,0.764799081417591));
#14364=CARTESIAN_POINT('Origin',(10.161,0.812537350596533,0.728061644760532));
#14365=CARTESIAN_POINT('',(10.161,0.63298000480932,0.723912936287723));
#14366=CARTESIAN_POINT('Origin',(10.161,0.854592678452232,0.716589835304553));
#14367=CARTESIAN_POINT('',(10.161,0.632645982912851,0.712121567895077));
#14368=CARTESIAN_POINT('Origin',(10.161,1.09956429069128,0.704795279190934));
#14369=CARTESIAN_POINT('',(10.161,0.633147319199088,0.69674096976402));
#14370=CARTESIAN_POINT('Origin',(10.161,1.25719357651649,0.724780458077716));
#14371=CARTESIAN_POINT('',(10.161,0.647777215071419,0.6294060534723));
#14372=CARTESIAN_POINT('Origin',(10.161,0.827988068804293,0.7038173500735));
#14373=CARTESIAN_POINT('',(10.161,0.712949033809057,0.555849271911215));
#14374=CARTESIAN_POINT('Origin',(10.161,0.787816722061634,0.687832295606171));
#14375=CARTESIAN_POINT('',(10.161,0.719777245096294,0.552302816243338));
#14376=CARTESIAN_POINT('Origin',(10.161,0.785860950732219,0.687884495065554));
#14377=CARTESIAN_POINT('',(10.161,0.737366695333979,0.544510485104654));
#14378=CARTESIAN_POINT('Origin',(10.161,0.82835609353025,0.773647062089377));
#14379=CARTESIAN_POINT('',(10.161,0.759379474298604,0.537602912996303));
#14380=CARTESIAN_POINT('Origin',(10.161,0.799217126619835,0.703084490629584));
#14381=CARTESIAN_POINT('',(10.161,0.770629982912869,0.535021567895098));
#14382=CARTESIAN_POINT('Origin',(10.161,0.866401685161099,0.9782397195162));
#14383=CARTESIAN_POINT('',(10.161,0.770629982912868,0.377325567895114));
#14384=CARTESIAN_POINT('',(10.161,0.770629982912869,0.377325567895116));
#14385=CARTESIAN_POINT('',(10.161,0.747881022089183,0.379756136443455));
#14386=CARTESIAN_POINT('Origin',(10.161,0.834991895565468,1.08739732113256));
#14387=CARTESIAN_POINT('',(10.161,0.646823863385204,0.412238128637176));
#14388=CARTESIAN_POINT('Origin',(10.161,0.781974466372015,0.659271048170699));
#14389=CARTESIAN_POINT('',(10.161,0.566510331544925,0.481580344405272));
#14390=CARTESIAN_POINT('Origin',(10.161,0.780034436433032,0.647706732592508));
#14391=CARTESIAN_POINT('',(10.161,0.511570696808161,0.58971501112779));
#14392=CARTESIAN_POINT('Origin',(10.161,0.817524336887732,0.677136064086812));
#14393=CARTESIAN_POINT('',(10.161,0.495591736157194,0.68733243828251));
#14394=CARTESIAN_POINT('Origin',(10.161,0.912897254483246,0.705524516015241));
#14395=CARTESIAN_POINT('',(10.161,0.494661982912889,0.71781956789526));
#14396=CARTESIAN_POINT('Origin',(10.161,1.59092866622621,0.735994212603005));
#14397=CARTESIAN_POINT('',(10.161,0.495561742349697,0.746401154210057));
#14398=CARTESIAN_POINT('Origin',(10.161,1.50157383115046,0.70042654742556));
#14399=CARTESIAN_POINT('',(10.161,0.513758271130252,0.849370034029927));
#14400=CARTESIAN_POINT('Origin',(10.161,0.901566573193587,0.727744773201111));
#14401=CARTESIAN_POINT('',(10.161,0.646702807226842,1.0177817907316));
#14402=CARTESIAN_POINT('Origin',(10.161,0.802141721305736,0.75839883602733));
#14403=CARTESIAN_POINT('',(10.161,0.72462784624328,1.05320832948127));
#14404=CARTESIAN_POINT('Origin',(10.161,0.831398132868726,0.714937788503157));
#14405=CARTESIAN_POINT('',(10.161,0.846210987107424,1.07546416370771));
#14406=CARTESIAN_POINT('Origin',(10.161,0.87444978231691,0.577965285306384));
#14407=CARTESIAN_POINT('Origin',(10.161,0.892296668310817,0.327532741041694));
#14408=CARTESIAN_POINT('',(10.161,3.30007163053216,-1.81721846409313));
#14409=CARTESIAN_POINT('',(10.161,3.28093292203065,-1.8176248715623));
#14410=CARTESIAN_POINT('Origin',(10.161,3.31415289885974,-2.93118656080556));
#14411=CARTESIAN_POINT('',(10.161,3.32882029451534,-1.81792280891609));
#14412=CARTESIAN_POINT('Origin',(10.161,3.28132910687461,-3.16927412633518));
#14413=CARTESIAN_POINT('',(10.161,3.42149473802214,-1.82921261113514));
#14414=CARTESIAN_POINT('Origin',(10.161,3.3074793245393,-2.3791167475));
#14415=CARTESIAN_POINT('',(10.161,3.50330585697978,-1.85612386002663));
#14416=CARTESIAN_POINT('Origin',(10.161,3.33648590259556,-2.2254523115494));
#14417=CARTESIAN_POINT('',(10.161,3.56463657694885,-1.89337833994702));
#14418=CARTESIAN_POINT('Origin',(10.161,3.36603712933649,-2.15121499167371));
#14419=CARTESIAN_POINT('',(10.161,3.60554263161628,-1.93367282692643));
#14420=CARTESIAN_POINT('Origin',(10.161,3.40114688792077,-2.10026008175696));
#14421=CARTESIAN_POINT('',(10.161,3.64957765146392,-2.02333526403252));
#14422=CARTESIAN_POINT('Origin',(10.161,3.42585341431437,-2.07756626175938));
#14423=CARTESIAN_POINT('',(10.161,3.65423247217008,-2.04439654578403));
#14424=CARTESIAN_POINT('Origin',(10.161,3.12725346359582,-2.14982081932108));
#14425=CARTESIAN_POINT('',(10.161,3.66121285562595,-2.02211756532697));
#14426=CARTESIAN_POINT('Origin',(10.161,4.2270973409954,-2.21165182473543));
#14427=CARTESIAN_POINT('',(10.161,3.7056398725709,-1.94047293538694));
#14428=CARTESIAN_POINT('Origin',(10.161,3.91596125385221,-2.10782937140047));
#14429=CARTESIAN_POINT('',(10.161,3.73433153611045,-1.91145375453289));
#14430=CARTESIAN_POINT('Origin',(10.161,3.86674872616963,-2.07106996473467));
#14431=CARTESIAN_POINT('',(10.161,3.77805759809037,-1.88253609953566));
#14432=CARTESIAN_POINT('Origin',(10.161,3.8743010705438,-2.07558244702135));
#14433=CARTESIAN_POINT('',(10.161,3.82146355874284,-1.86548344174797));
#14434=CARTESIAN_POINT('Origin',(10.161,3.89002284249668,-2.10376400202559));
#14435=CARTESIAN_POINT('',(10.161,3.84974575012542,-1.85826967221531));
#14436=CARTESIAN_POINT('Origin',(10.161,3.94043439792101,-2.2728704006943));
#14437=CARTESIAN_POINT('',(10.161,3.86697581427213,-1.85518628194758));
#14438=CARTESIAN_POINT('Origin',(10.161,3.90424700104422,-2.11314134856815));
#14439=CARTESIAN_POINT('',(10.161,3.913446141765,-1.85073362485596));
#14440=CARTESIAN_POINT('Origin',(10.161,3.93694594801533,-2.3407112705211));
#14441=CARTESIAN_POINT('',(10.161,3.93678843091726,-1.85018761880566));
#14442=CARTESIAN_POINT('Origin',(10.161,3.94483352153173,-2.69334883260403));
#14443=CARTESIAN_POINT('',(10.161,3.97067699384849,-1.85114987218375));
#14444=CARTESIAN_POINT('Origin',(10.161,3.92729225418213,-2.78184669930956));
#14445=CARTESIAN_POINT('',(10.161,4.07869681708948,-1.87128832095352));
#14446=CARTESIAN_POINT('Origin',(10.161,3.94873268787653,-2.26862689905357));
#14447=CARTESIAN_POINT('',(10.161,4.26549541775216,-2.06444298240754));
#14448=CARTESIAN_POINT('Origin',(10.161,3.99200643986052,-2.14202919248674));
#14449=CARTESIAN_POINT('',(10.161,4.27987585174966,-2.14780657182171));
#14450=CARTESIAN_POINT('Origin',(10.161,3.91468358821006,-2.16788105269527));
#14451=CARTESIAN_POINT('',(10.161,4.28116155475029,-2.18168216657908));
#14452=CARTESIAN_POINT('Origin',(10.161,3.29441520810325,-2.20217061165362));
#14453=CARTESIAN_POINT('',(10.161,4.28056583759722,-2.20649151576743));
#14454=CARTESIAN_POINT('Origin',(10.161,3.45967850689562,-2.17436870590961));
#14455=CARTESIAN_POINT('',(10.161,4.27642586298526,-2.24760789526134));
#14456=CARTESIAN_POINT('Origin',(10.161,3.93748491360859,-2.19271359329716));
#14457=CARTESIAN_POINT('',(10.161,4.26798810196303,-2.28807868756399));
#14458=CARTESIAN_POINT('Origin',(10.161,3.88462894349315,-2.18703709305787));
#14459=CARTESIAN_POINT('',(10.161,4.24423348487835,-2.34971389333466));
#14460=CARTESIAN_POINT('Origin',(10.161,3.96933323401122,-2.20837031706977));
#14461=CARTESIAN_POINT('',(10.161,4.08545463712233,-2.48740239239456));
#14462=CARTESIAN_POINT('Origin',(10.161,3.98850927084279,-2.21521338283252));
#14463=CARTESIAN_POINT('',(10.161,4.01331879903009,-2.50525670774751));
#14464=CARTESIAN_POINT('Origin',(10.161,3.96595472084416,-2.15924370135209));
#14465=CARTESIAN_POINT('',(10.161,3.97215490526064,-2.50896232759005));
#14466=CARTESIAN_POINT('Origin',(10.161,3.95812486986561,-2.12262216541652));
#14467=CARTESIAN_POINT('',(10.161,3.94734886328595,-2.50957071305596));
#14468=CARTESIAN_POINT('Origin',(10.161,3.93530587059681,-1.51251548770811));
#14469=CARTESIAN_POINT('',(10.161,3.92372307876102,-2.50901743220786));
#14470=CARTESIAN_POINT('Origin',(10.161,3.9565395179067,-1.61241633934676));
#14471=CARTESIAN_POINT('',(10.161,3.85348887595873,-2.49996591940354));
#14472=CARTESIAN_POINT('Origin',(10.161,3.9408168005978,-2.09936762339098));
#14473=CARTESIAN_POINT('',(10.161,3.83066656060225,-2.49385807116994));
#14474=CARTESIAN_POINT('Origin',(10.161,3.917768385237,-2.2140895994519));
#14475=CARTESIAN_POINT('',(10.161,3.80829848833454,-2.48621059846203));
#14476=CARTESIAN_POINT('Origin',(10.161,3.9515360174304,-2.10379142992475));
#14477=CARTESIAN_POINT('',(10.161,3.77627769831453,-2.47107279796877));
#14478=CARTESIAN_POINT('Origin',(10.161,3.88668429630685,-2.27896665323585));
#14479=CARTESIAN_POINT('',(10.161,3.7422710236162,-2.44762193980409));
#14480=CARTESIAN_POINT('Origin',(10.161,3.88443079782239,-2.27785489621396));
#14481=CARTESIAN_POINT('',(10.161,3.70928097532066,-2.41389876287224));
#14482=CARTESIAN_POINT('Origin',(10.161,3.86742118747188,-2.29219447415207));
#14483=CARTESIAN_POINT('',(10.161,3.66396480280644,-2.32491015099762));
#14484=CARTESIAN_POINT('Origin',(10.161,3.92136332030746,-2.24986626374118));
#14485=CARTESIAN_POINT('',(10.161,3.66067176019989,-2.31355878542923));
#14486=CARTESIAN_POINT('Origin',(10.161,4.25099873119261,-2.14845767569552));
#14487=CARTESIAN_POINT('',(10.161,3.65329308196269,-2.34072815067133));
#14488=CARTESIAN_POINT('Origin',(10.161,2.90934197997971,-2.12409867098373));
#14489=CARTESIAN_POINT('',(10.161,3.61042727491123,-2.42899068416688));
#14490=CARTESIAN_POINT('Origin',(10.161,3.36568095659897,-2.25558613789115));
#14491=CARTESIAN_POINT('',(10.161,3.51296019109289,-2.50778736484846));
#14492=CARTESIAN_POINT('Origin',(10.161,3.41306442238337,-2.28454288593144));
#14493=CARTESIAN_POINT('',(10.161,3.48014104688222,-2.5204679693759));
#14494=CARTESIAN_POINT('Origin',(10.161,3.38349866319851,-2.22153369556205));
#14495=CARTESIAN_POINT('',(10.161,3.43245118303363,-2.53271854122556));
#14496=CARTESIAN_POINT('Origin',(10.161,3.37042980596399,-2.19232701570326));
#14497=CARTESIAN_POINT('',(10.161,3.35560394693102,-2.54179692374183));
#14498=CARTESIAN_POINT('Origin',(10.161,3.32272020181493,-1.93365089356126));
#14499=CARTESIAN_POINT('',(10.161,3.33449968514362,-2.54239806071089));
#14500=CARTESIAN_POINT('Origin',(10.161,3.32773944847941,-1.93430799348352));
#14501=CARTESIAN_POINT('',(10.161,3.32041978070614,-2.5425398677685));
#14502=CARTESIAN_POINT('Origin',(10.161,3.31622422192901,-1.42690445143188));
#14503=CARTESIAN_POINT('',(10.161,3.28083901372718,-2.54147325163169));
#14504=CARTESIAN_POINT('Origin',(10.161,3.34409371582188,-0.929101028604681));
#14505=CARTESIAN_POINT('',(10.161,3.15379225563769,-2.52252218927801));
#14506=CARTESIAN_POINT('Origin',(10.161,3.30366177561875,-1.95313849479421));
#14507=CARTESIAN_POINT('',(10.161,3.0368949627782,-2.47003786019853));
#14508=CARTESIAN_POINT('Origin',(10.161,3.25321953315974,-2.14464614770601));
#14509=CARTESIAN_POINT('',(10.161,2.92118122470378,-2.32547828750756));
#14510=CARTESIAN_POINT('Origin',(10.161,3.20364697744646,-2.21796829546291));
#14511=CARTESIAN_POINT('',(10.161,2.90475336570193,-2.26847190152292));
#14512=CARTESIAN_POINT('Origin',(10.161,3.21441845176546,-2.21010417627653));
#14513=CARTESIAN_POINT('',(10.161,2.8970187619692,-2.19967747817043));
#14514=CARTESIAN_POINT('Origin',(10.161,3.31604918580351,-2.18739761812518));
#14515=CARTESIAN_POINT('',(10.161,2.89645705682462,-2.17987916593088));
#14516=CARTESIAN_POINT('Origin',(10.161,3.85034448993638,-2.16272320160823));
#14517=CARTESIAN_POINT('',(10.161,2.89746287632032,-2.15118476178365));
#14518=CARTESIAN_POINT('Origin',(10.161,3.79122728452629,-2.19687854621343));
#14519=CARTESIAN_POINT('',(10.161,2.91726159532984,-2.04811512405024));
#14520=CARTESIAN_POINT('Origin',(10.161,3.28433121220021,-2.17206217801049));
#14521=CARTESIAN_POINT('',(10.161,3.01432909379491,-1.90826093074908));
#14522=CARTESIAN_POINT('Origin',(10.161,3.21898641410826,-2.15391835892852));
#14523=CARTESIAN_POINT('',(10.161,3.06942850818225,-1.87032398030604));
#14524=CARTESIAN_POINT('Origin',(10.161,3.23039686630031,-2.1630950379388));
#14525=CARTESIAN_POINT('',(10.161,3.13057040984453,-1.84316622692627));
#14526=CARTESIAN_POINT('Origin',(10.161,3.2416882255969,-2.17573764000006));
#14527=CARTESIAN_POINT('',(10.161,3.21422048242477,-1.82314500236706));
#14528=CARTESIAN_POINT('Origin',(10.161,3.27693185906569,-2.26991603872041));
#14529=CARTESIAN_POINT('Origin',(10.161,3.29068503494892,-2.34136209219689));
#14530=CARTESIAN_POINT('',(10.161,3.86706718395486,-0.941307701004532));
#14531=CARTESIAN_POINT('Origin',(10.161,3.61704490865029,-3.12875654006748));
#14532=CARTESIAN_POINT('',(10.161,3.98929436549288,-0.962217047932887));
#14533=CARTESIAN_POINT('Origin',(10.161,3.73891110017443,-2.05815268642177));
#14534=CARTESIAN_POINT('',(10.161,4.0293359377829,-0.972555342321473));
#14535=CARTESIAN_POINT('Origin',(10.161,3.76963598020602,-1.89569511230196));
#14536=CARTESIAN_POINT('',(10.161,4.08157029258147,-0.99017270171412));
#14537=CARTESIAN_POINT('Origin',(10.161,3.85253805707274,-1.58299431762742));
#14538=CARTESIAN_POINT('',(10.161,4.13147903056226,-1.01354717926088));
#14539=CARTESIAN_POINT('Origin',(10.161,3.91057820511352,-1.42024107153446));
#14540=CARTESIAN_POINT('',(10.161,4.23971747671194,-1.11738011030024));
#14541=CARTESIAN_POINT('Origin',(10.161,3.99470838363109,-1.26445275843018));
#14542=CARTESIAN_POINT('',(10.161,4.25765338378718,-1.1546349800348));
#14543=CARTESIAN_POINT('Origin',(10.161,4.01878334565538,-1.24669112707415));
#14544=CARTESIAN_POINT('',(10.161,4.28028227766118,-1.26213597417286));
#14545=CARTESIAN_POINT('Origin',(10.161,3.93551244743129,-1.27857763244853));
#14546=CARTESIAN_POINT('',(10.161,4.28116155475029,-1.28971198869267));
#14547=CARTESIAN_POINT('Origin',(10.161,3.66488914130541,-1.29556016378616));
#14548=CARTESIAN_POINT('',(10.161,4.28024567357065,-1.31210462177462));
#14549=CARTESIAN_POINT('Origin',(10.161,2.89520487274771,-1.2442400153976));
#14550=CARTESIAN_POINT('',(10.161,4.25894849089395,-1.41588374325441));
#14551=CARTESIAN_POINT('Origin',(10.161,3.97120845515781,-1.30275992837129));
#14552=CARTESIAN_POINT('',(10.161,4.19385740150349,-1.51290426318004));
#14553=CARTESIAN_POINT('Origin',(10.161,3.99641238263871,-1.31009328061627));
#14554=CARTESIAN_POINT('',(10.161,4.13265987519542,-1.56173317693191));
#14555=CARTESIAN_POINT('Origin',(10.161,3.93249541793621,-1.24810200055367));
#14556=CARTESIAN_POINT('',(10.161,4.10395234817054,-1.5792223785122));
#14557=CARTESIAN_POINT('Origin',(10.161,3.65411745824293,-0.808538574717605));
#14558=CARTESIAN_POINT('',(10.161,4.07439347034314,-1.59327813737755));
#14559=CARTESIAN_POINT('Origin',(10.161,3.68784943206067,-0.742277922807972));
#14560=CARTESIAN_POINT('',(10.161,4.01273316768977,-1.61509460549028));
#14561=CARTESIAN_POINT('Origin',(10.161,3.90387994618871,-1.20939657320911));
#14562=CARTESIAN_POINT('',(10.161,3.98095007224067,-1.62289846095193));
#14563=CARTESIAN_POINT('Origin',(10.161,3.84061171905025,-0.982712343029784));
#14564=CARTESIAN_POINT('',(10.161,3.88415770380072,-1.63911376148044));
#14565=CARTESIAN_POINT('Origin',(10.161,3.77401050552353,-0.684628986389476));
#14566=CARTESIAN_POINT('',(10.161,3.83531567017467,-1.64395634848439));
#14567=CARTESIAN_POINT('Origin',(10.161,3.75333023462851,-0.568326144142688));
#14568=CARTESIAN_POINT('',(10.161,3.78634846721755,-1.64739032714692));
#14569=CARTESIAN_POINT('Origin',(10.161,3.42853509789766,3.80573309148574));
#14570=CARTESIAN_POINT('',(10.161,3.75366832222112,-1.64903798061125));
#14571=CARTESIAN_POINT('Origin',(10.161,3.69903669586955,-0.240536229318395));
#14572=CARTESIAN_POINT('',(10.161,3.68826119198911,-1.65135522442504));
#14573=CARTESIAN_POINT('Origin',(10.161,3.49023398618783,4.86247051179365));
#14574=CARTESIAN_POINT('',(10.161,3.62282026768447,-1.65223936757318));
#14575=CARTESIAN_POINT('Origin',(10.161,3.61223132413575,1.55380074106289));
#14576=CARTESIAN_POINT('',(10.161,3.59009716339427,-1.65237269053059));
#14577=CARTESIAN_POINT('Origin',(10.161,3.57568257560944,5.90146307530639));
#14578=CARTESIAN_POINT('',(10.161,3.50751419021576,-1.65129268687949));
#14579=CARTESIAN_POINT('Origin',(10.161,3.6078698691679,2.86453779650828));
#14580=CARTESIAN_POINT('',(10.161,3.34267418697274,-1.64121571268979));
#14581=CARTESIAN_POINT('Origin',(10.161,3.55778187292777,0.524262257248944));
#14582=CARTESIAN_POINT('',(10.161,3.28799555237368,-1.63470754399792));
#14583=CARTESIAN_POINT('Origin',(10.161,3.49020540055227,-0.168780002485012));
#14584=CARTESIAN_POINT('',(10.161,3.16648006450355,-1.61083639361811));
#14585=CARTESIAN_POINT('Origin',(10.161,3.43951892446328,-0.542160311266453));
#14586=CARTESIAN_POINT('',(10.161,3.07551410797361,-1.5792908392746));
#14587=CARTESIAN_POINT('Origin',(10.161,3.31500777691478,-1.03560703304901));
#14588=CARTESIAN_POINT('',(10.161,2.99396315510129,-1.52847710603407));
#14589=CARTESIAN_POINT('Origin',(10.161,3.21209186966002,-1.2692497873363));
#14590=CARTESIAN_POINT('',(10.161,2.91630562646259,-1.41659643808472));
#14591=CARTESIAN_POINT('Origin',(10.161,3.16178168776031,-1.32910074618162));
#14592=CARTESIAN_POINT('',(10.161,2.89754223019171,-1.32238853003293));
#14593=CARTESIAN_POINT('Origin',(10.161,3.22427883204452,-1.30628488354949));
#14594=CARTESIAN_POINT('',(10.161,2.89645705682462,-1.29486341911661));
#14595=CARTESIAN_POINT('Origin',(10.161,3.52744362931933,-1.28377081504702));
#14596=CARTESIAN_POINT('',(10.161,2.89819974927152,-1.25304476661214));
#14597=CARTESIAN_POINT('Origin',(10.161,3.53584622540098,-1.30056279782215));
#14598=CARTESIAN_POINT('',(10.161,2.91493121804328,-1.17118197091113));
#14599=CARTESIAN_POINT('Origin',(10.161,3.26247093831094,-1.28485484978782));
#14600=CARTESIAN_POINT('',(10.161,2.96080730409443,-1.08547135571564));
#14601=CARTESIAN_POINT('Origin',(10.161,3.18114077566944,-1.25853626351466));
#14602=CARTESIAN_POINT('',(10.161,3.07075726164885,-1.0014828156107));
#14603=CARTESIAN_POINT('Origin',(10.161,3.19533280628972,-1.27852787240177));
#14604=CARTESIAN_POINT('',(10.161,3.16265463398584,-0.96887578983636));
#14605=CARTESIAN_POINT('Origin',(10.161,3.29351490005458,-1.48348534966885));
#14606=CARTESIAN_POINT('',(10.161,3.25822538171525,-0.949118700150981));
#14607=CARTESIAN_POINT('Origin',(10.161,3.38957707777572,-1.82553497860907));
#14608=CARTESIAN_POINT('',(10.161,3.29961193018957,-0.942945559097659));
#14609=CARTESIAN_POINT('Origin',(10.161,3.50152826561064,-2.43847225392889));
#14610=CARTESIAN_POINT('',(10.161,3.34119921894701,-0.938315765121264));
#14611=CARTESIAN_POINT('Origin',(10.161,3.45576638681687,-2.15651396363859));
#14612=CARTESIAN_POINT('',(10.161,3.4246055649988,-0.931504759536138));
#14613=CARTESIAN_POINT('Origin',(10.161,3.5714444462272,-3.24376225575401));
#14614=CARTESIAN_POINT('',(10.161,3.48033719385293,-0.928930222389971));
#14615=CARTESIAN_POINT('Origin',(10.161,3.54683240983544,-2.97287355942156));
#14616=CARTESIAN_POINT('Origin',(10.161,3.60788069843209,-4.66737090175524));
#14617=CARTESIAN_POINT('',(10.161,5.67385594588437,-1.6314786295833));
#14618=CARTESIAN_POINT('',(10.161,5.58686092232297,-1.63297545715906));
#14619=CARTESIAN_POINT('Origin',(10.161,5.6794399690066,-4.48482633699919));
#14620=CARTESIAN_POINT('',(10.161,5.76094207984482,-1.63296124623724));
#14621=CARTESIAN_POINT('Origin',(10.161,5.66736754133322,-4.57097515857151));
#14622=CARTESIAN_POINT('',(10.161,5.90568528582542,-1.64372392629684));
#14623=CARTESIAN_POINT('Origin',(10.161,5.68972004561747,-3.56947900342464));
#14624=CARTESIAN_POINT('',(10.161,6.03437629999727,-1.66595398405704));
#14625=CARTESIAN_POINT('Origin',(10.161,5.77518578074186,-2.78280733442742));
#14626=CARTESIAN_POINT('',(10.161,6.14477736204567,-1.7016535045923));
#14627=CARTESIAN_POINT('Origin',(10.161,5.87532509389263,-2.34637901060513));
#14628=CARTESIAN_POINT('',(10.161,6.20900893415665,-1.73534805630595));
#14629=CARTESIAN_POINT('Origin',(10.161,5.97855894577409,-2.09658319944399));
#14630=CARTESIAN_POINT('',(10.161,6.29420568351752,-1.8135465178483));
#14631=CARTESIAN_POINT('Origin',(10.161,6.0279924964561,-2.01807426832511));
#14632=CARTESIAN_POINT('',(10.161,6.33094366261101,-1.8760378194113));
#14633=CARTESIAN_POINT('Origin',(10.161,6.03724918205458,-2.00665312974967));
#14634=CARTESIAN_POINT('',(10.161,6.35398908670063,-1.94477902752867));
#14635=CARTESIAN_POINT('Origin',(10.161,6.00530215478343,-2.02344240479803));
#14636=CARTESIAN_POINT('',(10.161,6.3652696501307,-2.03104621719299));
#14637=CARTESIAN_POINT('Origin',(10.161,5.90843811023203,-2.04691178098466));
#14638=CARTESIAN_POINT('',(10.161,6.36620819484842,-2.060077640846));
#14639=CARTESIAN_POINT('Origin',(10.161,5.36882721186262,-2.07779066954665));
#14640=CARTESIAN_POINT('',(10.161,6.36451437927867,-2.10367203404806));
#14641=CARTESIAN_POINT('Origin',(10.161,5.36634362653885,-2.04305902780802));
#14642=CARTESIAN_POINT('',(10.161,6.34682152511956,-2.20372864234604));
#14643=CARTESIAN_POINT('Origin',(10.161,5.90615330207535,-2.07421336295062));
#14644=CARTESIAN_POINT('',(10.161,6.19777521251889,-2.39361957231544));
#14645=CARTESIAN_POINT('Origin',(10.161,6.03577598504163,-2.11302654030239));
#14646=CARTESIAN_POINT('',(10.161,6.13229435664238,-2.42510282061112));
#14647=CARTESIAN_POINT('Origin',(10.161,5.96828604484053,-2.00015069347413));
#14648=CARTESIAN_POINT('',(10.161,6.03502051334034,-2.45484942408222));
#14649=CARTESIAN_POINT('Origin',(10.161,5.87452417813327,-1.75609314805598));
#14650=CARTESIAN_POINT('',(10.161,5.96368039314066,-2.46877701809026));
#14651=CARTESIAN_POINT('Origin',(10.161,5.81963171714539,-1.54125535389423));
#14652=CARTESIAN_POINT('',(10.161,5.7610779881557,-2.48721688968442));
#14653=CARTESIAN_POINT('Origin',(10.161,5.71344505717374,-0.841629071811743));
#14654=CARTESIAN_POINT('',(10.161,5.67385594588514,-2.48867665210879));
#14655=CARTESIAN_POINT('Origin',(10.161,5.65770111268281,1.08311368820726));
#14656=CARTESIAN_POINT('',(10.161,5.58661133600953,-2.48721613679757));
#14657=CARTESIAN_POINT('Origin',(10.161,5.69006612702321,1.08617697519852));
#14658=CARTESIAN_POINT('',(10.161,5.36960353184007,-2.46641379403802));
#14659=CARTESIAN_POINT('Origin',(10.161,5.63315260824265,-0.859400368673142));
#14660=CARTESIAN_POINT('',(10.161,5.25643144205424,-2.43965905518419));
#14661=CARTESIAN_POINT('Origin',(10.161,5.52782660908745,-1.54439749561619));
#14662=CARTESIAN_POINT('',(10.161,5.16241917172593,-2.40092270642843));
#14663=CARTESIAN_POINT('Origin',(10.161,5.40749722043939,-1.9395746832511));
#14664=CARTESIAN_POINT('',(10.161,5.08074065533389,-2.34064545724812));
#14665=CARTESIAN_POINT('Origin',(10.161,5.32712241469252,-2.09226429570383));
#14666=CARTESIAN_POINT('',(10.161,5.00083664512382,-2.20377412350935));
#14667=CARTESIAN_POINT('Origin',(10.161,5.3143409151337,-2.11251292492945));
#14668=CARTESIAN_POINT('',(10.161,4.98242989635861,-2.0891620708116));
#14669=CARTESIAN_POINT('Origin',(10.161,5.44528302446012,-2.07361173652865));
#14670=CARTESIAN_POINT('',(10.161,4.9815036969227,-2.06007764084588));
#14671=CARTESIAN_POINT('Origin',(10.161,5.99894466002166,-2.04223399423535));
#14672=CARTESIAN_POINT('',(10.161,4.98321726228298,-2.01659626402494));
#14673=CARTESIAN_POINT('Origin',(10.161,5.90568838058847,-2.07472454691802));
#14674=CARTESIAN_POINT('',(10.161,5.00163481333659,-1.91694872665932));
#14675=CARTESIAN_POINT('Origin',(10.161,5.42579305368712,-2.0468704019325));
#14676=CARTESIAN_POINT('',(10.161,5.0455870116565,-1.8257882087811));
#14677=CARTESIAN_POINT('Origin',(10.161,5.32684350944654,-2.01756925231878));
#14678=CARTESIAN_POINT('',(10.161,5.11573974112413,-1.752880210551));
#14679=CARTESIAN_POINT('Origin',(10.161,5.30997577037189,-2.00998065078477));
#14680=CARTESIAN_POINT('',(10.161,5.17731272067082,-1.71472432834554));
#14681=CARTESIAN_POINT('Origin',(10.161,5.34132034581689,-2.04814578243964));
#14682=CARTESIAN_POINT('',(10.161,5.2717897416021,-1.67782774548588));
#14683=CARTESIAN_POINT('Origin',(10.161,5.43878808154286,-2.24484877269149));
#14684=CARTESIAN_POINT('',(10.161,5.32793768483789,-1.66327739599203));
#14685=CARTESIAN_POINT('Origin',(10.161,5.4974513426217,-2.43301803621963));
#14686=CARTESIAN_POINT('',(10.161,5.47111299378194,-1.6407343396088));
#14687=CARTESIAN_POINT('Origin',(10.161,5.58156764094013,-2.80819171650314));
#14688=CARTESIAN_POINT('Origin',(10.161,5.66411159663371,-3.6526602816911));
#14689=CARTESIAN_POINT('',(10.161,6.3332390401359,0.0499482607550503));
#14690=CARTESIAN_POINT('',(10.161,4.99798827427897,0.0499482607550503));
#14691=CARTESIAN_POINT('',(10.161,6.3332390401359,0.0499482607550503));
#14692=CARTESIAN_POINT('',(10.161,6.3332390401359,-0.29571272068423));
#14693=CARTESIAN_POINT('',(10.161,6.3332390401359,-0.29571272068423));
#14694=CARTESIAN_POINT('',(10.161,6.33236720297064,-0.33067479639228));
#14695=CARTESIAN_POINT('Origin',(10.161,4.74030300752724,-0.27348213510179));
#14696=CARTESIAN_POINT('',(10.161,6.31359259144243,-0.451331903683613));
#14697=CARTESIAN_POINT('Origin',(10.161,5.84571160502219,-0.316738957482451));
#14698=CARTESIAN_POINT('',(10.161,6.30203809519849,-0.48433813094305));
#14699=CARTESIAN_POINT('Origin',(10.161,6.00994756779943,-0.36356038857745));
#14700=CARTESIAN_POINT('',(10.161,6.27210366391263,-0.537603977896281));
#14701=CARTESIAN_POINT('Origin',(10.161,6.05400187895903,-0.379990540970853));
#14702=CARTESIAN_POINT('',(10.161,6.20001080199243,-0.60019554831728));
#14703=CARTESIAN_POINT('Origin',(10.161,6.09602940235812,-0.407615951434896));
#14704=CARTESIAN_POINT('',(10.161,6.15185994318205,-0.620891284860755));
#14705=CARTESIAN_POINT('Origin',(10.161,6.06347143644812,-0.348883963255754));
#14706=CARTESIAN_POINT('',(10.161,6.08376958829545,-0.636583312063236));
#14707=CARTESIAN_POINT('Origin',(10.161,6.02893805661306,-0.243086254945802));
#14708=CARTESIAN_POINT('',(10.161,6.03155631292597,-0.641514444431927));
#14709=CARTESIAN_POINT('Origin',(10.161,6.00897983444075,-0.123567897334226));
#14710=CARTESIAN_POINT('',(10.161,5.99659306193881,-0.64240398820779));
#14711=CARTESIAN_POINT('Origin',(10.161,5.98260114933078,0.59509874750479));
#14712=CARTESIAN_POINT('',(10.161,5.97319206653198,-0.641873520888578));
#14713=CARTESIAN_POINT('Origin',(10.161,6.01278428098566,0.588274339573961));
#14714=CARTESIAN_POINT('',(10.161,5.91494180150396,-0.636582244181154));
#14715=CARTESIAN_POINT('Origin',(10.161,5.99212952353858,-0.110119553427623));
#14716=CARTESIAN_POINT('',(10.161,5.82548343093696,-0.609968384136435));
#14717=CARTESIAN_POINT('Origin',(10.161,5.96377270593323,-0.30878755621078));
#14718=CARTESIAN_POINT('',(10.161,5.78538398157424,-0.585932259125934));
#14719=CARTESIAN_POINT('Origin',(10.161,5.92884968281862,-0.392055540314416));
#14720=CARTESIAN_POINT('',(10.161,5.75512278563312,-0.55838227177941));
#14721=CARTESIAN_POINT('Origin',(10.161,5.93038736983336,-0.39626441028804));
#14722=CARTESIAN_POINT('',(10.161,5.74400828535038,-0.544797054509644));
#14723=CARTESIAN_POINT('Origin',(10.161,5.89295373354402,-0.434279197205959));
#14724=CARTESIAN_POINT('',(10.161,5.70629939495428,-0.472472954326941));
#14725=CARTESIAN_POINT('Origin',(10.161,5.93976225386363,-0.396740834559589));
#14726=CARTESIAN_POINT('',(10.161,5.70270395625905,-0.461331208810183));
#14727=CARTESIAN_POINT('Origin',(10.161,6.21356440024204,-0.302627658346604));
#14728=CARTESIAN_POINT('',(10.161,5.69818876302584,-0.481435527011757));
#14729=CARTESIAN_POINT('Origin',(10.161,5.0210086801256,-0.318789662310751));
#14730=CARTESIAN_POINT('',(10.161,5.68828118969914,-0.514290543709763));
#14731=CARTESIAN_POINT('Origin',(10.161,5.39246657021045,-0.407165013025376));
#14732=CARTESIAN_POINT('',(10.161,5.68086972375889,-0.533520334395334));
#14733=CARTESIAN_POINT('Origin',(10.161,5.34667299491389,-0.393672477715631));
#14734=CARTESIAN_POINT('',(10.161,5.66522834547145,-0.564059856484454));
#14735=CARTESIAN_POINT('Origin',(10.161,5.45775414100783,-0.438522853390776));
#14736=CARTESIAN_POINT('',(10.161,5.58373632316454,-0.645878597845851));
#14737=CARTESIAN_POINT('Origin',(10.161,5.47003050615936,-0.451134156908432));
#14738=CARTESIAN_POINT('',(10.161,5.53392662475623,-0.668843755975998));
#14739=CARTESIAN_POINT('Origin',(10.161,5.451345876426,-0.424233010926456));
#14740=CARTESIAN_POINT('',(10.161,5.47413217651537,-0.684202155057795));
#14741=CARTESIAN_POINT('Origin',(10.161,5.41606091293323,-0.334037572975152));
#14742=CARTESIAN_POINT('',(10.161,5.4469407738394,-0.688069661615941));
#14743=CARTESIAN_POINT('Origin',(10.161,5.38410092719534,-0.148738044185564));
#14744=CARTESIAN_POINT('',(10.161,5.39215794457575,-0.691720561860681));
#14745=CARTESIAN_POINT('Origin',(10.161,5.3878679423148,-0.214506156653203));
#14746=CARTESIAN_POINT('',(10.161,5.37842141107907,-0.691857720276641));
#14747=CARTESIAN_POINT('Origin',(10.161,5.37548388214952,0.290269742059323));
#14748=CARTESIAN_POINT('',(10.161,5.34006054712468,-0.690652376430047));
#14749=CARTESIAN_POINT('Origin',(10.161,5.39420769125375,0.421583658694304));
#14750=CARTESIAN_POINT('',(10.161,5.21795649890918,-0.667056157388012));
#14751=CARTESIAN_POINT('Origin',(10.161,5.36297469471288,-0.244352050305251));
#14752=CARTESIAN_POINT('',(10.161,5.14098521199881,-0.628351085731427));
#14753=CARTESIAN_POINT('Origin',(10.161,5.3310911865046,-0.346182102460405));
#14754=CARTESIAN_POINT('',(10.161,5.0291249582335,-0.487614201454554));
#14755=CARTESIAN_POINT('Origin',(10.161,5.31860266071437,-0.372354752177584));
#14756=CARTESIAN_POINT('',(10.161,5.00413693969219,-0.395176706624843));
#14757=CARTESIAN_POINT('Origin',(10.161,5.40095080547994,-0.337504801029937));
#14758=CARTESIAN_POINT('',(10.161,4.99917464248573,-0.347469274646612));
#14759=CARTESIAN_POINT('Origin',(10.161,5.49166204488512,-0.320354901104766));
#14760=CARTESIAN_POINT('',(10.161,4.99798827427897,-0.30910643978599));
#14761=CARTESIAN_POINT('Origin',(10.161,6.07928961034859,-0.294867026953596));
#14762=CARTESIAN_POINT('',(10.161,4.99798827427897,0.0499482607550503));
#14763=CARTESIAN_POINT('',(10.161,8.46128188675409,-1.97112689911023));
#14764=CARTESIAN_POINT('',(10.161,7.15880035285507,-2.23575436644518));
#14765=CARTESIAN_POINT('',(10.161,8.30859551229596,0.261566093123165));
#14766=CARTESIAN_POINT('',(10.161,7.75326948400205,0.677511025471602));
#14767=CARTESIAN_POINT('',(10.161,8.13133832383013,-0.198529552977436));
#14768=CARTESIAN_POINT('Origin',(5.72,8.1,4.77));
#14769=CARTESIAN_POINT('',(5.72,7.8,4.77));
#14770=CARTESIAN_POINT('',(9.52,7.8,4.77));
#14771=CARTESIAN_POINT('',(5.72,7.8,4.77));
#14772=CARTESIAN_POINT('',(5.72,8.1,4.77));
#14773=CARTESIAN_POINT('',(5.72,8.1,4.77));
#14774=CARTESIAN_POINT('',(9.52,8.1,4.77));
#14775=CARTESIAN_POINT('',(5.72,8.1,4.77));
#14776=CARTESIAN_POINT('',(9.52,8.1,4.77));
#14777=CARTESIAN_POINT('Origin',(0.64,8.1,4.77));
#14778=CARTESIAN_POINT('',(0.64,7.8,4.77));
#14779=CARTESIAN_POINT('',(4.44,7.8,4.77));
#14780=CARTESIAN_POINT('',(0.64,7.8,4.77));
#14781=CARTESIAN_POINT('',(0.64,11.,4.77));
#14782=CARTESIAN_POINT('',(0.64,8.1,4.77));
#14783=CARTESIAN_POINT('',(4.44,11.,4.77));
#14784=CARTESIAN_POINT('',(0.64,11.,4.77));
#14785=CARTESIAN_POINT('',(4.44,8.1,4.77));
#14786=CARTESIAN_POINT('Origin',(10.16,0.,5.5));
#14787=CARTESIAN_POINT('',(9.7,0.,4.16558112382723));
#14788=CARTESIAN_POINT('',(0.,0.,5.5));
#14789=CARTESIAN_POINT('',(10.16,0.,5.5));
#14790=CARTESIAN_POINT('',(0.,0.,5.5));
#14791=CARTESIAN_POINT('',(-0.46,0.,4.16558112382723));
#14792=CARTESIAN_POINT('',(-0.58,0.,3.10370090847553));
#14793=CARTESIAN_POINT('',(-0.0750000000000001,0.,3.25669872981078));
#14794=CARTESIAN_POINT('',(0.,0.,-5.5));
#14795=CARTESIAN_POINT('',(0.,0.,5.5));
#14796=CARTESIAN_POINT('',(10.16,0.,-5.5));
#14797=CARTESIAN_POINT('',(10.085,0.,3.25669872981078));
#14798=CARTESIAN_POINT('',(9.58,0.,3.10370090847553));
#14799=CARTESIAN_POINT('Origin',(10.16,18.,-3.1));
#14800=CARTESIAN_POINT('',(0.,18.,-3.1));
#14801=CARTESIAN_POINT('',(10.16,18.,-3.1));
#14802=CARTESIAN_POINT('',(0.,18.,-3.1));
#14803=CARTESIAN_POINT('',(0.525,18.,-2.70410889132455));
#14804=CARTESIAN_POINT('',(0.6,18.,-1.54119237886467));
#14805=CARTESIAN_POINT('',(0.12,18.,-1.73171796769725));
#14806=CARTESIAN_POINT('',(0.,18.,2.5));
#14807=CARTESIAN_POINT('',(0.,18.,-3.1));
#14808=CARTESIAN_POINT('',(10.16,18.,2.5));
#14809=CARTESIAN_POINT('',(10.235,18.,-1.75769872981078));
#14810=CARTESIAN_POINT('',(10.74,18.,-1.60470090847553));
#14811=CARTESIAN_POINT('',(10.62,18.,-2.66658112382723));
#14812=CARTESIAN_POINT('Origin',(5.08,8.1,0.));
#14813=CARTESIAN_POINT('',(5.52,8.1,-2.65));
#14814=CARTESIAN_POINT('',(9.72,8.1,-2.65));
#14815=CARTESIAN_POINT('',(5.08,8.1,-2.65));
#14816=CARTESIAN_POINT('',(5.52,8.1,-2.72));
#14817=CARTESIAN_POINT('',(5.52,8.1,-2.72));
#14818=CARTESIAN_POINT('',(6.27,8.1,-2.72));
#14819=CARTESIAN_POINT('',(6.27,8.1,-2.72));
#14820=CARTESIAN_POINT('',(6.27,8.1,-3.3));
#14821=CARTESIAN_POINT('',(6.27,8.1,-3.62));
#14822=CARTESIAN_POINT('',(8.97,8.1,-3.3));
#14823=CARTESIAN_POINT('',(10.16,8.1,-3.3));
#14824=CARTESIAN_POINT('',(8.97,8.1,-2.72));
#14825=CARTESIAN_POINT('',(8.97,8.1,-2.72));
#14826=CARTESIAN_POINT('',(9.72,8.1,-2.72));
#14827=CARTESIAN_POINT('',(9.72,8.1,-2.72));
#14828=CARTESIAN_POINT('',(9.72,8.1,2.67));
#14829=CARTESIAN_POINT('Origin',(5.08,8.1,0.));
#14830=CARTESIAN_POINT('',(9.72,8.1,2.65));
#14831=CARTESIAN_POINT('',(5.52,8.1,2.65));
#14832=CARTESIAN_POINT('',(5.08,8.1,2.65));
#14833=CARTESIAN_POINT('',(9.72,8.1,2.67));
#14834=CARTESIAN_POINT('',(9.72,8.1,2.67));
#14835=CARTESIAN_POINT('',(9.02,8.1,2.67));
#14836=CARTESIAN_POINT('',(9.02,8.1,2.67));
#14837=CARTESIAN_POINT('',(9.02,8.1,3.25));
#14838=CARTESIAN_POINT('',(9.02,8.1,3.47));
#14839=CARTESIAN_POINT('',(6.22,8.1,3.25));
#14840=CARTESIAN_POINT('',(5.08,8.1,3.25));
#14841=CARTESIAN_POINT('',(6.22,8.1,2.67));
#14842=CARTESIAN_POINT('',(6.22,8.1,2.67));
#14843=CARTESIAN_POINT('',(5.52,8.1,2.67));
#14844=CARTESIAN_POINT('',(5.52,8.1,2.67));
#14845=CARTESIAN_POINT('',(5.52,8.1,-2.72));
#14846=CARTESIAN_POINT('Origin',(0.,8.1,0.));
#14847=CARTESIAN_POINT('',(0.44,8.1,-2.65));
#14848=CARTESIAN_POINT('',(4.64,8.1,-2.65));
#14849=CARTESIAN_POINT('',(0.,8.1,-2.65));
#14850=CARTESIAN_POINT('',(0.44,8.1,-2.72));
#14851=CARTESIAN_POINT('',(0.44,8.1,-2.72));
#14852=CARTESIAN_POINT('',(1.19,8.1,-2.72));
#14853=CARTESIAN_POINT('',(1.19,8.1,-2.72));
#14854=CARTESIAN_POINT('',(1.19,8.1,-3.3));
#14855=CARTESIAN_POINT('',(1.19,8.1,-3.62));
#14856=CARTESIAN_POINT('',(3.89,8.1,-3.3));
#14857=CARTESIAN_POINT('',(10.16,8.1,-3.3));
#14858=CARTESIAN_POINT('',(3.89,8.1,-2.72));
#14859=CARTESIAN_POINT('',(3.89,8.1,-2.72));
#14860=CARTESIAN_POINT('',(4.64,8.1,-2.72));
#14861=CARTESIAN_POINT('',(4.64,8.1,-2.72));
#14862=CARTESIAN_POINT('',(4.64,8.1,2.67));
#14863=CARTESIAN_POINT('Origin',(0.,8.1,0.));
#14864=CARTESIAN_POINT('',(4.64,8.1,2.65));
#14865=CARTESIAN_POINT('',(0.44,8.1,2.65));
#14866=CARTESIAN_POINT('',(0.,8.1,2.65));
#14867=CARTESIAN_POINT('',(4.64,8.1,2.67));
#14868=CARTESIAN_POINT('',(4.64,8.1,2.67));
#14869=CARTESIAN_POINT('',(3.94,8.1,2.67));
#14870=CARTESIAN_POINT('',(3.94,8.1,2.67));
#14871=CARTESIAN_POINT('',(3.94,8.1,3.47));
#14872=CARTESIAN_POINT('',(3.94,8.1,3.47));
#14873=CARTESIAN_POINT('',(1.14,8.1,3.47));
#14874=CARTESIAN_POINT('',(0.,8.1,3.47));
#14875=CARTESIAN_POINT('',(1.14,8.1,2.67));
#14876=CARTESIAN_POINT('',(1.14,8.1,2.67));
#14877=CARTESIAN_POINT('',(0.44,8.1,2.67));
#14878=CARTESIAN_POINT('',(0.44,8.1,2.67));
#14879=CARTESIAN_POINT('',(0.44,8.1,-2.72));
#14880=CARTESIAN_POINT('Origin',(5.08,8.1,0.));
#14881=CARTESIAN_POINT('',(9.43538461538462,8.1,4.55));
#14882=CARTESIAN_POINT('',(5.80461538461538,8.1,4.55));
#14883=CARTESIAN_POINT('',(5.08,8.1,4.55));
#14884=CARTESIAN_POINT('',(9.52,8.1,4.77));
#14885=CARTESIAN_POINT('',(6.22,8.1,3.47));
#14886=CARTESIAN_POINT('Origin',(6.22,8.1,2.67));
#14887=CARTESIAN_POINT('',(6.22,1.5,3.25));
#14888=CARTESIAN_POINT('',(6.22,11.,3.25));
#14889=CARTESIAN_POINT('',(6.22,1.5,2.67));
#14890=CARTESIAN_POINT('',(6.22,1.5,2.67));
#14891=CARTESIAN_POINT('',(6.22,8.1,2.67));
#14892=CARTESIAN_POINT('Origin',(6.22,8.1,3.47));
#14893=CARTESIAN_POINT('',(5.74692307692308,7.8,4.7));
#14894=CARTESIAN_POINT('',(6.22,7.8,3.47));
#14895=CARTESIAN_POINT('',(5.74692307692308,3.2,4.7));
#14896=CARTESIAN_POINT('',(5.74692307692308,8.1,4.7));
#14897=CARTESIAN_POINT('',(5.72,3.2,4.77));
#14898=CARTESIAN_POINT('',(6.22,3.2,3.47));
#14899=CARTESIAN_POINT('',(5.72,1.5,4.77));
#14900=CARTESIAN_POINT('',(5.72,8.1,4.77));
#14901=CARTESIAN_POINT('',(5.80461538461538,1.5,4.55));
#14902=CARTESIAN_POINT('',(6.22,1.5,3.47));
#14903=CARTESIAN_POINT('',(5.80461538461538,8.1,4.55));
#14904=CARTESIAN_POINT('Origin',(9.52,8.1,4.77));
#14905=CARTESIAN_POINT('',(9.49307692307692,7.8,4.7));
#14906=CARTESIAN_POINT('',(9.52,7.8,4.77));
#14907=CARTESIAN_POINT('',(9.43538461538461,1.5,4.55));
#14908=CARTESIAN_POINT('',(9.43538461538462,8.1,4.55));
#14909=CARTESIAN_POINT('',(9.52,1.5,4.77));
#14910=CARTESIAN_POINT('',(9.52,1.5,4.77));
#14911=CARTESIAN_POINT('',(9.52,3.2,4.77));
#14912=CARTESIAN_POINT('',(9.52,8.1,4.77));
#14913=CARTESIAN_POINT('',(9.49307692307692,3.2,4.7));
#14914=CARTESIAN_POINT('',(9.52,3.2,4.77));
#14915=CARTESIAN_POINT('',(9.49307692307692,8.1,4.7));
#14916=CARTESIAN_POINT('Origin',(9.02,8.1,3.47));
#14917=CARTESIAN_POINT('',(9.02,1.5,3.25));
#14918=CARTESIAN_POINT('',(9.02,1.5,2.67));
#14919=CARTESIAN_POINT('',(9.02,1.5,3.47));
#14920=CARTESIAN_POINT('',(9.02,8.1,3.25));
#14921=CARTESIAN_POINT('',(9.02,8.1,2.67));
#14922=CARTESIAN_POINT('Origin',(8.97,4.34100000000001,-4.25000000000002));
#14923=CARTESIAN_POINT('',(8.97,5.5,-4.77));
#14924=CARTESIAN_POINT('',(8.97,5.5,-5.));
#14925=CARTESIAN_POINT('',(8.97,5.5,-4.43));
#14926=CARTESIAN_POINT('',(8.97,1.5,-4.77));
#14927=CARTESIAN_POINT('',(8.97,8.1,-4.77));
#14928=CARTESIAN_POINT('',(8.97,1.5,-4.45000000000001));
#14929=CARTESIAN_POINT('',(8.97,1.5,-3.3));
#14930=CARTESIAN_POINT('',(8.97,8.1,-4.45000000000001));
#14931=CARTESIAN_POINT('',(8.97,8.1,-4.45000000000001));
#14932=CARTESIAN_POINT('',(8.97,8.1,-3.62));
#14933=CARTESIAN_POINT('',(8.97,8.1,-4.25000000000002));
#14934=CARTESIAN_POINT('',(8.97,1.5,-3.62));
#14935=CARTESIAN_POINT('',(8.97,8.1,-3.62));
#14936=CARTESIAN_POINT('',(8.97,1.5,-2.72));
#14937=CARTESIAN_POINT('',(8.97,1.5,-3.3));
#14938=CARTESIAN_POINT('',(8.97,8.1,-2.72));
#14939=CARTESIAN_POINT('',(8.97,9.5,-3.3));
#14940=CARTESIAN_POINT('',(8.97,9.5,-3.3));
#14941=CARTESIAN_POINT('',(8.97,9.5,-5.));
#14942=CARTESIAN_POINT('',(8.97,9.5,-5.5));
#14943=CARTESIAN_POINT('',(8.97,9.,-5.5));
#14944=CARTESIAN_POINT('Origin',(8.97,9.,-5.));
#14945=CARTESIAN_POINT('',(8.97,8.1,-5.5));
#14946=CARTESIAN_POINT('',(8.97,8.1,-5.5));
#14947=CARTESIAN_POINT('',(8.97,8.1,-5.));
#14948=CARTESIAN_POINT('',(8.97,8.1,-5.));
#14949=CARTESIAN_POINT('',(8.97,5.5,-5.));
#14950=CARTESIAN_POINT('Origin',(6.27,4.34100000000001,-4.25000000000002));
#14951=CARTESIAN_POINT('',(6.27,5.5,-4.77));
#14952=CARTESIAN_POINT('',(6.27,1.5,-4.77));
#14953=CARTESIAN_POINT('',(6.27,8.1,-4.77));
#14954=CARTESIAN_POINT('',(6.27,5.5,-5.));
#14955=CARTESIAN_POINT('',(6.27,5.5,-4.43));
#14956=CARTESIAN_POINT('',(6.27,8.1,-5.));
#14957=CARTESIAN_POINT('',(6.27,5.5,-5.));
#14958=CARTESIAN_POINT('',(6.27,8.1,-5.5));
#14959=CARTESIAN_POINT('',(6.27,8.1,-5.));
#14960=CARTESIAN_POINT('',(6.27,9.,-5.5));
#14961=CARTESIAN_POINT('',(6.27,8.1,-5.5));
#14962=CARTESIAN_POINT('',(6.27,9.5,-5.));
#14963=CARTESIAN_POINT('Origin',(6.27,9.,-5.));
#14964=CARTESIAN_POINT('',(6.27,9.5,-3.3));
#14965=CARTESIAN_POINT('',(6.27,9.5,-5.5));
#14966=CARTESIAN_POINT('',(6.27,9.5,-3.3));
#14967=CARTESIAN_POINT('',(6.27,1.5,-2.72));
#14968=CARTESIAN_POINT('',(6.27,8.1,-2.72));
#14969=CARTESIAN_POINT('',(6.27,1.5,-3.62));
#14970=CARTESIAN_POINT('',(6.27,1.5,-3.3));
#14971=CARTESIAN_POINT('',(6.27,8.1,-3.62));
#14972=CARTESIAN_POINT('',(6.27,8.1,-3.62));
#14973=CARTESIAN_POINT('',(6.27,8.1,-4.45));
#14974=CARTESIAN_POINT('',(6.27,8.1,-4.25000000000002));
#14975=CARTESIAN_POINT('',(6.27,1.5,-4.45));
#14976=CARTESIAN_POINT('',(6.27,8.1,-4.45));
#14977=CARTESIAN_POINT('',(6.27,1.5,-3.3));
#14978=CARTESIAN_POINT('Origin',(8.97,5.5,-4.43));
#14979=CARTESIAN_POINT('',(8.97,5.5,-4.77));
#14980=CARTESIAN_POINT('',(8.97,5.5,-5.));
#14981=CARTESIAN_POINT('Origin',(3.89,4.34100000000001,-4.25000000000002));
#14982=CARTESIAN_POINT('',(3.89,5.5,-4.77));
#14983=CARTESIAN_POINT('',(3.89,5.5,-5.));
#14984=CARTESIAN_POINT('',(3.89,5.5,-4.43));
#14985=CARTESIAN_POINT('',(3.89,1.5,-4.77));
#14986=CARTESIAN_POINT('',(3.89,8.1,-4.77));
#14987=CARTESIAN_POINT('',(3.89,1.5,-4.45000000000001));
#14988=CARTESIAN_POINT('',(3.89,1.5,-3.3));
#14989=CARTESIAN_POINT('',(3.89,8.1,-4.45000000000001));
#14990=CARTESIAN_POINT('',(3.89,8.1,-4.45000000000001));
#14991=CARTESIAN_POINT('',(3.89,8.1,-3.62));
#14992=CARTESIAN_POINT('',(3.89,8.1,-4.25000000000002));
#14993=CARTESIAN_POINT('',(3.89,1.5,-3.62));
#14994=CARTESIAN_POINT('',(3.89,8.1,-3.62));
#14995=CARTESIAN_POINT('',(3.89,1.5,-2.72));
#14996=CARTESIAN_POINT('',(3.89,1.5,-3.3));
#14997=CARTESIAN_POINT('',(3.89,8.1,-2.72));
#14998=CARTESIAN_POINT('',(3.89,9.5,-3.3));
#14999=CARTESIAN_POINT('',(3.89,9.5,-3.3));
#15000=CARTESIAN_POINT('',(3.89,9.5,-5.));
#15001=CARTESIAN_POINT('',(3.89,9.5,-5.5));
#15002=CARTESIAN_POINT('',(3.89,9.,-5.5));
#15003=CARTESIAN_POINT('Origin',(3.89,9.,-5.));
#15004=CARTESIAN_POINT('',(3.89,8.1,-5.5));
#15005=CARTESIAN_POINT('',(3.89,8.1,-5.5));
#15006=CARTESIAN_POINT('',(3.89,8.1,-5.));
#15007=CARTESIAN_POINT('',(3.89,8.1,-5.));
#15008=CARTESIAN_POINT('',(3.89,5.5,-5.));
#15009=CARTESIAN_POINT('Origin',(1.19,4.34100000000001,-4.25000000000002));
#15010=CARTESIAN_POINT('',(1.19,5.5,-4.77));
#15011=CARTESIAN_POINT('',(1.19,1.5,-4.77));
#15012=CARTESIAN_POINT('',(1.19,8.1,-4.77));
#15013=CARTESIAN_POINT('',(1.19,5.5,-5.));
#15014=CARTESIAN_POINT('',(1.19,5.5,-4.43));
#15015=CARTESIAN_POINT('',(1.19,8.1,-5.));
#15016=CARTESIAN_POINT('',(1.19,5.5,-5.));
#15017=CARTESIAN_POINT('',(1.19,8.1,-5.5));
#15018=CARTESIAN_POINT('',(1.19,8.1,-5.));
#15019=CARTESIAN_POINT('',(1.19,9.,-5.5));
#15020=CARTESIAN_POINT('',(1.19,8.1,-5.5));
#15021=CARTESIAN_POINT('',(1.19,9.5,-5.));
#15022=CARTESIAN_POINT('Origin',(1.19,9.,-5.));
#15023=CARTESIAN_POINT('',(1.19,9.5,-3.3));
#15024=CARTESIAN_POINT('',(1.19,9.5,-5.5));
#15025=CARTESIAN_POINT('',(1.19,9.5,-3.3));
#15026=CARTESIAN_POINT('',(1.19,1.5,-2.72));
#15027=CARTESIAN_POINT('',(1.19,8.1,-2.72));
#15028=CARTESIAN_POINT('',(1.19,1.5,-3.62));
#15029=CARTESIAN_POINT('',(1.19,1.5,-3.3));
#15030=CARTESIAN_POINT('',(1.19,8.1,-3.62));
#15031=CARTESIAN_POINT('',(1.19,8.1,-3.62));
#15032=CARTESIAN_POINT('',(1.19,8.1,-4.45));
#15033=CARTESIAN_POINT('',(1.19,8.1,-4.25000000000002));
#15034=CARTESIAN_POINT('',(1.19,1.5,-4.45));
#15035=CARTESIAN_POINT('',(1.19,8.1,-4.45));
#15036=CARTESIAN_POINT('',(1.19,1.5,-3.3));
#15037=CARTESIAN_POINT('Origin',(3.89,5.5,-4.43));
#15038=CARTESIAN_POINT('',(3.89,5.5,-4.77));
#15039=CARTESIAN_POINT('',(3.89,5.5,-5.));
#15040=CARTESIAN_POINT('Origin',(10.16,9.,-5.));
#15041=CARTESIAN_POINT('',(10.16,9.,-5.5));
#15042=CARTESIAN_POINT('',(10.16,9.5,-5.));
#15043=CARTESIAN_POINT('Origin',(10.16,9.5,-5.));
#15044=CARTESIAN_POINT('',(10.16,9.5,-3.3));
#15045=CARTESIAN_POINT('Origin',(10.16,9.,-5.));
#15046=CARTESIAN_POINT('',(0.,9.,-5.5));
#15047=CARTESIAN_POINT('',(10.16,9.,-5.5));
#15048=CARTESIAN_POINT('',(0.,9.5,-5.));
#15049=CARTESIAN_POINT('Origin',(0.,9.,-5.));
#15050=CARTESIAN_POINT('',(10.16,9.5,-5.));
#15051=CARTESIAN_POINT('Origin',(10.16,9.5,-5.));
#15052=CARTESIAN_POINT('',(0.,9.5,-3.3));
#15053=CARTESIAN_POINT('',(0.,9.5,-5.));
#15054=CARTESIAN_POINT('',(10.16,9.5,-3.3));
#15055=CARTESIAN_POINT('Origin',(10.16,11.6,5.1));
#15056=CARTESIAN_POINT('',(0.,12.,5.1));
#15057=CARTESIAN_POINT('',(0.,11.6,5.5));
#15058=CARTESIAN_POINT('Origin',(0.,11.6,5.1));
#15059=CARTESIAN_POINT('',(10.16,11.6,5.5));
#15060=CARTESIAN_POINT('',(10.16,12.,5.1));
#15061=CARTESIAN_POINT('Origin',(10.16,11.6,5.5));
#15062=CARTESIAN_POINT('',(0.,11.6,5.5));
#15063=CARTESIAN_POINT('',(5.72,7.8,5.5));
#15064=CARTESIAN_POINT('',(5.72,3.2,5.5));
#15065=CARTESIAN_POINT('',(5.72,7.8,5.5));
#15066=CARTESIAN_POINT('',(9.52,7.8,5.5));
#15067=CARTESIAN_POINT('',(9.52,7.8,5.5));
#15068=CARTESIAN_POINT('',(9.52,3.2,5.5));
#15069=CARTESIAN_POINT('',(9.52,3.2,5.5));
#15070=CARTESIAN_POINT('',(5.72,3.2,5.5));
#15071=CARTESIAN_POINT('',(0.64,7.8,5.5));
#15072=CARTESIAN_POINT('',(0.64,3.2,5.5));
#15073=CARTESIAN_POINT('',(0.64,7.8,5.5));
#15074=CARTESIAN_POINT('',(4.44,7.8,5.5));
#15075=CARTESIAN_POINT('',(4.44,7.8,5.5));
#15076=CARTESIAN_POINT('',(4.44,3.2,5.5));
#15077=CARTESIAN_POINT('',(4.44,3.2,5.5));
#15078=CARTESIAN_POINT('',(0.64,3.2,5.5));
#15079=CARTESIAN_POINT('Origin',(10.16,0.,-5.5));
#15080=CARTESIAN_POINT('',(8.97,8.1,-5.5));
#15081=CARTESIAN_POINT('',(10.16,9.,-5.5));
#15082=CARTESIAN_POINT('',(0.,0.,-5.5));
#15083=CARTESIAN_POINT('',(3.89,8.1,-5.5));
#15084=CARTESIAN_POINT('Origin',(10.16,9.,-5.));
#15085=CARTESIAN_POINT('',(10.16,9.5,-5.));
#15086=CARTESIAN_POINT('Origin',(10.16,9.5,-5.));
#15087=CARTESIAN_POINT('',(10.16,9.5,-3.3));
#15088=CARTESIAN_POINT('Origin',(10.16,9.5,-3.3));
#15089=CARTESIAN_POINT('',(0.,17.8,-3.3));
#15090=CARTESIAN_POINT('',(0.,9.5,-3.3));
#15091=CARTESIAN_POINT('',(10.16,17.8,-3.3));
#15092=CARTESIAN_POINT('Origin',(10.16,17.8,-3.09999999999999));
#15093=CARTESIAN_POINT('Origin',(0.,17.8,-3.09999999999999));
#15094=CARTESIAN_POINT('Origin',(10.16,17.8,2.49999999999999));
#15095=CARTESIAN_POINT('',(0.,17.8,2.7));
#15096=CARTESIAN_POINT('Origin',(0.,17.8,2.49999999999999));
#15097=CARTESIAN_POINT('',(10.16,17.8,2.7));
#15098=CARTESIAN_POINT('Origin',(10.16,17.8,2.7));
#15099=CARTESIAN_POINT('',(0.,16.157,2.7));
#15100=CARTESIAN_POINT('',(0.,17.8,2.7));
#15101=CARTESIAN_POINT('',(10.16,16.157,2.7));
#15102=CARTESIAN_POINT('Origin',(10.16,16.157,2.7));
#15103=CARTESIAN_POINT('',(0.,16.157,2.7));
#15104=CARTESIAN_POINT('Origin',(0.,11.6,5.1));
#15105=CARTESIAN_POINT('',(0.,12.,5.1));
#15106=CARTESIAN_POINT('',(0.,14.7,5.1));
#15107=CARTESIAN_POINT('Origin',(4.39,17.3,0.));
#15108=CARTESIAN_POINT('Origin',(4.54,14.7,0.));
#15109=CARTESIAN_POINT('Origin',(9.47,17.3,0.));
#15110=CARTESIAN_POINT('Origin',(9.62,14.7,0.));
#15111=CARTESIAN_POINT('Origin',(3.89,1.5,-3.3));
#15112=CARTESIAN_POINT('',(4.64,1.5,2.67));
#15113=CARTESIAN_POINT('',(4.64,1.5,-2.72));
#15114=CARTESIAN_POINT('',(4.64,1.5,2.67));
#15115=CARTESIAN_POINT('',(4.64,1.5,-2.72));
#15116=CARTESIAN_POINT('',(4.54,1.5,-3.62));
#15117=CARTESIAN_POINT('',(3.89,1.5,-3.62));
#15118=CARTESIAN_POINT('',(4.54,1.5,-4.45000000000001));
#15119=CARTESIAN_POINT('',(4.54,1.5,-3.62));
#15120=CARTESIAN_POINT('',(4.54,1.5,-4.45000000000001));
#15121=CARTESIAN_POINT('',(3.89,1.5,-4.77));
#15122=CARTESIAN_POINT('',(0.54,1.5,-4.45));
#15123=CARTESIAN_POINT('',(1.19,1.5,-4.45));
#15124=CARTESIAN_POINT('',(0.54,1.5,-3.62));
#15125=CARTESIAN_POINT('',(0.54,1.5,-4.45));
#15126=CARTESIAN_POINT('',(0.54,1.5,-3.62));
#15127=CARTESIAN_POINT('',(0.44,1.5,-2.72));
#15128=CARTESIAN_POINT('',(1.19,1.5,-2.72));
#15129=CARTESIAN_POINT('',(0.44,1.5,2.67));
#15130=CARTESIAN_POINT('',(0.44,1.5,-2.72));
#15131=CARTESIAN_POINT('',(1.14,1.5,2.67));
#15132=CARTESIAN_POINT('',(0.44,1.5,2.67));
#15133=CARTESIAN_POINT('',(1.14,1.5,3.47));
#15134=CARTESIAN_POINT('',(1.14,1.5,2.67));
#15135=CARTESIAN_POINT('',(0.64,1.5,4.77));
#15136=CARTESIAN_POINT('',(1.14,1.5,3.47));
#15137=CARTESIAN_POINT('',(4.44,1.5,4.77));
#15138=CARTESIAN_POINT('',(0.64,1.5,4.77));
#15139=CARTESIAN_POINT('',(3.94,1.5,3.47));
#15140=CARTESIAN_POINT('',(4.44,1.5,4.77));
#15141=CARTESIAN_POINT('',(3.94,1.5,2.67));
#15142=CARTESIAN_POINT('',(3.94,1.5,3.47));
#15143=CARTESIAN_POINT('',(3.94,1.5,2.67));
#15144=CARTESIAN_POINT('Origin',(3.89,5.5,-5.));
#15145=CARTESIAN_POINT('',(3.89,8.1,-5.));
#15146=CARTESIAN_POINT('Origin',(3.89,8.1,-5.));
#15147=CARTESIAN_POINT('Origin',(8.97,1.5,-3.3));
#15148=CARTESIAN_POINT('',(9.72,1.5,2.67));
#15149=CARTESIAN_POINT('',(9.72,1.5,-2.72));
#15150=CARTESIAN_POINT('',(9.72,1.5,2.67));
#15151=CARTESIAN_POINT('',(9.72,1.5,-2.72));
#15152=CARTESIAN_POINT('',(9.62,1.5,-3.62));
#15153=CARTESIAN_POINT('',(8.97,1.5,-3.62));
#15154=CARTESIAN_POINT('',(9.62,1.5,-4.45000000000001));
#15155=CARTESIAN_POINT('',(9.62,1.5,-3.62));
#15156=CARTESIAN_POINT('',(9.62,1.5,-4.45000000000001));
#15157=CARTESIAN_POINT('',(8.97,1.5,-4.77));
#15158=CARTESIAN_POINT('',(5.62,1.5,-4.45));
#15159=CARTESIAN_POINT('',(6.27,1.5,-4.45));
#15160=CARTESIAN_POINT('',(5.62,1.5,-3.62));
#15161=CARTESIAN_POINT('',(5.62,1.5,-4.45));
#15162=CARTESIAN_POINT('',(5.62,1.5,-3.62));
#15163=CARTESIAN_POINT('',(5.52,1.5,-2.72));
#15164=CARTESIAN_POINT('',(6.27,1.5,-2.72));
#15165=CARTESIAN_POINT('',(5.52,1.5,2.67));
#15166=CARTESIAN_POINT('',(5.52,1.5,-2.72));
#15167=CARTESIAN_POINT('',(5.52,1.5,2.67));
#15168=CARTESIAN_POINT('',(5.72,1.5,4.55));
#15169=CARTESIAN_POINT('',(6.22,1.5,3.25));
#15170=CARTESIAN_POINT('',(5.72,1.5,4.55));
#15171=CARTESIAN_POINT('',(5.72,1.5,4.77));
#15172=CARTESIAN_POINT('',(9.52,1.5,4.55));
#15173=CARTESIAN_POINT('',(5.72,1.5,4.55));
#15174=CARTESIAN_POINT('',(9.52,1.5,4.55));
#15175=CARTESIAN_POINT('',(9.02,1.5,2.67));
#15176=CARTESIAN_POINT('Origin',(8.97,5.5,-5.));
#15177=CARTESIAN_POINT('',(8.97,8.1,-5.));
#15178=CARTESIAN_POINT('Origin',(8.97,8.1,-5.));
#15179=CARTESIAN_POINT('Origin',(4.54,8.1,-3.62));
#15180=CARTESIAN_POINT('',(4.54,8.1,-3.62));
#15181=CARTESIAN_POINT('',(4.54,8.1,-3.62));
#15182=CARTESIAN_POINT('',(4.54,8.1,-4.45000000000001));
#15183=CARTESIAN_POINT('',(4.54,8.1,-3.62));
#15184=CARTESIAN_POINT('',(4.54,8.1,-4.45000000000001));
#15185=CARTESIAN_POINT('Origin',(0.54,8.1,-4.45));
#15186=CARTESIAN_POINT('',(0.54,8.1,-4.45));
#15187=CARTESIAN_POINT('',(0.54,8.1,-4.45));
#15188=CARTESIAN_POINT('',(0.54,8.1,-3.62));
#15189=CARTESIAN_POINT('',(0.54,8.1,-4.45));
#15190=CARTESIAN_POINT('',(0.54,8.1,-3.62));
#15191=CARTESIAN_POINT('Origin',(0.,8.1,0.));
#15192=CARTESIAN_POINT('',(4.54,8.1,-4.45000000000001));
#15193=CARTESIAN_POINT('',(3.89,8.1,-3.62));
#15194=CARTESIAN_POINT('Origin',(3.89,8.1,-4.77));
#15195=CARTESIAN_POINT('Origin',(0.,8.1,0.));
#15196=CARTESIAN_POINT('',(0.54,8.1,-3.62));
#15197=CARTESIAN_POINT('',(1.19,8.1,-4.45));
#15198=CARTESIAN_POINT('Origin',(0.54,8.1,-3.62));
#15199=CARTESIAN_POINT('Origin',(1.19,8.1,-4.45));
#15200=CARTESIAN_POINT('Origin',(4.54,8.1,-4.45000000000001));
#15201=CARTESIAN_POINT('Origin',(3.89,8.1,-3.62));
#15202=CARTESIAN_POINT('Origin',(0.44,8.1,-2.72));
#15203=CARTESIAN_POINT('',(0.44,8.1,2.67));
#15204=CARTESIAN_POINT('',(0.44,8.1,-2.72));
#15205=CARTESIAN_POINT('',(0.44,14.1,-2.65));
#15206=CARTESIAN_POINT('',(0.44,14.1,-2.65));
#15207=CARTESIAN_POINT('',(0.44,14.1,2.65));
#15208=CARTESIAN_POINT('',(0.44,14.1,-2.65));
#15209=CARTESIAN_POINT('',(0.44,14.1,2.65));
#15210=CARTESIAN_POINT('Origin',(0.44,8.1,2.67));
#15211=CARTESIAN_POINT('',(1.14,8.1,2.67));
#15212=CARTESIAN_POINT('Origin',(1.14,8.1,2.67));
#15213=CARTESIAN_POINT('',(1.14,8.1,3.47));
#15214=CARTESIAN_POINT('Origin',(1.14,8.1,3.47));
#15215=CARTESIAN_POINT('',(0.666923076923077,7.8,4.7));
#15216=CARTESIAN_POINT('',(1.14,7.8,3.47));
#15217=CARTESIAN_POINT('',(0.666923076923077,3.2,4.7));
#15218=CARTESIAN_POINT('',(0.666923076923077,8.1,4.7));
#15219=CARTESIAN_POINT('',(0.64,3.2,4.77));
#15220=CARTESIAN_POINT('',(1.14,3.2,3.47));
#15221=CARTESIAN_POINT('',(0.64,8.1,4.77));
#15222=CARTESIAN_POINT('',(1.14,11.,3.47));
#15223=CARTESIAN_POINT('',(1.14,11.,3.47));
#15224=CARTESIAN_POINT('',(1.14,11.,3.47));
#15225=CARTESIAN_POINT('Origin',(0.64,8.1,4.77));
#15226=CARTESIAN_POINT('',(4.44,3.2,4.77));
#15227=CARTESIAN_POINT('',(0.64,3.2,4.77));
#15228=CARTESIAN_POINT('',(4.44,8.1,4.77));
#15229=CARTESIAN_POINT('Origin',(4.44,8.1,4.77));
#15230=CARTESIAN_POINT('',(4.41307692307692,7.8,4.7));
#15231=CARTESIAN_POINT('',(4.44,7.8,4.77));
#15232=CARTESIAN_POINT('',(3.94,11.,3.47));
#15233=CARTESIAN_POINT('',(4.44,11.,4.77));
#15234=CARTESIAN_POINT('',(3.94,11.,3.47));
#15235=CARTESIAN_POINT('',(3.94,8.1,3.47));
#15236=CARTESIAN_POINT('',(4.41307692307692,3.2,4.7));
#15237=CARTESIAN_POINT('',(4.44,3.2,4.77));
#15238=CARTESIAN_POINT('',(4.41307692307692,8.1,4.7));
#15239=CARTESIAN_POINT('Origin',(3.94,8.1,3.47));
#15240=CARTESIAN_POINT('',(3.94,8.1,2.67));
#15241=CARTESIAN_POINT('Origin',(3.94,8.1,2.67));
#15242=CARTESIAN_POINT('',(4.64,8.1,2.67));
#15243=CARTESIAN_POINT('Origin',(4.64,8.1,2.67));
#15244=CARTESIAN_POINT('',(4.64,14.1,2.65));
#15245=CARTESIAN_POINT('',(4.64,14.1,2.65));
#15246=CARTESIAN_POINT('',(4.64,14.1,-2.65));
#15247=CARTESIAN_POINT('',(4.64,14.1,2.65));
#15248=CARTESIAN_POINT('',(4.64,14.1,-2.65));
#15249=CARTESIAN_POINT('',(4.64,8.1,-2.72));
#15250=CARTESIAN_POINT('Origin',(4.64,8.1,-2.72));
#15251=CARTESIAN_POINT('Origin',(1.19,8.1,-2.72));
#15252=CARTESIAN_POINT('Origin',(9.62,8.1,-3.62));
#15253=CARTESIAN_POINT('',(9.62,8.1,-3.62));
#15254=CARTESIAN_POINT('',(9.62,8.1,-3.62));
#15255=CARTESIAN_POINT('',(9.62,8.1,-4.45000000000001));
#15256=CARTESIAN_POINT('',(9.62,8.1,-3.62));
#15257=CARTESIAN_POINT('',(9.62,8.1,-4.45000000000001));
#15258=CARTESIAN_POINT('Origin',(5.62,8.1,-4.45));
#15259=CARTESIAN_POINT('',(5.62,8.1,-4.45));
#15260=CARTESIAN_POINT('',(5.62,8.1,-4.45));
#15261=CARTESIAN_POINT('',(5.62,8.1,-3.62));
#15262=CARTESIAN_POINT('',(5.62,8.1,-4.45));
#15263=CARTESIAN_POINT('',(5.62,8.1,-3.62));
#15264=CARTESIAN_POINT('Origin',(5.08,8.1,0.));
#15265=CARTESIAN_POINT('',(9.62,8.1,-4.45000000000001));
#15266=CARTESIAN_POINT('',(8.97,8.1,-3.62));
#15267=CARTESIAN_POINT('Origin',(8.97,8.1,-4.77));
#15268=CARTESIAN_POINT('Origin',(5.08,8.1,0.));
#15269=CARTESIAN_POINT('',(5.62,8.1,-3.62));
#15270=CARTESIAN_POINT('',(6.27,8.1,-4.45));
#15271=CARTESIAN_POINT('Origin',(5.62,8.1,-3.62));
#15272=CARTESIAN_POINT('Origin',(6.27,8.1,-4.45));
#15273=CARTESIAN_POINT('Origin',(9.62,8.1,-4.45000000000001));
#15274=CARTESIAN_POINT('Origin',(8.97,8.1,-3.62));
#15275=CARTESIAN_POINT('Origin',(5.52,8.1,-2.72));
#15276=CARTESIAN_POINT('',(5.52,8.1,2.67));
#15277=CARTESIAN_POINT('',(5.52,8.1,-2.72));
#15278=CARTESIAN_POINT('',(5.52,14.1,-2.65));
#15279=CARTESIAN_POINT('',(5.52,14.1,-2.65));
#15280=CARTESIAN_POINT('',(5.52,14.1,2.65));
#15281=CARTESIAN_POINT('',(5.52,14.1,-2.65));
#15282=CARTESIAN_POINT('',(5.52,14.1,2.65));
#15283=CARTESIAN_POINT('Origin',(5.52,8.1,2.67));
#15284=CARTESIAN_POINT('Origin',(5.72,8.1,4.77));
#15285=CARTESIAN_POINT('',(5.72,3.2,4.77));
#15286=CARTESIAN_POINT('Origin',(9.02,8.1,2.67));
#15287=CARTESIAN_POINT('',(9.72,8.1,2.67));
#15288=CARTESIAN_POINT('Origin',(9.72,8.1,2.67));
#15289=CARTESIAN_POINT('',(9.72,14.1,2.65));
#15290=CARTESIAN_POINT('',(9.72,14.1,2.65));
#15291=CARTESIAN_POINT('',(9.72,14.1,-2.65));
#15292=CARTESIAN_POINT('',(9.72,14.1,2.65));
#15293=CARTESIAN_POINT('',(9.72,14.1,-2.65));
#15294=CARTESIAN_POINT('',(9.72,8.1,-2.72));
#15295=CARTESIAN_POINT('Origin',(9.72,8.1,-2.72));
#15296=CARTESIAN_POINT('Origin',(6.27,8.1,-2.72));
#15297=CARTESIAN_POINT('Origin',(3.94,11.,3.47));
#15298=CARTESIAN_POINT('',(3.94,11.,3.47));
#15299=CARTESIAN_POINT('Origin',(0.,11.,0.));
#15300=CARTESIAN_POINT('Origin',(9.02,11.,3.25));
#15301=CARTESIAN_POINT('',(9.02,11.,3.25));
#15302=CARTESIAN_POINT('',(9.02,11.,3.25));
#15303=CARTESIAN_POINT('',(6.22,11.,3.25));
#15304=CARTESIAN_POINT('',(9.02,11.,3.25));
#15305=CARTESIAN_POINT('',(6.22,11.,3.25));
#15306=CARTESIAN_POINT('Origin',(6.22,11.,3.25));
#15307=CARTESIAN_POINT('',(5.72,11.,4.55));
#15308=CARTESIAN_POINT('',(6.22,11.,3.25));
#15309=CARTESIAN_POINT('',(5.72,11.,4.55));
#15310=CARTESIAN_POINT('Origin',(5.72,11.,4.55));
#15311=CARTESIAN_POINT('',(9.52,11.,4.55));
#15312=CARTESIAN_POINT('',(5.72,11.,4.55));
#15313=CARTESIAN_POINT('',(9.52,11.,4.55));
#15314=CARTESIAN_POINT('Origin',(9.52,11.,4.55));
#15315=CARTESIAN_POINT('',(9.52,11.,4.55));
#15316=CARTESIAN_POINT('Origin',(5.08,11.,-0.22));
#15317=CARTESIAN_POINT('Origin',(4.64,14.1,-2.65));
#15318=CARTESIAN_POINT('',(4.64,14.1,-2.65));
#15319=CARTESIAN_POINT('Origin',(0.44,14.1,2.65));
#15320=CARTESIAN_POINT('',(0.44,14.1,2.65));
#15321=CARTESIAN_POINT('Origin',(0.,14.1,0.));
#15322=CARTESIAN_POINT('Origin',(9.72,14.1,-2.65));
#15323=CARTESIAN_POINT('',(9.72,14.1,-2.65));
#15324=CARTESIAN_POINT('Origin',(5.52,14.1,2.65));
#15325=CARTESIAN_POINT('',(5.52,14.1,2.65));
#15326=CARTESIAN_POINT('Origin',(5.08,14.1,0.));
#15327=CARTESIAN_POINT('Origin',(-0.5,12.,4.09629909152447));
#15328=CARTESIAN_POINT('',(-0.0750000000000001,12.,3.25669872981078));
#15329=CARTESIAN_POINT('',(-0.58,12.,3.10370090847553));
#15330=CARTESIAN_POINT('',(-0.46,12.,4.16558112382723));
#15331=CARTESIAN_POINT('Origin',(-0.58,12.,3.10370090847553));
#15332=CARTESIAN_POINT('Origin',(-0.46,12.,4.16558112382723));
#15333=CARTESIAN_POINT('Origin',(-0.0750000000000001,12.,3.25669872981078));
#15334=CARTESIAN_POINT('Origin',(0.08,14.7,-1.66243593539449));
#15335=CARTESIAN_POINT('',(0.12,14.7,-1.73171796769725));
#15336=CARTESIAN_POINT('',(0.6,14.7,-1.54119237886467));
#15337=CARTESIAN_POINT('',(0.525,14.7,-2.70410889132455));
#15338=CARTESIAN_POINT('Origin',(0.12,14.7,-1.73171796769725));
#15339=CARTESIAN_POINT('Origin',(0.6,14.7,-1.54119237886467));
#15340=CARTESIAN_POINT('Origin',(0.525,14.7,-2.70410889132455));
#15341=CARTESIAN_POINT('Origin',(10.235,14.7,-1.75769872981078));
#15342=CARTESIAN_POINT('',(10.235,14.7,-1.75769872981078));
#15343=CARTESIAN_POINT('Origin',(10.74,14.7,-1.60470090847553));
#15344=CARTESIAN_POINT('',(10.74,14.7,-1.60470090847553));
#15345=CARTESIAN_POINT('Origin',(10.62,14.7,-2.66658112382723));
#15346=CARTESIAN_POINT('',(10.62,14.7,-2.66658112382723));
#15347=CARTESIAN_POINT('Origin',(10.21,14.7,-1.71439745962156));
#15348=CARTESIAN_POINT('Origin',(9.58,12.,3.10370090847553));
#15349=CARTESIAN_POINT('',(9.58,12.,3.10370090847553));
#15350=CARTESIAN_POINT('Origin',(9.7,12.,4.16558112382723));
#15351=CARTESIAN_POINT('',(9.7,12.,4.16558112382723));
#15352=CARTESIAN_POINT('Origin',(10.085,12.,3.25669872981078));
#15353=CARTESIAN_POINT('',(10.085,12.,3.25669872981078));
#15354=CARTESIAN_POINT('Origin',(9.66,12.,4.09629909152447));
#15355=CARTESIAN_POINT('Origin',(0.64,7.8,4.7));
#15356=CARTESIAN_POINT('',(0.64,3.2,4.7));
#15357=CARTESIAN_POINT('',(0.64,3.2,4.7));
#15358=CARTESIAN_POINT('',(0.64,7.8,4.7));
#15359=CARTESIAN_POINT('',(0.64,7.8,4.7));
#15360=CARTESIAN_POINT('',(0.64,7.8,4.7));
#15361=CARTESIAN_POINT('',(0.64,7.8,4.7));
#15362=CARTESIAN_POINT('',(0.64,3.2,4.7));
#15363=CARTESIAN_POINT('Origin',(4.44,7.8,4.7));
#15364=CARTESIAN_POINT('',(4.44,7.8,4.7));
#15365=CARTESIAN_POINT('Origin',(4.44,7.8,4.7));
#15366=CARTESIAN_POINT('',(4.44,7.8,4.7));
#15367=CARTESIAN_POINT('Origin',(0.64,3.2,4.7));
#15368=CARTESIAN_POINT('',(0.64,3.2,4.7));
#15369=CARTESIAN_POINT('Origin',(0.64,3.2,4.7));
#15370=CARTESIAN_POINT('',(4.44,3.2,4.7));
#15371=CARTESIAN_POINT('Origin',(4.44,3.2,4.7));
#15372=CARTESIAN_POINT('',(4.44,7.8,4.7));
#15373=CARTESIAN_POINT('',(4.44,7.8,4.7));
#15374=CARTESIAN_POINT('',(4.44,3.2,4.7));
#15375=CARTESIAN_POINT('',(4.44,3.2,4.7));
#15376=CARTESIAN_POINT('',(4.44,3.2,4.7));
#15377=CARTESIAN_POINT('Origin',(0.,0.,4.7));
#15378=CARTESIAN_POINT('Origin',(4.44,7.8,4.7));
#15379=CARTESIAN_POINT('',(4.44,7.8,4.7));
#15380=CARTESIAN_POINT('Origin',(0.64,3.2,4.7));
#15381=CARTESIAN_POINT('',(0.64,3.2,4.7));
#15382=CARTESIAN_POINT('Origin',(0.,0.,4.7));
#15383=CARTESIAN_POINT('Origin',(5.08,0.,4.7));
#15384=CARTESIAN_POINT('',(5.72,7.8,4.7));
#15385=CARTESIAN_POINT('',(9.52,7.8,4.7));
#15386=CARTESIAN_POINT('',(5.72,3.2,4.7));
#15387=CARTESIAN_POINT('',(5.72,7.8,4.7));
#15388=CARTESIAN_POINT('',(5.72,3.2,4.7));
#15389=CARTESIAN_POINT('Origin',(9.52,7.8,4.7));
#15390=CARTESIAN_POINT('',(5.72,7.8,4.7));
#15391=CARTESIAN_POINT('Origin',(9.52,7.8,4.7));
#15392=CARTESIAN_POINT('',(9.52,7.8,4.7));
#15393=CARTESIAN_POINT('',(9.52,7.8,4.7));
#15394=CARTESIAN_POINT('',(9.52,7.8,4.7));
#15395=CARTESIAN_POINT('Origin',(5.72,7.8,4.7));
#15396=CARTESIAN_POINT('',(5.72,3.2,4.7));
#15397=CARTESIAN_POINT('',(5.72,7.8,4.7));
#15398=CARTESIAN_POINT('',(5.72,3.2,4.7));
#15399=CARTESIAN_POINT('Origin',(5.72,3.2,4.7));
#15400=CARTESIAN_POINT('Origin',(5.72,3.2,4.7));
#15401=CARTESIAN_POINT('',(9.52,3.2,4.7));
#15402=CARTESIAN_POINT('',(9.52,3.2,4.7));
#15403=CARTESIAN_POINT('',(5.72,3.2,4.7));
#15404=CARTESIAN_POINT('Origin',(9.52,3.2,4.7));
#15405=CARTESIAN_POINT('',(9.52,3.2,4.7));
#15406=CARTESIAN_POINT('',(9.52,3.2,4.7));
#15407=CARTESIAN_POINT('',(9.52,7.8,4.7));
#15408=CARTESIAN_POINT('Origin',(9.52,7.8,4.7));
#15409=CARTESIAN_POINT('Origin',(5.72,3.2,4.7));
#15410=CARTESIAN_POINT('Origin',(5.08,0.,4.7));
#15411=CARTESIAN_POINT('Origin',(10.161,7.94229199938481,0.897529224804421));
#15412=CARTESIAN_POINT('Origin',(10.161,7.94393799003941,-1.45095364223699));
#15413=CARTESIAN_POINT('Origin',(10.161,0.,0.));
#15414=CARTESIAN_POINT('Origin',(10.161,0.,0.));
#15415=CARTESIAN_POINT('Origin',(10.161,6.07928961034859,-0.294867026953596));
#15416=CARTESIAN_POINT('',(10.161,5.64088679117307,-0.0984129354512895));
#15417=CARTESIAN_POINT('',(10.161,5.12986489312904,-0.0984129354512895));
#15418=CARTESIAN_POINT('',(10.161,5.64088679117307,-0.0984129354512895));
#15419=CARTESIAN_POINT('',(10.161,5.64088679117307,-0.256561849462429));
#15420=CARTESIAN_POINT('',(10.161,5.64088679117307,-0.256561849462429));
#15421=CARTESIAN_POINT('',(10.161,5.64024712243225,-0.285159116831543));
#15422=CARTESIAN_POINT('Origin',(10.161,4.15598634393614,-0.237653121093552));
#15423=CARTESIAN_POINT('',(10.161,5.63545276079853,-0.342146363024918));
#15424=CARTESIAN_POINT('Origin',(10.161,5.07047967695879,-0.265919634528596));
#15425=CARTESIAN_POINT('',(10.161,5.63202628182334,-0.363323918202394));
#15426=CARTESIAN_POINT('Origin',(10.161,5.22961857194993,-0.287349314685419));
#15427=CARTESIAN_POINT('',(10.161,5.61403938738479,-0.425026598263573));
#15428=CARTESIAN_POINT('Origin',(10.161,5.32149599748229,-0.306274517888042));
#15429=CARTESIAN_POINT('',(10.161,5.59332625817622,-0.462517865923041));
#15430=CARTESIAN_POINT('Origin',(10.161,5.44502491614073,-0.356117107971063));
#15431=CARTESIAN_POINT('',(10.161,5.56400367558687,-0.493681352062908));
#15432=CARTESIAN_POINT('Origin',(10.161,5.47315315240377,-0.378820636149858));
#15433=CARTESIAN_POINT('',(10.161,5.51437231172415,-0.521755249188463));
#15434=CARTESIAN_POINT('Origin',(10.161,5.44637691916671,-0.34363918514548));
#15435=CARTESIAN_POINT('',(10.161,5.4592516940901,-0.536793127818609));
#15436=CARTESIAN_POINT('Origin',(10.161,5.40922616742426,-0.244887056737722));
#15437=CARTESIAN_POINT('',(10.161,5.43089463559782,-0.540624704257531));
#15438=CARTESIAN_POINT('Origin',(10.161,5.37791698766542,-0.0416937384143117));
#15439=CARTESIAN_POINT('',(10.161,5.40238302463499,-0.542807195095917));
#15440=CARTESIAN_POINT('Origin',(10.161,5.38321943660568,-0.10513187352256));
#15441=CARTESIAN_POINT('',(10.161,5.37378512369741,-0.543496524070306));
#15442=CARTESIAN_POINT('Origin',(10.161,5.36445162086725,0.437277780640536));
#15443=CARTESIAN_POINT('',(10.161,5.36079764249928,-0.543222189076872));
#15444=CARTESIAN_POINT('Origin',(10.161,5.38635708577757,0.359243158605317));
#15445=CARTESIAN_POINT('',(10.161,5.30262836947767,-0.538023275571927));
#15446=CARTESIAN_POINT('Origin',(10.161,5.36817527210219,-0.132656046489394));
#15447=CARTESIAN_POINT('',(10.161,5.25856333122563,-0.527048929931228));
#15448=CARTESIAN_POINT('Origin',(10.161,5.34244171201299,-0.284207833434951));
#15449=CARTESIAN_POINT('',(10.161,5.21761208200251,-0.50749821367846));
#15450=CARTESIAN_POINT('Origin',(10.161,5.32250579619593,-0.340450064128132));
#15451=CARTESIAN_POINT('',(10.161,5.16778345893851,-0.457167052782809));
#15452=CARTESIAN_POINT('Origin',(10.161,5.29821971023551,-0.377864290598261));
#15453=CARTESIAN_POINT('',(10.161,5.15081223177336,-0.422136696947973));
#15454=CARTESIAN_POINT('Origin',(10.161,5.3445800107386,-0.3498878503951));
#15455=CARTESIAN_POINT('',(10.161,5.1385114410523,-0.378410474310874));
#15456=CARTESIAN_POINT('Origin',(10.161,5.42594518538994,-0.321144692246595));
#15457=CARTESIAN_POINT('',(10.161,5.13029669633049,-0.307520172084843));
#15458=CARTESIAN_POINT('Origin',(10.161,5.1448180580944,-0.343372113971629));
#15459=CARTESIAN_POINT('',(10.161,5.12986489312904,-0.281546287018509));
#15460=CARTESIAN_POINT('Origin',(10.161,6.08044532354936,-0.278733881666512));
#15461=CARTESIAN_POINT('',(10.161,5.12986489312904,-0.0984129354512895));
#15462=CARTESIAN_POINT('',(10.161,6.21784699864209,-0.0984129354512895));
#15463=CARTESIAN_POINT('',(10.161,5.75627883266687,-0.0984129354512895));
#15464=CARTESIAN_POINT('',(10.161,6.21784699864209,-0.0984129354512895));
#15465=CARTESIAN_POINT('',(10.161,6.21784699864208,-0.24059241514898));
#15466=CARTESIAN_POINT('',(10.161,6.21784699864208,-0.24059241514898));
#15467=CARTESIAN_POINT('',(10.161,6.21767399175564,-0.252980104896463));
#15468=CARTESIAN_POINT('Origin',(10.161,4.61881582985736,-0.224455345720176));
#15469=CARTESIAN_POINT('',(10.161,6.21694428903033,-0.277745925714665));
#15470=CARTESIAN_POINT('Origin',(10.161,5.41775559008488,-0.241804886181976));
#15471=CARTESIAN_POINT('',(10.161,6.2087586257092,-0.345339829707996));
#15472=CARTESIAN_POINT('Origin',(10.161,5.76685311557644,-0.257532204381073));
#15473=CARTESIAN_POINT('',(10.161,6.19490053263234,-0.392857264013284));
#15474=CARTESIAN_POINT('Origin',(10.161,5.95046001775801,-0.295788553809092));
#15475=CARTESIAN_POINT('',(10.161,6.18720235577709,-0.409768951022731));
#15476=CARTESIAN_POINT('Origin',(10.161,6.0354184811471,-0.330469195053486));
#15477=CARTESIAN_POINT('',(10.161,6.14731324267656,-0.45650850762674));
#15478=CARTESIAN_POINT('Origin',(10.161,6.06739836690469,-0.34791532372421));
#15479=CARTESIAN_POINT('',(10.161,6.11480078989767,-0.474384107280771));
#15480=CARTESIAN_POINT('Origin',(10.161,6.05708732495669,-0.330908941267696));
#15481=CARTESIAN_POINT('',(10.161,6.07332022699136,-0.486876120108342));
#15482=CARTESIAN_POINT('Origin',(10.161,6.02204943232125,-0.241512525975692));
#15483=CARTESIAN_POINT('',(10.161,6.01801755680659,-0.493512229224502));
#15484=CARTESIAN_POINT('Origin',(10.161,6.00436860719214,-0.146014176462822));
#15485=CARTESIAN_POINT('',(10.161,5.99324463216327,-0.494042792001448));
#15486=CARTESIAN_POINT('Origin',(10.161,5.98750879206554,0.352385190025596));
#15487=CARTESIAN_POINT('',(10.161,5.96833508297427,-0.493554274378693));
#15488=CARTESIAN_POINT('Origin',(10.161,6.00016384209102,0.494082349638378));
#15489=CARTESIAN_POINT('',(10.161,5.91264937159742,-0.487515730433232));
#15490=CARTESIAN_POINT('Origin',(10.161,5.98104904926467,-0.116531682487634));
#15491=CARTESIAN_POINT('',(10.161,5.88233179524264,-0.480421276197975));
#15492=CARTESIAN_POINT('Origin',(10.161,5.96410941581172,-0.199278311409971));
#15493=CARTESIAN_POINT('',(10.161,5.83151678725944,-0.457166291818272));
#15494=CARTESIAN_POINT('Origin',(10.161,5.93486745734777,-0.298478356451938));
#15495=CARTESIAN_POINT('',(10.161,5.79588207879601,-0.422707233633765));
#15496=CARTESIAN_POINT('Origin',(10.161,5.90368201927321,-0.346884212929831));
#15497=CARTESIAN_POINT('',(10.161,5.7807343076892,-0.395529131981638));
#15498=CARTESIAN_POINT('Origin',(10.161,5.92994249633175,-0.330178011359094));
#15499=CARTESIAN_POINT('',(10.161,5.76850872382137,-0.360240887401537));
#15500=CARTESIAN_POINT('Origin',(10.161,5.99940434238286,-0.300009180738281));
#15501=CARTESIAN_POINT('',(10.161,5.7595774939385,-0.311256137052511));
#15502=CARTESIAN_POINT('Origin',(10.161,6.09472602284022,-0.275456174267273));
#15503=CARTESIAN_POINT('',(10.161,5.7567213705719,-0.274004217463337));
#15504=CARTESIAN_POINT('Origin',(10.161,6.19205084225235,-0.259362738436995));
#15505=CARTESIAN_POINT('',(10.161,5.75627883266687,-0.2490922753483));
#15506=CARTESIAN_POINT('Origin',(10.161,6.78491484921004,-0.243279397441761));
#15507=CARTESIAN_POINT('',(10.161,5.75627883266687,-0.0984129354512895));
#15508=CARTESIAN_POINT('Origin',(10.16,11.6,5.1));
#15509=CARTESIAN_POINT('Origin',(10.16,11.6,5.1));
#15510=CARTESIAN_POINT('Origin',(10.161,5.3239100587168,-1.87371568186319));
#15511=CARTESIAN_POINT('Origin',(10.161,5.67340375516991,-4.52790074778535));
#15512=CARTESIAN_POINT('',(10.161,5.71897792961264,-1.78027992073122));
#15513=CARTESIAN_POINT('',(10.161,5.6746286604483,-1.77983982578964));
#15514=CARTESIAN_POINT('Origin',(10.161,5.64884987184362,-6.61242460041797));
#15515=CARTESIAN_POINT('',(10.161,5.82977534725414,-1.78423402524101));
#15516=CARTESIAN_POINT('Origin',(10.161,5.69634786024367,-3.96869061522577));
#15517=CARTESIAN_POINT('',(10.161,5.94008941364361,-1.79517326953109));
#15518=CARTESIAN_POINT('Origin',(10.161,5.74713991030546,-3.17923726564013));
#15519=CARTESIAN_POINT('',(10.161,5.9838750488966,-1.8022451953423));
#15520=CARTESIAN_POINT('Origin',(10.161,5.80324890160237,-2.78150230194414));
#15521=CARTESIAN_POINT('',(10.161,6.03793040172774,-1.81452584771796));
#15522=CARTESIAN_POINT('Origin',(10.161,5.86195914126988,-2.46398570799081));
#15523=CARTESIAN_POINT('',(10.161,6.09051787789721,-1.83204123177237));
#15524=CARTESIAN_POINT('Origin',(10.161,5.92416444390344,-2.24379306999815));
#15525=CARTESIAN_POINT('',(10.161,6.13927910651676,-1.85825451605795));
#15526=CARTESIAN_POINT('Origin',(10.161,5.99605936965548,-2.06620913280016));
#15527=CARTESIAN_POINT('',(10.161,6.16537977672624,-1.87887381305924));
#15528=CARTESIAN_POINT('Origin',(10.161,6.01364802897133,-2.04411223564652));
#15529=CARTESIAN_POINT('',(10.161,6.21919451199887,-1.96187209139242));
#15530=CARTESIAN_POINT('Origin',(10.161,6.0235390700997,-2.02978646207922));
#15531=CARTESIAN_POINT('',(10.161,6.23289893464099,-2.02683985728385));
#15532=CARTESIAN_POINT('Origin',(10.161,5.9660168167777,-2.04920717154262));
#15533=CARTESIAN_POINT('',(10.161,6.23433157599836,-2.06007764084641));
#15534=CARTESIAN_POINT('Origin',(10.161,5.72458585584591,-2.06539933870853));
#15535=CARTESIAN_POINT('',(10.161,6.23361629314662,-2.08231328121801));
#15536=CARTESIAN_POINT('Origin',(10.161,5.70728626205584,-2.05425281157057));
#15537=CARTESIAN_POINT('',(10.161,6.22572248336322,-2.13726618151375));
#15538=CARTESIAN_POINT('Origin',(10.161,5.95549580985034,-2.07040556667368));
#15539=CARTESIAN_POINT('',(10.161,6.211421911601,-2.17933969787165));
#15540=CARTESIAN_POINT('Origin',(10.161,5.98666951747624,-2.07948041178553));
#15541=CARTESIAN_POINT('',(10.161,6.15860050804547,-2.2500661274422));
#15542=CARTESIAN_POINT('Origin',(10.161,6.03093905273078,-2.09963549534394));
#15543=CARTESIAN_POINT('',(10.161,6.09189957362434,-2.2895976701338));
#15544=CARTESIAN_POINT('Origin',(10.161,6.00389400861527,-2.06506982284676));
#15545=CARTESIAN_POINT('',(10.161,6.02831838737059,-2.30963848776775));
#15546=CARTESIAN_POINT('Origin',(10.161,5.92480623843488,-1.87035870436572));
#15547=CARTESIAN_POINT('',(10.161,5.91879358866396,-2.32838947048174));
#15548=CARTESIAN_POINT('Origin',(10.161,5.81906885123263,-1.41665207003511));
#15549=CARTESIAN_POINT('',(10.161,5.76355402543115,-2.33898975205993));
#15550=CARTESIAN_POINT('Origin',(10.161,5.71580543443226,-0.497688249944379));
#15551=CARTESIAN_POINT('',(10.161,5.67462866044884,-2.34031545590245));
#15552=CARTESIAN_POINT('Origin',(10.161,5.65381863752559,2.03870021223271));
#15553=CARTESIAN_POINT('',(10.161,5.63007858619901,-2.33988121388441));
#15554=CARTESIAN_POINT('Origin',(10.161,5.70323612066054,2.88007599233724));
#15555=CARTESIAN_POINT('',(10.161,5.58553583040446,-2.33899153845135));
#15556=CARTESIAN_POINT('Origin',(10.161,5.66598123249759,0.573121683840895));
#15557=CARTESIAN_POINT('',(10.161,5.43000125243719,-2.32839984680757));
#15558=CARTESIAN_POINT('Origin',(10.161,5.63237793822797,-0.503858628356156));
#15559=CARTESIAN_POINT('',(10.161,5.32026029790636,-2.30965017239015));
#15560=CARTESIAN_POINT('Origin',(10.161,5.38722105170447,-2.30935892777405));
#15561=CARTESIAN_POINT('',(10.161,5.24627368642992,-2.28528184937695));
#15562=CARTESIAN_POINT('Origin',(10.161,5.41998375042962,-1.88236934336437));
#15563=CARTESIAN_POINT('',(10.161,5.20737905452883,-2.26364067113422));
#15564=CARTESIAN_POINT('Origin',(10.161,5.3415200755155,-2.06832787007154));
#15565=CARTESIAN_POINT('',(10.161,5.13205859560675,-2.16927879741666));
#15566=CARTESIAN_POINT('Origin',(10.161,5.31937105474106,-2.09700603784459));
#15567=CARTESIAN_POINT('',(10.161,5.11480956313821,-2.09346608347344));
#15568=CARTESIAN_POINT('Origin',(10.161,5.38932968085141,-2.07087543902405));
#15569=CARTESIAN_POINT('',(10.161,5.11338031577278,-2.06007764084598));
#15570=CARTESIAN_POINT('Origin',(10.161,5.64039754765032,-2.05424261080848));
#15571=CARTESIAN_POINT('',(10.161,5.11405058414712,-2.03784591865235));
#15572=CARTESIAN_POINT('Origin',(10.161,5.86450695362373,-2.07159753402163));
#15573=CARTESIAN_POINT('',(10.161,5.11602453941375,-2.01573745560906));
#15574=CARTESIAN_POINT('Origin',(10.161,5.36807307210752,-2.0493839757614));
#15575=CARTESIAN_POINT('',(10.161,5.12528551872356,-1.97225753139357));
#15576=CARTESIAN_POINT('Origin',(10.161,5.43760965986206,-2.06150704718354));
#15577=CARTESIAN_POINT('',(10.161,5.14765235456776,-1.92154713575042));
#15578=CARTESIAN_POINT('Origin',(10.161,5.32062545872655,-2.02812825671422));
#15579=CARTESIAN_POINT('',(10.161,5.17479999883853,-1.8864475905493));
#15580=CARTESIAN_POINT('Origin',(10.161,5.30928211936192,-2.0185108145477));
#15581=CARTESIAN_POINT('',(10.161,5.24763877045754,-1.83629478900572));
#15582=CARTESIAN_POINT('Origin',(10.161,5.3436519029776,-2.05370784218076));
#15583=CARTESIAN_POINT('',(10.161,5.28922542884193,-1.82064865163112));
#15584=CARTESIAN_POINT('Origin',(10.161,5.39691300272891,-2.16996759865239));
#15585=CARTESIAN_POINT('',(10.161,5.38664916434122,-1.79843650835281));
#15586=CARTESIAN_POINT('Origin',(10.161,5.49179126709975,-2.48435492657633));
#15587=CARTESIAN_POINT('',(10.161,5.49699980704392,-1.78575603355307));
#15588=CARTESIAN_POINT('Origin',(10.161,5.59514248798223,-3.12633180690411));
#15589=CARTESIAN_POINT('',(10.161,5.60797358586517,-1.78064982680342));
#15590=CARTESIAN_POINT('Origin',(10.161,5.64775944165869,-3.85377646398616));
#15591=CARTESIAN_POINT('Origin',(10.161,5.69989283890139,-6.60176370897841));
#15592=CARTESIAN_POINT('Origin',(10.16,11.6,5.1));
#15593=CARTESIAN_POINT('Origin',(10.161,5.37627107074786,-4.06081537972794));
#15594=CARTESIAN_POINT('Origin',(10.161,3.30770900800548,-0.999093474978821));
#15595=CARTESIAN_POINT('Origin',(10.161,0.,0.));
#15596=CARTESIAN_POINT('Origin',(10.161,3.59258265579995,-4.01903549877826));
#15597=CARTESIAN_POINT('',(10.161,3.63639564502851,-1.07571212465368));
#15598=CARTESIAN_POINT('',(10.161,3.59499102229683,-1.07541248306156));
#15599=CARTESIAN_POINT('Origin',(10.161,3.56004781315497,-8.76468772507586));
#15600=CARTESIAN_POINT('',(10.161,3.71919419104253,-1.07720536816769));
#15601=CARTESIAN_POINT('Origin',(10.161,3.60880662449701,-4.90177614667527));
#15602=CARTESIAN_POINT('',(10.161,3.8638011673698,-1.0863903988216));
#15603=CARTESIAN_POINT('Origin',(10.161,3.65100971692394,-3.29360753351123));
#15604=CARTESIAN_POINT('',(10.161,3.9254532344684,-1.09389199185948));
#15605=CARTESIAN_POINT('Origin',(10.161,3.75079886642252,-2.27219867090426));
#15606=CARTESIAN_POINT('',(10.161,3.96623459273098,-1.10106057456087));
#15607=CARTESIAN_POINT('Origin',(10.161,3.81165783464189,-1.86084762002555));
#15608=CARTESIAN_POINT('',(10.161,4.00644335096392,-1.1109412403176));
#15609=CARTESIAN_POINT('Origin',(10.161,3.87096725994317,-1.57549895393677));
#15610=CARTESIAN_POINT('',(10.161,4.04528461399958,-1.12525170856231));
#15611=CARTESIAN_POINT('Origin',(10.161,3.92373751374759,-1.3952866381143));
#15612=CARTESIAN_POINT('',(10.161,4.08931274254725,-1.15226199069424));
#15613=CARTESIAN_POINT('Origin',(10.161,3.96454562111423,-1.3062495395296));
#15614=CARTESIAN_POINT('',(10.161,4.1335361641233,-1.20894859052282));
#15615=CARTESIAN_POINT('Origin',(10.161,3.99080818002492,-1.27470273726552));
#15616=CARTESIAN_POINT('',(10.161,4.14829170857876,-1.26901994100918));
#15617=CARTESIAN_POINT('Origin',(10.161,3.9655752046059,-1.28205335660685));
#15618=CARTESIAN_POINT('',(10.161,4.14928493590022,-1.28971198869274));
#15619=CARTESIAN_POINT('Origin',(10.161,3.66036594391201,-1.30281045222038));
#15620=CARTESIAN_POINT('',(10.161,4.1482774068998,-1.31038108831357));
#15621=CARTESIAN_POINT('Origin',(10.161,3.70499182554292,-1.27841373183857));
#15622=CARTESIAN_POINT('',(10.161,4.14543571598336,-1.33085255789527));
#15623=CARTESIAN_POINT('Origin',(10.161,3.9819973891019,-1.29773234914621));
#15624=CARTESIAN_POINT('',(10.161,4.07861364648561,-1.43174762243671));
#15625=CARTESIAN_POINT('Origin',(10.161,3.99234979894094,-1.30204028357288));
#15626=CARTESIAN_POINT('',(10.161,4.03318480055726,-1.45629058493321));
#15627=CARTESIAN_POINT('Origin',(10.161,3.94033025421652,-1.23010177804016));
#15628=CARTESIAN_POINT('',(10.161,3.98400616005577,-1.47214888618534));
#15629=CARTESIAN_POINT('Origin',(10.161,3.9020372639758,-1.13376894325232));
#15630=CARTESIAN_POINT('',(10.161,3.94354661031564,-1.48075681544871));
#15631=CARTESIAN_POINT('Origin',(10.161,3.81665321605851,-0.784934949460892));
#15632=CARTESIAN_POINT('',(10.161,3.86168942737556,-1.49260086669258));
#15633=CARTESIAN_POINT('Origin',(10.161,3.74261250327236,-0.380840940674812));
#15634=CARTESIAN_POINT('',(10.161,3.79986883958116,-1.49783156568372));
#15635=CARTESIAN_POINT('Origin',(10.161,3.6990099479127,0.0621374986141596));
#15636=CARTESIAN_POINT('',(10.161,3.67590521201544,-1.50314143047906));
#15637=CARTESIAN_POINT('Origin',(10.161,3.61164500435794,1.44674841883984));
#15638=CARTESIAN_POINT('',(10.161,3.59318802164808,-1.50401149432424));
#15639=CARTESIAN_POINT('Origin',(10.161,3.58306293438925,3.39099028119575));
#15640=CARTESIAN_POINT('',(10.161,3.50909885741196,-1.50322827023572));
#15641=CARTESIAN_POINT('Origin',(10.161,3.62275074778679,6.1843442556935));
#15642=CARTESIAN_POINT('',(10.161,3.42504089940383,-1.50081483687616));
#15643=CARTESIAN_POINT('Origin',(10.161,3.56202640920168,1.80523863924119));
#15644=CARTESIAN_POINT('',(10.161,3.27834186985958,-1.48952126021119));
#15645=CARTESIAN_POINT('Origin',(10.161,3.4981248204468,0.406943529052026));
#15646=CARTESIAN_POINT('',(10.161,3.23669220486945,-1.48373872859427));
#15647=CARTESIAN_POINT('Origin',(10.161,3.39932671070389,-0.465221763850511));
#15648=CARTESIAN_POINT('',(10.161,3.17502004791788,-1.47063327383041));
#15649=CARTESIAN_POINT('Origin',(10.161,3.32616990458899,-0.911008760819455));
#15650=CARTESIAN_POINT('',(10.161,3.14497890577376,-1.4610174119151));
#15651=CARTESIAN_POINT('Origin',(10.161,3.26256536502985,-1.14539682037396));
#15652=CARTESIAN_POINT('',(10.161,3.09844652111438,-1.43680102963583));
#15653=CARTESIAN_POINT('Origin',(10.161,3.21701650641336,-1.26578059723448));
#15654=CARTESIAN_POINT('',(10.161,3.02940792115957,-1.31251683808694));
#15655=CARTESIAN_POINT('Origin',(10.161,3.188485923957,-1.30546784569713));
#15656=CARTESIAN_POINT('',(10.161,3.02833367567464,-1.29151498934131));
#15657=CARTESIAN_POINT('Origin',(10.161,3.57989526325789,-1.27383098815783));
#15658=CARTESIAN_POINT('',(10.161,3.02932499678695,-1.27050792907492));
#15659=CARTESIAN_POINT('Origin',(10.161,3.43841930291952,-1.30033996953868));
#15660=CARTESIAN_POINT('',(10.161,3.03790157020197,-1.229436175531));
#15661=CARTESIAN_POINT('Origin',(10.161,3.1980089108401,-1.2843010264854));
#15662=CARTESIAN_POINT('',(10.161,3.04363074285348,-1.21474723016899));
#15663=CARTESIAN_POINT('Origin',(10.161,3.18066384159541,-1.27665640927017));
#15664=CARTESIAN_POINT('',(10.161,3.07317243938812,-1.17151484370251));
#15665=CARTESIAN_POINT('Origin',(10.161,3.19355259392917,-1.28548286475846));
#15666=CARTESIAN_POINT('',(10.161,3.11930046837931,-1.13697416097448));
#15667=CARTESIAN_POINT('Origin',(10.161,3.21442075948991,-1.31207604024498));
#15668=CARTESIAN_POINT('',(10.161,3.14783258706734,-1.12358406140221));
#15669=CARTESIAN_POINT('Origin',(10.161,3.24297444824042,-1.36340954884922));
#15670=CARTESIAN_POINT('',(10.161,3.19788278089152,-1.10770288789104));
#15671=CARTESIAN_POINT('Origin',(10.161,3.29370885638237,-1.49651108486379));
#15672=CARTESIAN_POINT('',(10.161,3.28047321973506,-1.09225449010545));
#15673=CARTESIAN_POINT('Origin',(10.161,3.38273281305293,-1.86745342306644));
#15674=CARTESIAN_POINT('',(10.161,3.4059609839781,-1.08036240962287));
#15675=CARTESIAN_POINT('Origin',(10.161,3.49717664959052,-2.7109223647557));
#15676=CARTESIAN_POINT('',(10.161,3.51094579190098,-1.07630080947063));
#15677=CARTESIAN_POINT('Origin',(10.161,3.58967220485324,-4.47009391335594));
#15678=CARTESIAN_POINT('Origin',(10.161,3.60382403163547,-5.88734557358358));
#15679=CARTESIAN_POINT('Origin',(10.16,11.6,5.1));
#15680=CARTESIAN_POINT('Origin',(10.161,3.29774100286718,-3.05023034357037));
#15681=CARTESIAN_POINT('',(10.161,3.35035875413833,-1.96606318089241));
#15682=CARTESIAN_POINT('',(10.161,3.32660149721406,-1.96557966029947));
#15683=CARTESIAN_POINT('Origin',(10.161,3.31821270464993,-2.96163904561136));
#15684=CARTESIAN_POINT('',(10.161,3.43828188759548,-1.97934365553443));
#15685=CARTESIAN_POINT('Origin',(10.161,3.33696297169009,-2.35243667341397));
#15686=CARTESIAN_POINT('',(10.161,3.50828001219111,-2.01119643209466));
#15687=CARTESIAN_POINT('Origin',(10.161,3.37842551918074,-2.20371976074999));
#15688=CARTESIAN_POINT('',(10.161,3.53574997598871,-2.0338322696687));
#15689=CARTESIAN_POINT('Origin',(10.161,3.41366962427196,-2.15399803805701));
#15690=CARTESIAN_POINT('',(10.161,3.56146697034611,-2.06640839020544));
#15691=CARTESIAN_POINT('Origin',(10.161,3.41575748730202,-2.15499862721688));
#15692=CARTESIAN_POINT('',(10.161,3.58039714998135,-2.10984964500382));
#15693=CARTESIAN_POINT('Origin',(10.161,3.42207502212876,-2.15299570902619));
#15694=CARTESIAN_POINT('',(10.161,3.58548358665778,-2.13306508606626));
#15695=CARTESIAN_POINT('Origin',(10.161,3.33751852653201,-2.17522858848567));
#15696=CARTESIAN_POINT('',(10.161,3.58823988682165,-2.15665124121562));
#15697=CARTESIAN_POINT('Origin',(10.161,3.38872994121474,-2.16801203068775));
#15698=CARTESIAN_POINT('',(10.161,3.58880930578746,-2.17447016398546));
#15699=CARTESIAN_POINT('Origin',(10.161,3.15948514374334,-2.17927102642425));
#15700=CARTESIAN_POINT('',(10.161,3.58852284477553,-2.18738374718514));
#15701=CARTESIAN_POINT('Origin',(10.161,3.03718329295276,-2.16869345590969));
#15702=CARTESIAN_POINT('',(10.161,3.58338751809569,-2.23222592066965));
#15703=CARTESIAN_POINT('Origin',(10.161,3.33272889971478,-2.1808053546536));
#15704=CARTESIAN_POINT('',(10.161,3.56981543046677,-2.27524257986088));
#15705=CARTESIAN_POINT('Origin',(10.161,3.38912473698639,-2.19458389422207));
#15706=CARTESIAN_POINT('',(10.161,3.52842827294103,-2.33231165108009));
#15707=CARTESIAN_POINT('Origin',(10.161,3.41873194542712,-2.20921683131733));
#15708=CARTESIAN_POINT('',(10.161,3.47970542706432,-2.36361924186038));
#15709=CARTESIAN_POINT('Origin',(10.161,3.39811739060693,-2.18308022048508));
#15710=CARTESIAN_POINT('',(10.161,3.41839527055088,-2.38343510532644));
#15711=CARTESIAN_POINT('Origin',(10.161,3.35759686863527,-2.09057068306909));
#15712=CARTESIAN_POINT('',(10.161,3.39296231890195,-2.38792621855756));
#15713=CARTESIAN_POINT('Origin',(10.161,3.30867271624999,-1.83634004713704));
#15714=CARTESIAN_POINT('',(10.161,3.32872078339739,-2.39375763508662));
#15715=CARTESIAN_POINT('Origin',(10.161,3.31624133586176,-1.89950567950558));
#15716=CARTESIAN_POINT('',(10.161,3.30290491726486,-2.39417867156216));
#15717=CARTESIAN_POINT('Origin',(10.161,3.29263525893647,-0.972833331321626));
#15718=CARTESIAN_POINT('',(10.161,3.29070560785072,-2.39404490213857));
#15719=CARTESIAN_POINT('Origin',(10.161,3.30573105287603,-1.58011053803186));
#15720=CARTESIAN_POINT('',(10.161,3.27242680917724,-2.39344479222445));
#15721=CARTESIAN_POINT('Origin',(10.161,3.29611707575389,-1.95053875018754));
#15722=CARTESIAN_POINT('',(10.161,3.22999976447293,-2.38884745256525));
#15723=CARTESIAN_POINT('Origin',(10.161,3.30073636760689,-1.93411703209909));
#15724=CARTESIAN_POINT('',(10.161,3.1594041342946,-2.37015857291303));
#15725=CARTESIAN_POINT('Origin',(10.161,3.27490440830328,-2.07654514503183));
#15726=CARTESIAN_POINT('',(10.161,3.13713748604926,-2.36022493549695));
#15727=CARTESIAN_POINT('Origin',(10.161,3.23895527048572,-2.1619188850084));
#15728=CARTESIAN_POINT('',(10.161,3.10597964686849,-2.3410744705579));
#15729=CARTESIAN_POINT('Origin',(10.161,3.263509010424,-2.1196960881266));
#15730=CARTESIAN_POINT('',(10.161,3.07836008052509,-2.31714723981295));
#15731=CARTESIAN_POINT('Origin',(10.161,3.21340938063684,-2.18916223692439));
#15732=CARTESIAN_POINT('',(10.161,3.03636205139902,-2.24374951800142));
#15733=CARTESIAN_POINT('Origin',(10.161,3.20354971346749,-2.19679952817585));
#15734=CARTESIAN_POINT('',(10.161,3.02891677712094,-2.20177762695013));
#15735=CARTESIAN_POINT('Origin',(10.161,3.07939932951199,-2.26738554411386));
#15736=CARTESIAN_POINT('',(10.161,3.02833367567463,-2.18348516722766));
#15737=CARTESIAN_POINT('Origin',(10.161,3.38304283343003,-2.18133376831759));
#15738=CARTESIAN_POINT('',(10.161,3.02880808259967,-2.17035597119719));
#15739=CARTESIAN_POINT('Origin',(10.161,3.64306584140636,-2.19912456897195));
#15740=CARTESIAN_POINT('',(10.161,3.03025006404272,-2.15070849559116));
#15741=CARTESIAN_POINT('Origin',(10.161,3.31410505406671,-2.18141803529564));
#15742=CARTESIAN_POINT('',(10.161,3.04020688047277,-2.10590208212787));
#15743=CARTESIAN_POINT('Origin',(10.161,3.23091369941408,-2.17179017716606));
#15744=CARTESIAN_POINT('',(10.161,3.08591846887821,-2.03472982603689));
#15745=CARTESIAN_POINT('Origin',(10.161,3.20591151977374,-2.16206304726118));
#15746=CARTESIAN_POINT('',(10.161,3.12872897110875,-2.00447759123091));
#15747=CARTESIAN_POINT('Origin',(10.161,3.22524582751702,-2.18647748439106));
#15748=CARTESIAN_POINT('',(10.161,3.20266701532337,-1.977796858682));
#15749=CARTESIAN_POINT('Origin',(10.161,3.26548271202144,-2.26766212686646));
#15750=CARTESIAN_POINT('',(10.161,3.30033360497449,-1.96599937498176));
#15751=CARTESIAN_POINT('Origin',(10.161,3.31390572922552,-2.4885273075835));
#15752=CARTESIAN_POINT('Origin',(10.161,3.33619979761316,-3.38848981169874));
#15753=CARTESIAN_POINT('',(10.161,3.93986088712729,-1.99875839308296));
#15754=CARTESIAN_POINT('',(10.161,3.92983399984514,-1.998548815012));
#15755=CARTESIAN_POINT('Origin',(10.161,3.91207260346493,-3.08827501678584));
#15756=CARTESIAN_POINT('',(10.161,3.95990282265519,-1.99954596607574));
#15757=CARTESIAN_POINT('Origin',(10.161,3.92842466298463,-2.54518875110519));
#15758=CARTESIAN_POINT('',(10.161,4.00955211545613,-2.00630592534136));
#15759=CARTESIAN_POINT('Origin',(10.161,3.94066822851146,-2.32652406936728));
#15760=CARTESIAN_POINT('',(10.161,4.05257366622759,-2.01975055694709));
#15761=CARTESIAN_POINT('Origin',(10.161,3.96232145404313,-2.23299434360553));
#15762=CARTESIAN_POINT('',(10.161,4.06615088988075,-2.02621492406166));
#15763=CARTESIAN_POINT('Origin',(10.161,3.99317975479305,-2.16198705512966));
#15764=CARTESIAN_POINT('',(10.161,4.09140808224209,-2.04253543887332));
#15765=CARTESIAN_POINT('Origin',(10.161,3.97161866608127,-2.20021440131268));
#15766=CARTESIAN_POINT('',(10.161,4.10979316983551,-2.05954579624697));
#15767=CARTESIAN_POINT('Origin',(10.161,4.01391149142903,-2.14473572920237));
#15768=CARTESIAN_POINT('',(10.161,4.11921605901612,-2.07128147659634));
#15769=CARTESIAN_POINT('Origin',(10.161,3.97946326350665,-2.173841920648));
#15770=CARTESIAN_POINT('',(10.161,4.13808825658636,-2.10653389880422));
#15771=CARTESIAN_POINT('Origin',(10.161,4.0142400499139,-2.15015760385484));
#15772=CARTESIAN_POINT('',(10.161,4.14583006928084,-2.1355883459381));
#15773=CARTESIAN_POINT('Origin',(10.161,3.9523151588713,-2.17159343335668));
#15774=CARTESIAN_POINT('',(10.161,4.14889555641117,-2.16045617539125));
#15775=CARTESIAN_POINT('Origin',(10.161,3.97724188187288,-2.16899327164421));
#15776=CARTESIAN_POINT('',(10.161,4.14928493590021,-2.17550045007048));
#15777=CARTESIAN_POINT('Origin',(10.161,3.77393763949517,-2.17768810156465));
#15778=CARTESIAN_POINT('',(10.161,4.14910124486367,-2.18549233351056));
#15779=CARTESIAN_POINT('Origin',(10.161,3.76694706094935,-2.1734691711686));
#15780=CARTESIAN_POINT('',(10.161,4.14753743337117,-2.20538443918247));
#15781=CARTESIAN_POINT('Origin',(10.161,3.97523754637999,-2.18183161685266));
#15782=CARTESIAN_POINT('',(10.161,4.14396955667834,-2.22504598950353));
#15783=CARTESIAN_POINT('Origin',(10.161,3.89944273558972,-2.1705185142644));
#15784=CARTESIAN_POINT('',(10.161,4.12602245937664,-2.27144672032992));
#15785=CARTESIAN_POINT('Origin',(10.161,3.9836052202254,-2.18969069963124));
#15786=CARTESIAN_POINT('',(10.161,4.10189765178425,-2.30317470856148));
#15787=CARTESIAN_POINT('Origin',(10.161,4.10841276899141,-2.25954380824649));
#15788=CARTESIAN_POINT('',(10.161,4.09083541186879,-2.31328803199582));
#15789=CARTESIAN_POINT('Origin',(10.161,3.96361669101363,-2.16302583054238));
#15790=CARTESIAN_POINT('',(10.161,4.07076395864064,-2.32810165030131));
#15791=CARTESIAN_POINT('Origin',(10.161,3.9842199980346,-2.18983588185499));
#15792=CARTESIAN_POINT('',(10.161,4.01587781055658,-2.35164418546281));
#15793=CARTESIAN_POINT('Origin',(10.161,3.96387192765321,-2.15464871895384));
#15794=CARTESIAN_POINT('',(10.161,3.95675280874642,-2.36066429672183));
#15795=CARTESIAN_POINT('Origin',(10.161,3.94427318733633,-2.08057664713513));
#15796=CARTESIAN_POINT('',(10.161,3.93678843091762,-2.36120951684962));
#15797=CARTESIAN_POINT('Origin',(10.161,3.92814980242789,-1.67909664596741));
#15798=CARTESIAN_POINT('',(10.161,3.92665852001636,-2.3610281914245));
#15799=CARTESIAN_POINT('Origin',(10.161,3.94413223410384,-1.66789219105602));
#15800=CARTESIAN_POINT('',(10.161,3.88126936691057,-2.35722131308539));
#15801=CARTESIAN_POINT('Origin',(10.161,3.93324153472002,-2.01005001076387));
#15802=CARTESIAN_POINT('',(10.161,3.84182522667746,-2.34816477540017));
#15803=CARTESIAN_POINT('Origin',(10.161,3.91317855988853,-2.12782225446687));
#15804=CARTESIAN_POINT('',(10.161,3.80459060837228,-2.33233610316348));
#15805=CARTESIAN_POINT('Origin',(10.161,3.90236589279973,-2.15404297026001));
#15806=CARTESIAN_POINT('',(10.161,3.7794870894325,-2.31528654927595));
#15807=CARTESIAN_POINT('Origin',(10.161,3.87688135602446,-2.19889043394957));
#15808=CARTESIAN_POINT('',(10.161,3.7489428511775,-2.28164340352178));
#15809=CARTESIAN_POINT('Origin',(10.161,3.87629656886536,-2.19670733829202));
#15810=CARTESIAN_POINT('',(10.161,3.73887911368737,-2.2640832270893));
#15811=CARTESIAN_POINT('Origin',(10.161,3.85479023775376,-2.20931841170249));
#15812=CARTESIAN_POINT('',(10.161,3.72975438541452,-2.24046728783981));
#15813=CARTESIAN_POINT('Origin',(10.161,3.90471253002928,-2.1864377237853));
#15814=CARTESIAN_POINT('',(10.161,3.72394515449256,-2.21583153291001));
#15815=CARTESIAN_POINT('Origin',(10.161,3.93060936263056,-2.18010190666334));
#15816=CARTESIAN_POINT('',(10.161,3.72105443023213,-2.19069424049562));
#15817=CARTESIAN_POINT('Origin',(10.161,3.90541846652308,-2.18222770756078));
#15818=CARTESIAN_POINT('',(10.161,3.72068592463753,-2.17550045007073));
#15819=CARTESIAN_POINT('Origin',(10.161,4.13138183836555,-2.17314091969942));
#15820=CARTESIAN_POINT('',(10.161,3.72086927485936,-2.16584230944117));
#15821=CARTESIAN_POINT('Origin',(10.161,4.03324119439641,-2.17660319122894));
#15822=CARTESIAN_POINT('',(10.161,3.72258447381075,-2.1466406929342));
#15823=CARTESIAN_POINT('Origin',(10.161,3.86693873864786,-2.1692126610537));
#15824=CARTESIAN_POINT('',(10.161,3.72528243233569,-2.13240497811029));
#15825=CARTESIAN_POINT('Origin',(10.161,3.9653812275441,-2.18528211698586));
#15826=CARTESIAN_POINT('',(10.161,3.75334745616799,-2.07153545417473));
#15827=CARTESIAN_POINT('Origin',(10.161,3.87546702389812,-2.16474565963268));
#15828=CARTESIAN_POINT('',(10.161,3.79204039222288,-2.03546632746284));
#15829=CARTESIAN_POINT('Origin',(10.161,3.89199367131192,-2.18147896812059));
#15830=CARTESIAN_POINT('',(10.161,3.83049978037877,-2.01546352158654));
#15831=CARTESIAN_POINT('Origin',(10.161,3.90318448060145,-2.20218869964815));
#15832=CARTESIAN_POINT('',(10.161,3.84878432413506,-2.00926627342293));
#15833=CARTESIAN_POINT('Origin',(10.161,3.92759039474737,-2.27185028103396));
#15834=CARTESIAN_POINT('',(10.161,3.87221450196305,-2.00358429898839));
#15835=CARTESIAN_POINT('Origin',(10.161,3.90575618903774,-2.19304603248905));
#15836=CARTESIAN_POINT('',(10.161,3.89132123179168,-2.00079087147242));
#15837=CARTESIAN_POINT('Origin',(10.161,3.93487259543607,-2.36541795200757));
#15838=CARTESIAN_POINT('',(10.161,3.91053938323172,-1.9990933521457));
#15839=CARTESIAN_POINT('Origin',(10.161,3.92488094785069,-2.27109486151712));
#15840=CARTESIAN_POINT('Origin',(10.161,3.93598559339364,-2.55862451173985));
#15841=CARTESIAN_POINT('Origin',(10.16,11.6,5.1));
#15842=CARTESIAN_POINT('Origin',(10.16,11.6,5.1));
#15843=CARTESIAN_POINT('Origin',(10.161,0.875634815171863,-0.252493238794315));
#15844=CARTESIAN_POINT('Origin',(10.161,2.02250473312657,0.305522969449184));
#15845=CARTESIAN_POINT('',(10.161,1.84627614034829,-0.67805292674042));
#15846=CARTESIAN_POINT('',(10.161,1.84627614034829,-0.67805292674042));
#15847=CARTESIAN_POINT('',(10.161,1.82817996111947,-0.707851129482702));
#15848=CARTESIAN_POINT('Origin',(10.161,1.81269433907456,-0.678052926740419));
#15849=CARTESIAN_POINT('',(10.161,1.54209788903635,-0.803809702280156));
#15850=CARTESIAN_POINT('',(10.161,1.49303046572688,-0.25894314004337));
#15851=CARTESIAN_POINT('',(10.161,1.49303046572688,-0.25894314004337));
#15852=CARTESIAN_POINT('',(10.161,1.51112664495579,-0.229144937302955));
#15853=CARTESIAN_POINT('Origin',(10.161,1.52661226699744,-0.258943140043365));
#15854=CARTESIAN_POINT('',(10.161,1.79720871703834,-0.146572871867811));
#15855=CARTESIAN_POINT('Origin',(10.16,11.6,5.1));
#15856=CARTESIAN_POINT('Origin',(10.161,0.79698432703686,-3.64142571288167));
#15857=CARTESIAN_POINT('Origin',(10.161,0.797234663226313,-4.19509357132911));
#15858=CARTESIAN_POINT('Origin',(2.54,10.05,0.));
#15859=CARTESIAN_POINT('',(3.54,14.7,1.22464679914735E-16));
#15860=CARTESIAN_POINT('Origin',(2.54,14.7,0.));
#15861=CARTESIAN_POINT('',(3.54,10.05,1.22464679914735E-16));
#15862=CARTESIAN_POINT('',(3.54,10.05,-1.22464679914735E-16));
#15863=CARTESIAN_POINT('Origin',(2.54,10.05,0.));
#15864=CARTESIAN_POINT('Origin',(2.54,10.05,0.));
#15865=CARTESIAN_POINT('',(4.37695400051281,15.9,0.4));
#15866=CARTESIAN_POINT('',(4.42,15.9,-2.30233598239702E-16));
#15867=CARTESIAN_POINT('Origin',(2.54,15.9,0.));
#15868=CARTESIAN_POINT('',(4.37695400051281,16.3,0.4));
#15869=CARTESIAN_POINT('',(4.37695400051281,10.05,0.4));
#15870=CARTESIAN_POINT('',(0.703045999487195,16.3,0.4));
#15871=CARTESIAN_POINT('Origin',(2.54,16.3,0.));
#15872=CARTESIAN_POINT('',(0.703045999487195,15.9,0.4));
#15873=CARTESIAN_POINT('',(0.703045999487195,10.05,0.4));
#15874=CARTESIAN_POINT('',(0.703045999487195,15.9,-0.4));
#15875=CARTESIAN_POINT('Origin',(2.54,15.9,0.));
#15876=CARTESIAN_POINT('',(0.703045999487195,16.3,-0.4));
#15877=CARTESIAN_POINT('',(0.703045999487195,10.05,-0.4));
#15878=CARTESIAN_POINT('',(4.37695400051281,16.3,-0.4));
#15879=CARTESIAN_POINT('Origin',(2.54,16.3,0.));
#15880=CARTESIAN_POINT('',(4.37695400051281,15.9,-0.4));
#15881=CARTESIAN_POINT('',(4.37695400051281,10.05,-0.4));
#15882=CARTESIAN_POINT('Origin',(2.54,15.9,0.));
#15883=CARTESIAN_POINT('',(4.42,14.7,2.30233598239702E-16));
#15884=CARTESIAN_POINT('',(4.42,10.05,-2.30233598239702E-16));
#15885=CARTESIAN_POINT('Origin',(2.54,14.7,0.));
#15886=CARTESIAN_POINT('Origin',(2.54,16.7,0.));
#15887=CARTESIAN_POINT('',(2.14,16.7,-1.3));
#15888=CARTESIAN_POINT('',(2.14,16.7,-0.4));
#15889=CARTESIAN_POINT('',(2.14,16.7,-1.3));
#15890=CARTESIAN_POINT('',(2.94,16.7,-1.3));
#15891=CARTESIAN_POINT('',(2.94,16.7,-1.3));
#15892=CARTESIAN_POINT('',(2.94,16.7,-0.4));
#15893=CARTESIAN_POINT('',(2.94,16.7,-0.4));
#15894=CARTESIAN_POINT('',(3.96492105044455,16.7,-0.4));
#15895=CARTESIAN_POINT('',(5.04,16.7,-0.4));
#15896=CARTESIAN_POINT('',(1.11507894955545,16.7,-0.4));
#15897=CARTESIAN_POINT('Origin',(2.54,16.7,0.));
#15898=CARTESIAN_POINT('',(2.14,16.7,-0.4));
#15899=CARTESIAN_POINT('Origin',(2.54,16.3,0.));
#15900=CARTESIAN_POINT('',(3.96492105044455,16.7,0.4));
#15901=CARTESIAN_POINT('Ctrl Pts',(3.96492105044455,16.7,0.4));
#15902=CARTESIAN_POINT('Ctrl Pts',(4.01657341523113,16.7,0.4));
#15903=CARTESIAN_POINT('Ctrl Pts',(4.07743354015772,16.6882561774237,0.4));
#15904=CARTESIAN_POINT('Ctrl Pts',(4.17197735214829,16.6497366345203,0.4));
#15905=CARTESIAN_POINT('Ctrl Pts',(4.22262041474836,16.6165927333336,0.4));
#15906=CARTESIAN_POINT('Ctrl Pts',(4.29382129597656,16.5464336986581,0.4));
#15907=CARTESIAN_POINT('Ctrl Pts',(4.327232734619,16.4972892490208,0.4));
#15908=CARTESIAN_POINT('Ctrl Pts',(4.36532446857784,16.4064975623181,0.4));
#15909=CARTESIAN_POINT('Ctrl Pts',(4.37695400051281,16.3489366453639,0.4));
#15910=CARTESIAN_POINT('Ctrl Pts',(4.37695400051281,16.3,0.4));
#15911=CARTESIAN_POINT('',(1.11507894955545,16.7,0.4));
#15912=CARTESIAN_POINT('Origin',(2.54,16.7,0.));
#15913=CARTESIAN_POINT('Ctrl Pts',(0.703045999487192,16.3,0.4));
#15914=CARTESIAN_POINT('Ctrl Pts',(0.703045999487192,16.3489366453639,0.4));
#15915=CARTESIAN_POINT('Ctrl Pts',(0.71467553142216,16.4064975623181,0.4));
#15916=CARTESIAN_POINT('Ctrl Pts',(0.752767265381,16.4972892490208,0.4));
#15917=CARTESIAN_POINT('Ctrl Pts',(0.786178704023436,16.5464336986581,0.4));
#15918=CARTESIAN_POINT('Ctrl Pts',(0.857379585251644,16.6165927333336,0.4));
#15919=CARTESIAN_POINT('Ctrl Pts',(0.908022647851707,16.6497366345203,0.4));
#15920=CARTESIAN_POINT('Ctrl Pts',(1.00256645984228,16.6882561774237,0.4));
#15921=CARTESIAN_POINT('Ctrl Pts',(1.06342658476887,16.7,0.4));
#15922=CARTESIAN_POINT('Ctrl Pts',(1.11507894955545,16.7,0.4));
#15923=CARTESIAN_POINT('Origin',(0.54,10.05,-2.5));
#15924=CARTESIAN_POINT('',(0.54,10.05,2.5));
#15925=CARTESIAN_POINT('',(4.54,10.05,2.5));
#15926=CARTESIAN_POINT('',(0.54,10.05,2.5));
#15927=CARTESIAN_POINT('',(4.54,10.05,-2.5));
#15928=CARTESIAN_POINT('',(4.54,10.05,-2.5));
#15929=CARTESIAN_POINT('',(0.54,10.05,-2.5));
#15930=CARTESIAN_POINT('',(0.54,10.05,-2.5));
#15931=CARTESIAN_POINT('',(0.54,10.05,-2.5));
#15932=CARTESIAN_POINT('Origin',(4.54,10.05,-2.5));
#15933=CARTESIAN_POINT('',(4.54,1.5,2.5));
#15934=CARTESIAN_POINT('',(4.54,10.05,2.5));
#15935=CARTESIAN_POINT('',(4.54,1.5,-2.5));
#15936=CARTESIAN_POINT('',(4.54,1.5,-2.5));
#15937=CARTESIAN_POINT('',(4.54,10.05,-2.5));
#15938=CARTESIAN_POINT('Origin',(4.54,1.5,-2.5));
#15939=CARTESIAN_POINT('',(0.54,1.5,2.5));
#15940=CARTESIAN_POINT('',(4.54,1.5,2.5));
#15941=CARTESIAN_POINT('',(0.54,1.5,-2.5));
#15942=CARTESIAN_POINT('',(0.54,1.5,-2.5));
#15943=CARTESIAN_POINT('',(4.54,1.5,-2.5));
#15944=CARTESIAN_POINT('',(2.04,1.5,-0.4));
#15945=CARTESIAN_POINT('',(2.04,1.5,0.4));
#15946=CARTESIAN_POINT('',(2.04,1.5,-0.4));
#15947=CARTESIAN_POINT('',(3.04,1.5,0.4));
#15948=CARTESIAN_POINT('',(2.04,1.5,0.4));
#15949=CARTESIAN_POINT('',(3.04,1.5,-0.4));
#15950=CARTESIAN_POINT('',(3.04,1.5,-0.4));
#15951=CARTESIAN_POINT('',(2.04,1.5,-0.4));
#15952=CARTESIAN_POINT('Origin',(1.22,7.25,-2.5));
#15953=CARTESIAN_POINT('',(1.22,7.25,2.5));
#15954=CARTESIAN_POINT('',(3.87,7.25,2.5));
#15955=CARTESIAN_POINT('',(1.22,7.25,2.5));
#15956=CARTESIAN_POINT('',(1.22,7.25,-2.5));
#15957=CARTESIAN_POINT('',(1.22,7.25,-2.5));
#15958=CARTESIAN_POINT('',(3.87,7.25,-2.5));
#15959=CARTESIAN_POINT('',(1.22,7.25,-2.5));
#15960=CARTESIAN_POINT('',(3.87,7.25,-2.5));
#15961=CARTESIAN_POINT('Origin',(1.22,3.35,-2.5));
#15962=CARTESIAN_POINT('',(1.22,3.35,2.5));
#15963=CARTESIAN_POINT('',(1.22,3.35,2.5));
#15964=CARTESIAN_POINT('',(1.22,3.35,-2.5));
#15965=CARTESIAN_POINT('',(1.22,3.35,-2.5));
#15966=CARTESIAN_POINT('',(1.22,3.35,-2.5));
#15967=CARTESIAN_POINT('Origin',(3.87,3.35,-2.5));
#15968=CARTESIAN_POINT('',(3.87,3.35,2.5));
#15969=CARTESIAN_POINT('',(3.87,3.35,2.5));
#15970=CARTESIAN_POINT('',(3.87,3.35,-2.5));
#15971=CARTESIAN_POINT('',(3.87,3.35,-2.5));
#15972=CARTESIAN_POINT('',(3.87,3.35,-2.5));
#15973=CARTESIAN_POINT('Origin',(3.87,7.25,-2.5));
#15974=CARTESIAN_POINT('',(3.87,7.25,2.5));
#15975=CARTESIAN_POINT('',(3.87,7.25,-2.5));
#15976=CARTESIAN_POINT('Origin',(0.54,1.5,-2.5));
#15977=CARTESIAN_POINT('',(0.54,1.5,2.5));
#15978=CARTESIAN_POINT('',(0.54,1.5,-2.5));
#15979=CARTESIAN_POINT('Origin',(0.54,1.5,-2.5));
#15980=CARTESIAN_POINT('Origin',(0.54,1.5,2.5));
#15981=CARTESIAN_POINT('Origin',(2.54,16.7,0.));
#15982=CARTESIAN_POINT('',(2.94,16.7,0.4));
#15983=CARTESIAN_POINT('',(2.94,16.7,0.4));
#15984=CARTESIAN_POINT('',(2.94,16.7,1.3));
#15985=CARTESIAN_POINT('',(2.94,16.7,1.3));
#15986=CARTESIAN_POINT('',(2.14,16.7,1.3));
#15987=CARTESIAN_POINT('',(2.14,16.7,1.3));
#15988=CARTESIAN_POINT('',(2.14,16.7,0.4));
#15989=CARTESIAN_POINT('',(2.14,16.7,0.4));
#15990=CARTESIAN_POINT('',(0.04,16.7,0.4));
#15991=CARTESIAN_POINT('Origin',(2.54,16.3,0.));
#15992=CARTESIAN_POINT('Ctrl Pts',(4.37695400051281,16.3,-0.4));
#15993=CARTESIAN_POINT('Ctrl Pts',(4.37695400051281,16.3489366453639,-0.4));
#15994=CARTESIAN_POINT('Ctrl Pts',(4.36532446857784,16.4064975623181,-0.4));
#15995=CARTESIAN_POINT('Ctrl Pts',(4.327232734619,16.4972892490208,-0.4));
#15996=CARTESIAN_POINT('Ctrl Pts',(4.29382129597656,16.5464336986581,-0.4));
#15997=CARTESIAN_POINT('Ctrl Pts',(4.22262041474836,16.6165927333336,-0.4));
#15998=CARTESIAN_POINT('Ctrl Pts',(4.17197735214829,16.6497366345203,-0.4));
#15999=CARTESIAN_POINT('Ctrl Pts',(4.07743354015772,16.6882561774237,-0.4));
#16000=CARTESIAN_POINT('Ctrl Pts',(4.01657341523113,16.7,-0.4));
#16001=CARTESIAN_POINT('Ctrl Pts',(3.96492105044455,16.7,-0.4));
#16002=CARTESIAN_POINT('Ctrl Pts',(1.11507894955545,16.7,-0.4));
#16003=CARTESIAN_POINT('Ctrl Pts',(1.06342658476887,16.7,-0.4));
#16004=CARTESIAN_POINT('Ctrl Pts',(1.00256645984228,16.6882561774237,-0.4));
#16005=CARTESIAN_POINT('Ctrl Pts',(0.908022647851707,16.6497366345203,-0.4));
#16006=CARTESIAN_POINT('Ctrl Pts',(0.857379585251644,16.6165927333336,-0.4));
#16007=CARTESIAN_POINT('Ctrl Pts',(0.786178704023436,16.5464336986581,-0.4));
#16008=CARTESIAN_POINT('Ctrl Pts',(0.752767265381,16.4972892490208,-0.4));
#16009=CARTESIAN_POINT('Ctrl Pts',(0.71467553142216,16.4064975623181,-0.4));
#16010=CARTESIAN_POINT('Ctrl Pts',(0.703045999487191,16.3489366453639,-0.4));
#16011=CARTESIAN_POINT('Ctrl Pts',(0.703045999487191,16.3,-0.4));
#16012=CARTESIAN_POINT('Origin',(2.54,14.7,-1.88));
#16013=CARTESIAN_POINT('Origin',(0.54,15.9,2.5));
#16014=CARTESIAN_POINT('',(2.14,15.9,0.4));
#16015=CARTESIAN_POINT('',(0.04,15.9,0.4));
#16016=CARTESIAN_POINT('',(2.14,15.9,1.3));
#16017=CARTESIAN_POINT('',(2.14,15.9,0.4));
#16018=CARTESIAN_POINT('',(2.94,15.9,1.3));
#16019=CARTESIAN_POINT('',(2.14,15.9,1.3));
#16020=CARTESIAN_POINT('',(2.94,15.9,0.4));
#16021=CARTESIAN_POINT('',(2.94,15.9,1.3));
#16022=CARTESIAN_POINT('',(2.94,15.9,0.4));
#16023=CARTESIAN_POINT('',(2.94,15.9,-0.4));
#16024=CARTESIAN_POINT('',(5.04,15.9,-0.4));
#16025=CARTESIAN_POINT('',(2.94,15.9,-1.3));
#16026=CARTESIAN_POINT('',(2.94,15.9,-0.4));
#16027=CARTESIAN_POINT('',(2.14,15.9,-1.3));
#16028=CARTESIAN_POINT('',(2.94,15.9,-1.3));
#16029=CARTESIAN_POINT('',(2.14,15.9,-0.4));
#16030=CARTESIAN_POINT('',(2.14,15.9,-1.3));
#16031=CARTESIAN_POINT('',(2.14,15.9,-0.4));
#16032=CARTESIAN_POINT('Origin',(2.14,15.9,0.4));
#16033=CARTESIAN_POINT('',(2.14,15.9,1.3));
#16034=CARTESIAN_POINT('',(2.14,15.9,0.4));
#16035=CARTESIAN_POINT('Origin',(2.14,15.9,1.3));
#16036=CARTESIAN_POINT('',(2.94,15.9,1.3));
#16037=CARTESIAN_POINT('Origin',(2.94,15.9,1.3));
#16038=CARTESIAN_POINT('',(2.94,15.9,0.4));
#16039=CARTESIAN_POINT('Origin',(2.94,15.9,0.4));
#16040=CARTESIAN_POINT('Origin',(5.04,15.9,-0.4));
#16041=CARTESIAN_POINT('',(2.94,15.9,-0.4));
#16042=CARTESIAN_POINT('Origin',(2.94,15.9,-0.4));
#16043=CARTESIAN_POINT('',(2.94,15.9,-1.3));
#16044=CARTESIAN_POINT('Origin',(2.94,15.9,-1.3));
#16045=CARTESIAN_POINT('',(2.14,15.9,-1.3));
#16046=CARTESIAN_POINT('Origin',(2.14,15.9,-1.3));
#16047=CARTESIAN_POINT('',(2.14,15.9,-0.4));
#16048=CARTESIAN_POINT('Origin',(2.14,15.9,-0.4));
#16049=CARTESIAN_POINT('Origin',(0.04,15.9,0.4));
#16050=CARTESIAN_POINT('Origin',(3.04,1.5,-0.4));
#16051=CARTESIAN_POINT('',(3.04,-3.8,0.4));
#16052=CARTESIAN_POINT('',(3.04,1.5,0.4));
#16053=CARTESIAN_POINT('',(3.04,-3.8,-0.4));
#16054=CARTESIAN_POINT('',(3.04,-3.8,-0.4));
#16055=CARTESIAN_POINT('',(3.04,1.5,-0.4));
#16056=CARTESIAN_POINT('Origin',(3.04,-3.8,-0.4));
#16057=CARTESIAN_POINT('',(2.74,-4.8,0.4));
#16058=CARTESIAN_POINT('',(3.04,-3.8,0.4));
#16059=CARTESIAN_POINT('',(2.74,-4.8,-0.4));
#16060=CARTESIAN_POINT('',(2.74,-4.8,-0.4));
#16061=CARTESIAN_POINT('',(3.04,-3.8,-0.4));
#16062=CARTESIAN_POINT('Origin',(2.74,-4.8,-0.4));
#16063=CARTESIAN_POINT('',(2.34,-4.8,0.4));
#16064=CARTESIAN_POINT('',(2.74,-4.8,0.4));
#16065=CARTESIAN_POINT('',(2.34,-4.8,-0.4));
#16066=CARTESIAN_POINT('',(2.34,-4.8,-0.4));
#16067=CARTESIAN_POINT('',(2.74,-4.8,-0.4));
#16068=CARTESIAN_POINT('Origin',(2.34,-4.8,-0.4));
#16069=CARTESIAN_POINT('',(2.04,-3.8,0.4));
#16070=CARTESIAN_POINT('',(2.34,-4.8,0.4));
#16071=CARTESIAN_POINT('',(2.04,-3.8,-0.4));
#16072=CARTESIAN_POINT('',(2.04,-3.8,-0.4));
#16073=CARTESIAN_POINT('',(2.34,-4.8,-0.4));
#16074=CARTESIAN_POINT('Origin',(2.04,-3.8,-0.4));
#16075=CARTESIAN_POINT('',(2.04,-3.8,0.4));
#16076=CARTESIAN_POINT('',(2.04,-3.8,-0.4));
#16077=CARTESIAN_POINT('Origin',(0.54,1.5,-0.4));
#16078=CARTESIAN_POINT('Origin',(0.54,1.5,0.4));
#16079=CARTESIAN_POINT('Origin',(7.62,10.05,0.));
#16080=CARTESIAN_POINT('',(8.62,14.7,1.22464679914735E-16));
#16081=CARTESIAN_POINT('Origin',(7.62,14.7,0.));
#16082=CARTESIAN_POINT('',(8.62,10.05,1.22464679914735E-16));
#16083=CARTESIAN_POINT('',(8.62,10.05,-1.22464679914735E-16));
#16084=CARTESIAN_POINT('Origin',(7.62,10.05,0.));
#16085=CARTESIAN_POINT('Origin',(7.62,10.05,0.));
#16086=CARTESIAN_POINT('',(9.45695400051281,15.9,0.4));
#16087=CARTESIAN_POINT('',(9.5,15.9,-2.30233598239702E-16));
#16088=CARTESIAN_POINT('Origin',(7.62,15.9,0.));
#16089=CARTESIAN_POINT('',(9.45695400051281,16.3,0.4));
#16090=CARTESIAN_POINT('',(9.45695400051281,10.05,0.4));
#16091=CARTESIAN_POINT('',(5.78304599948719,16.3,0.4));
#16092=CARTESIAN_POINT('Origin',(7.62,16.3,0.));
#16093=CARTESIAN_POINT('',(5.78304599948719,15.9,0.4));
#16094=CARTESIAN_POINT('',(5.78304599948719,10.05,0.4));
#16095=CARTESIAN_POINT('',(5.78304599948719,15.9,-0.4));
#16096=CARTESIAN_POINT('Origin',(7.62,15.9,0.));
#16097=CARTESIAN_POINT('',(5.78304599948719,16.3,-0.4));
#16098=CARTESIAN_POINT('',(5.78304599948719,10.05,-0.4));
#16099=CARTESIAN_POINT('',(9.45695400051281,16.3,-0.4));
#16100=CARTESIAN_POINT('Origin',(7.62,16.3,0.));
#16101=CARTESIAN_POINT('',(9.45695400051281,15.9,-0.4));
#16102=CARTESIAN_POINT('',(9.45695400051281,10.05,-0.4));
#16103=CARTESIAN_POINT('Origin',(7.62,15.9,0.));
#16104=CARTESIAN_POINT('',(9.5,14.7,2.30233598239702E-16));
#16105=CARTESIAN_POINT('',(9.5,10.05,-2.30233598239702E-16));
#16106=CARTESIAN_POINT('Origin',(7.62,14.7,0.));
#16107=CARTESIAN_POINT('Origin',(7.62,16.7,0.));
#16108=CARTESIAN_POINT('',(7.22,16.7,-1.3));
#16109=CARTESIAN_POINT('',(7.22,16.7,-0.4));
#16110=CARTESIAN_POINT('',(7.22,16.7,-1.3));
#16111=CARTESIAN_POINT('',(8.02,16.7,-1.3));
#16112=CARTESIAN_POINT('',(8.02,16.7,-1.3));
#16113=CARTESIAN_POINT('',(8.02,16.7,-0.4));
#16114=CARTESIAN_POINT('',(8.02,16.7,-0.4));
#16115=CARTESIAN_POINT('',(9.04492105044455,16.7,-0.4));
#16116=CARTESIAN_POINT('',(10.12,16.7,-0.4));
#16117=CARTESIAN_POINT('',(6.19507894955545,16.7,-0.4));
#16118=CARTESIAN_POINT('Origin',(7.62,16.7,0.));
#16119=CARTESIAN_POINT('',(7.22,16.7,-0.4));
#16120=CARTESIAN_POINT('Origin',(7.62,16.3,0.));
#16121=CARTESIAN_POINT('',(9.04492105044455,16.7,0.4));
#16122=CARTESIAN_POINT('Ctrl Pts',(9.04492105044455,16.7,0.4));
#16123=CARTESIAN_POINT('Ctrl Pts',(9.09657341523113,16.7,0.4));
#16124=CARTESIAN_POINT('Ctrl Pts',(9.15743354015772,16.6882561774237,0.4));
#16125=CARTESIAN_POINT('Ctrl Pts',(9.25197735214829,16.6497366345203,0.4));
#16126=CARTESIAN_POINT('Ctrl Pts',(9.30262041474836,16.6165927333336,0.4));
#16127=CARTESIAN_POINT('Ctrl Pts',(9.37382129597656,16.5464336986581,0.4));
#16128=CARTESIAN_POINT('Ctrl Pts',(9.407232734619,16.4972892490208,0.4));
#16129=CARTESIAN_POINT('Ctrl Pts',(9.44532446857784,16.4064975623181,0.4));
#16130=CARTESIAN_POINT('Ctrl Pts',(9.45695400051281,16.3489366453639,0.4));
#16131=CARTESIAN_POINT('Ctrl Pts',(9.45695400051281,16.3,0.4));
#16132=CARTESIAN_POINT('',(6.19507894955545,16.7,0.4));
#16133=CARTESIAN_POINT('Origin',(7.62,16.7,0.));
#16134=CARTESIAN_POINT('Ctrl Pts',(5.78304599948719,16.3,0.4));
#16135=CARTESIAN_POINT('Ctrl Pts',(5.78304599948719,16.3489366453639,0.4));
#16136=CARTESIAN_POINT('Ctrl Pts',(5.79467553142216,16.4064975623181,0.4));
#16137=CARTESIAN_POINT('Ctrl Pts',(5.832767265381,16.4972892490208,0.4));
#16138=CARTESIAN_POINT('Ctrl Pts',(5.86617870402344,16.5464336986581,0.4));
#16139=CARTESIAN_POINT('Ctrl Pts',(5.93737958525164,16.6165927333336,0.4));
#16140=CARTESIAN_POINT('Ctrl Pts',(5.98802264785171,16.6497366345203,0.4));
#16141=CARTESIAN_POINT('Ctrl Pts',(6.08256645984228,16.6882561774237,0.4));
#16142=CARTESIAN_POINT('Ctrl Pts',(6.14342658476887,16.7,0.4));
#16143=CARTESIAN_POINT('Ctrl Pts',(6.19507894955545,16.7,0.4));
#16144=CARTESIAN_POINT('Origin',(5.62,10.05,-2.5));
#16145=CARTESIAN_POINT('',(5.62,10.05,2.5));
#16146=CARTESIAN_POINT('',(9.62,10.05,2.5));
#16147=CARTESIAN_POINT('',(5.62,10.05,2.5));
#16148=CARTESIAN_POINT('',(9.62,10.05,-2.5));
#16149=CARTESIAN_POINT('',(9.62,10.05,-2.5));
#16150=CARTESIAN_POINT('',(5.62,10.05,-2.5));
#16151=CARTESIAN_POINT('',(5.62,10.05,-2.5));
#16152=CARTESIAN_POINT('',(5.62,10.05,-2.5));
#16153=CARTESIAN_POINT('Origin',(9.62,10.05,-2.5));
#16154=CARTESIAN_POINT('',(9.62,1.5,2.5));
#16155=CARTESIAN_POINT('',(9.62,10.05,2.5));
#16156=CARTESIAN_POINT('',(9.62,1.5,-2.5));
#16157=CARTESIAN_POINT('',(9.62,1.5,-2.5));
#16158=CARTESIAN_POINT('',(9.62,10.05,-2.5));
#16159=CARTESIAN_POINT('Origin',(9.62,1.5,-2.5));
#16160=CARTESIAN_POINT('',(5.62,1.5,2.5));
#16161=CARTESIAN_POINT('',(9.62,1.5,2.5));
#16162=CARTESIAN_POINT('',(5.62,1.5,-2.5));
#16163=CARTESIAN_POINT('',(5.62,1.5,-2.5));
#16164=CARTESIAN_POINT('',(9.62,1.5,-2.5));
#16165=CARTESIAN_POINT('',(7.12,1.5,-0.4));
#16166=CARTESIAN_POINT('',(7.12,1.5,0.4));
#16167=CARTESIAN_POINT('',(7.12,1.5,-0.4));
#16168=CARTESIAN_POINT('',(8.12,1.5,0.4));
#16169=CARTESIAN_POINT('',(7.12,1.5,0.4));
#16170=CARTESIAN_POINT('',(8.12,1.5,-0.4));
#16171=CARTESIAN_POINT('',(8.12,1.5,-0.4));
#16172=CARTESIAN_POINT('',(7.12,1.5,-0.4));
#16173=CARTESIAN_POINT('Origin',(6.3,7.25,-2.5));
#16174=CARTESIAN_POINT('',(6.3,7.25,2.5));
#16175=CARTESIAN_POINT('',(8.95,7.25,2.5));
#16176=CARTESIAN_POINT('',(6.3,7.25,2.5));
#16177=CARTESIAN_POINT('',(6.3,7.25,-2.5));
#16178=CARTESIAN_POINT('',(6.3,7.25,-2.5));
#16179=CARTESIAN_POINT('',(8.95,7.25,-2.5));
#16180=CARTESIAN_POINT('',(6.3,7.25,-2.5));
#16181=CARTESIAN_POINT('',(8.95,7.25,-2.5));
#16182=CARTESIAN_POINT('Origin',(6.3,3.35,-2.5));
#16183=CARTESIAN_POINT('',(6.3,3.35,2.5));
#16184=CARTESIAN_POINT('',(6.3,3.35,2.5));
#16185=CARTESIAN_POINT('',(6.3,3.35,-2.5));
#16186=CARTESIAN_POINT('',(6.3,3.35,-2.5));
#16187=CARTESIAN_POINT('',(6.3,3.35,-2.5));
#16188=CARTESIAN_POINT('Origin',(8.95,3.35,-2.5));
#16189=CARTESIAN_POINT('',(8.95,3.35,2.5));
#16190=CARTESIAN_POINT('',(8.95,3.35,2.5));
#16191=CARTESIAN_POINT('',(8.95,3.35,-2.5));
#16192=CARTESIAN_POINT('',(8.95,3.35,-2.5));
#16193=CARTESIAN_POINT('',(8.95,3.35,-2.5));
#16194=CARTESIAN_POINT('Origin',(8.95,7.25,-2.5));
#16195=CARTESIAN_POINT('',(8.95,7.25,2.5));
#16196=CARTESIAN_POINT('',(8.95,7.25,-2.5));
#16197=CARTESIAN_POINT('Origin',(5.62,1.5,-2.5));
#16198=CARTESIAN_POINT('',(5.62,1.5,2.5));
#16199=CARTESIAN_POINT('',(5.62,1.5,-2.5));
#16200=CARTESIAN_POINT('Origin',(5.62,1.5,-2.5));
#16201=CARTESIAN_POINT('Origin',(5.62,1.5,2.5));
#16202=CARTESIAN_POINT('Origin',(7.62,16.7,0.));
#16203=CARTESIAN_POINT('',(8.02,16.7,0.4));
#16204=CARTESIAN_POINT('',(8.02,16.7,0.4));
#16205=CARTESIAN_POINT('',(8.02,16.7,1.3));
#16206=CARTESIAN_POINT('',(8.02,16.7,1.3));
#16207=CARTESIAN_POINT('',(7.22,16.7,1.3));
#16208=CARTESIAN_POINT('',(7.22,16.7,1.3));
#16209=CARTESIAN_POINT('',(7.22,16.7,0.4));
#16210=CARTESIAN_POINT('',(7.22,16.7,0.4));
#16211=CARTESIAN_POINT('',(5.12,16.7,0.4));
#16212=CARTESIAN_POINT('Origin',(7.62,16.3,0.));
#16213=CARTESIAN_POINT('Ctrl Pts',(9.45695400051281,16.3,-0.4));
#16214=CARTESIAN_POINT('Ctrl Pts',(9.45695400051281,16.3489366453639,-0.4));
#16215=CARTESIAN_POINT('Ctrl Pts',(9.44532446857784,16.4064975623181,-0.4));
#16216=CARTESIAN_POINT('Ctrl Pts',(9.407232734619,16.4972892490208,-0.4));
#16217=CARTESIAN_POINT('Ctrl Pts',(9.37382129597656,16.5464336986581,-0.4));
#16218=CARTESIAN_POINT('Ctrl Pts',(9.30262041474836,16.6165927333336,-0.4));
#16219=CARTESIAN_POINT('Ctrl Pts',(9.25197735214829,16.6497366345203,-0.4));
#16220=CARTESIAN_POINT('Ctrl Pts',(9.15743354015772,16.6882561774237,-0.4));
#16221=CARTESIAN_POINT('Ctrl Pts',(9.09657341523113,16.7,-0.4));
#16222=CARTESIAN_POINT('Ctrl Pts',(9.04492105044455,16.7,-0.4));
#16223=CARTESIAN_POINT('Ctrl Pts',(6.19507894955545,16.7,-0.4));
#16224=CARTESIAN_POINT('Ctrl Pts',(6.14342658476887,16.7,-0.4));
#16225=CARTESIAN_POINT('Ctrl Pts',(6.08256645984228,16.6882561774237,-0.4));
#16226=CARTESIAN_POINT('Ctrl Pts',(5.98802264785171,16.6497366345203,-0.4));
#16227=CARTESIAN_POINT('Ctrl Pts',(5.93737958525164,16.6165927333336,-0.4));
#16228=CARTESIAN_POINT('Ctrl Pts',(5.86617870402344,16.5464336986581,-0.4));
#16229=CARTESIAN_POINT('Ctrl Pts',(5.832767265381,16.4972892490208,-0.4));
#16230=CARTESIAN_POINT('Ctrl Pts',(5.79467553142216,16.4064975623181,-0.4));
#16231=CARTESIAN_POINT('Ctrl Pts',(5.78304599948719,16.3489366453639,-0.4));
#16232=CARTESIAN_POINT('Ctrl Pts',(5.78304599948719,16.3,-0.4));
#16233=CARTESIAN_POINT('Origin',(7.62,14.7,-1.88));
#16234=CARTESIAN_POINT('Origin',(5.62,15.9,2.5));
#16235=CARTESIAN_POINT('',(7.22,15.9,0.4));
#16236=CARTESIAN_POINT('',(5.12,15.9,0.4));
#16237=CARTESIAN_POINT('',(7.22,15.9,1.3));
#16238=CARTESIAN_POINT('',(7.22,15.9,0.4));
#16239=CARTESIAN_POINT('',(8.02,15.9,1.3));
#16240=CARTESIAN_POINT('',(7.22,15.9,1.3));
#16241=CARTESIAN_POINT('',(8.02,15.9,0.4));
#16242=CARTESIAN_POINT('',(8.02,15.9,1.3));
#16243=CARTESIAN_POINT('',(8.02,15.9,0.4));
#16244=CARTESIAN_POINT('',(8.02,15.9,-0.4));
#16245=CARTESIAN_POINT('',(10.12,15.9,-0.4));
#16246=CARTESIAN_POINT('',(8.02,15.9,-1.3));
#16247=CARTESIAN_POINT('',(8.02,15.9,-0.4));
#16248=CARTESIAN_POINT('',(7.22,15.9,-1.3));
#16249=CARTESIAN_POINT('',(8.02,15.9,-1.3));
#16250=CARTESIAN_POINT('',(7.22,15.9,-0.4));
#16251=CARTESIAN_POINT('',(7.22,15.9,-1.3));
#16252=CARTESIAN_POINT('',(7.22,15.9,-0.4));
#16253=CARTESIAN_POINT('Origin',(7.22,15.9,0.4));
#16254=CARTESIAN_POINT('',(7.22,15.9,1.3));
#16255=CARTESIAN_POINT('',(7.22,15.9,0.4));
#16256=CARTESIAN_POINT('Origin',(7.22,15.9,1.3));
#16257=CARTESIAN_POINT('',(8.02,15.9,1.3));
#16258=CARTESIAN_POINT('Origin',(8.02,15.9,1.3));
#16259=CARTESIAN_POINT('',(8.02,15.9,0.4));
#16260=CARTESIAN_POINT('Origin',(8.02,15.9,0.4));
#16261=CARTESIAN_POINT('Origin',(10.12,15.9,-0.4));
#16262=CARTESIAN_POINT('',(8.02,15.9,-0.4));
#16263=CARTESIAN_POINT('Origin',(8.02,15.9,-0.4));
#16264=CARTESIAN_POINT('',(8.02,15.9,-1.3));
#16265=CARTESIAN_POINT('Origin',(8.02,15.9,-1.3));
#16266=CARTESIAN_POINT('',(7.22,15.9,-1.3));
#16267=CARTESIAN_POINT('Origin',(7.22,15.9,-1.3));
#16268=CARTESIAN_POINT('',(7.22,15.9,-0.4));
#16269=CARTESIAN_POINT('Origin',(7.22,15.9,-0.4));
#16270=CARTESIAN_POINT('Origin',(5.12,15.9,0.4));
#16271=CARTESIAN_POINT('Origin',(8.12,1.5,-0.4));
#16272=CARTESIAN_POINT('',(8.12,-3.8,0.4));
#16273=CARTESIAN_POINT('',(8.12,1.5,0.4));
#16274=CARTESIAN_POINT('',(8.12,-3.8,-0.4));
#16275=CARTESIAN_POINT('',(8.12,-3.8,-0.4));
#16276=CARTESIAN_POINT('',(8.12,1.5,-0.4));
#16277=CARTESIAN_POINT('Origin',(8.12,-3.8,-0.4));
#16278=CARTESIAN_POINT('',(7.82,-4.8,0.4));
#16279=CARTESIAN_POINT('',(8.12,-3.8,0.4));
#16280=CARTESIAN_POINT('',(7.82,-4.8,-0.4));
#16281=CARTESIAN_POINT('',(7.82,-4.8,-0.4));
#16282=CARTESIAN_POINT('',(8.12,-3.8,-0.4));
#16283=CARTESIAN_POINT('Origin',(7.82,-4.8,-0.4));
#16284=CARTESIAN_POINT('',(7.42,-4.8,0.4));
#16285=CARTESIAN_POINT('',(7.82,-4.8,0.4));
#16286=CARTESIAN_POINT('',(7.42,-4.8,-0.4));
#16287=CARTESIAN_POINT('',(7.42,-4.8,-0.4));
#16288=CARTESIAN_POINT('',(7.82,-4.8,-0.4));
#16289=CARTESIAN_POINT('Origin',(7.42,-4.8,-0.4));
#16290=CARTESIAN_POINT('',(7.12,-3.8,0.4));
#16291=CARTESIAN_POINT('',(7.42,-4.8,0.4));
#16292=CARTESIAN_POINT('',(7.12,-3.8,-0.4));
#16293=CARTESIAN_POINT('',(7.12,-3.8,-0.4));
#16294=CARTESIAN_POINT('',(7.42,-4.8,-0.4));
#16295=CARTESIAN_POINT('Origin',(7.12,-3.8,-0.4));
#16296=CARTESIAN_POINT('',(7.12,-3.8,0.4));
#16297=CARTESIAN_POINT('',(7.12,-3.8,-0.4));
#16298=CARTESIAN_POINT('Origin',(5.62,1.5,-0.4));
#16299=CARTESIAN_POINT('Origin',(5.62,1.5,0.4));
#16300=UNCERTAINTY_MEASURE_WITH_UNIT(LENGTH_MEASURE(0.01),#16304,
'DISTANCE_ACCURACY_VALUE',
'Maximum model space distance between geometric entities at asserted c
onnectivities');
#16301=UNCERTAINTY_MEASURE_WITH_UNIT(LENGTH_MEASURE(0.01),#16304,
'DISTANCE_ACCURACY_VALUE',
'Maximum model space distance between geometric entities at asserted c
onnectivities');
#16302=(
GEOMETRIC_REPRESENTATION_CONTEXT(3)
GLOBAL_UNCERTAINTY_ASSIGNED_CONTEXT((#16300))
GLOBAL_UNIT_ASSIGNED_CONTEXT((#16304,#16306,#16307))
REPRESENTATION_CONTEXT('','3D')
);
#16303=(
GEOMETRIC_REPRESENTATION_CONTEXT(3)
GLOBAL_UNCERTAINTY_ASSIGNED_CONTEXT((#16301))
GLOBAL_UNIT_ASSIGNED_CONTEXT((#16304,#16306,#16307))
REPRESENTATION_CONTEXT('','3D')
);
#16304=(
LENGTH_UNIT()
NAMED_UNIT(*)
SI_UNIT(.MILLI.,.METRE.)
);
#16305=(
LENGTH_UNIT()
NAMED_UNIT(*)
SI_UNIT(.CENTI.,.METRE.)
);
#16306=(
NAMED_UNIT(*)
PLANE_ANGLE_UNIT()
SI_UNIT($,.RADIAN.)
);
#16307=(
NAMED_UNIT(*)
SI_UNIT($,.STERADIAN.)
SOLID_ANGLE_UNIT()
);
#16308=SHAPE_DEFINITION_REPRESENTATION(#16309,#16310);
#16309=PRODUCT_DEFINITION_SHAPE('',$,#16312);
#16310=SHAPE_REPRESENTATION('',(#9247),#16302);
#16311=PRODUCT_DEFINITION_CONTEXT('part definition',#16316,'design');
#16312=PRODUCT_DEFINITION('tbj05-02-1-g-g','tbj05-02-1-g-g',#16313,#16311);
#16313=PRODUCT_DEFINITION_FORMATION(' NONE',$,#16318);
#16314=PRODUCT_RELATED_PRODUCT_CATEGORY('tbj05-02-1-g-g',
'tbj05-02-1-g-g',(#16318));
#16315=APPLICATION_PROTOCOL_DEFINITION('international standard',
'automotive_design',2009,#16316);
#16316=APPLICATION_CONTEXT(
'Core Data for Automotive Mechanical Design Process');
#16317=PRODUCT_CONTEXT('part definition',#16316,'mechanical');
#16318=PRODUCT('tbj05-02-1-g-g','tbj05-02-1-g-g','STEP AP203',(#16317));
#16319=PRESENTATION_STYLE_ASSIGNMENT((#16321));
#16320=PRESENTATION_STYLE_ASSIGNMENT((#16322));
#16321=SURFACE_STYLE_USAGE(.BOTH.,#16327);
#16322=SURFACE_STYLE_USAGE(.BOTH.,#16328);
#16323=SURFACE_STYLE_RENDERING_WITH_PROPERTIES($,#16335,(#16325));
#16324=SURFACE_STYLE_RENDERING_WITH_PROPERTIES($,#16336,(#16326));
#16325=SURFACE_STYLE_TRANSPARENT(0.);
#16326=SURFACE_STYLE_TRANSPARENT(0.);
#16327=SURFACE_SIDE_STYLE('',(#16329,#16323));
#16328=SURFACE_SIDE_STYLE('',(#16330,#16324));
#16329=SURFACE_STYLE_FILL_AREA(#16331);
#16330=SURFACE_STYLE_FILL_AREA(#16332);
#16331=FILL_AREA_STYLE('',(#16333));
#16332=FILL_AREA_STYLE('',(#16334));
#16333=FILL_AREA_STYLE_COLOUR('',#16335);
#16334=FILL_AREA_STYLE_COLOUR('',#16336);
#16335=COLOUR_RGB('',0.749019607843137,0.749019607843137,0.749019607843137);
#16336=COLOUR_RGB('',0.129411764705882,0.541176470588235,0.129411764705882);
ENDSEC;
END-ISO-10303-21;
